"ReviewLink","ReviewTitle","Const","Your.Rating","Date.Rated","Title","Title.Type","IMDb.Rating","Runtime","Year","Num.Votes","Decade","Seen"
"https://www.rogerebert.com/reviews/great-movie-the-fall-of-the-house-of-usher-1928","The Fall of the House of Usher","tt0018770",8,"2021-07-09","La chute de la maison Usher","movie",7.3,72,1928,4357,"1920s","Yes"
"https://www.rogerebert.com/reviews/great-movie-cabiria-1914","Cabiria","tt0003740",NA,NA,"Cabiria","movie",7.1,148,1914,3833,"1910s","No"
"https://www.rogerebert.com/reviews/great-movie-the-birth-of-a-nation-1915","The Birth of a Nation","tt0004972",NA,NA,"The Birth of a Nation","movie",6.2,195,1915,25908,"1910s","No"
"https://www.rogerebert.com/reviews/great-movie-broken-blossoms-1919","Broken Blossoms","tt0009968",NA,NA,"Broken Blossoms or The Yellow Man and the Girl","movie",7.2,90,1919,10883,"1910s","No"
"https://www.rogerebert.com/reviews/great-movie-the-cabinet-of-dr-caligari-1920","The Cabinet of Dr. Caligari","tt0010323",9,"2021-07-11","Das Cabinet des Dr. Caligari","movie",8,76,1920,68426,"1920s","Yes"
"https://www.rogerebert.com/reviews/great-movie-nanook-of-the-north-1922","Nanook of the North","tt0013427",7,"2021-09-17","Nanook of the North","movie",7.6,78,1922,13158,"1920s","Yes"
"https://www.rogerebert.com/reviews/great-movie-nosferatu-1922","Nosferatu","tt0013442",8,"2021-09-17","Nosferatu, eine Symphonie des Grauens","movie",7.9,94,1922,103182,"1920s","Yes"
"https://www.rogerebert.com/reviews/great-movie-safety-last-1923","Safety Last","tt0014429",8,"2023-09-20","Safety Last!","movie",8.1,74,1923,22271,"1920s","Yes"
"https://www.rogerebert.com/reviews/souls-for-sale-1923","Souls For Sale","tt0014497",7,"2023-10-06","Souls for Sale","movie",7,90,1923,1055,"1920s","Yes"
"https://www.rogerebert.com/reviews/great-movie-the-last-laugh-1924","The Last Laugh","tt0015064",NA,NA,"Der letzte Mann","movie",8,77,1924,14885,"1920s","No"
"https://www.rogerebert.com/reviews/great-movie-the-battleship-potemkin-1925","The Battleship Potemkin","tt0015648",9,"2023-09-27","Bronenosets Potemkin","movie",7.9,75,1925,60457,"1920s","Yes"
"https://www.rogerebert.com/reviews/great-movie-greed-1925","Greed","tt0015881",NA,NA,"Greed","movie",8,140,1924,10558,"1920s","No"
"https://www.rogerebert.com/reviews/great-movie-the-phantom-of-the-opera-1925","The Phantom of the Opera","tt0016220",NA,NA,"The Phantom of the Opera","movie",7.5,93,1925,19732,"1920s","No"
"https://www.rogerebert.com/reviews/great-movie-faust-1926","Faust","tt0016847",6,"2021-07-11","Faust: Eine deutsche Volkssage","movie",8.1,107,1926,16263,"1920s","Yes"
"https://www.rogerebert.com/reviews/great-movie-metropolis-2010-restoration-1927","Metropolis","tt0017136",10,"2021-07-11","Metropolis","movie",8.3,153,1927,181793,"1920s","Yes"
"https://www.rogerebert.com/reviews/great-movie-the-general-1927","The General","tt0017925",NA,NA,"The General","movie",8.1,78,1926,96152,"1920s","No"
"https://www.rogerebert.com/reviews/great-movie-sunrise-1928","Sunrise","tt0018455",9,"2022-12-08","Sunrise: A Song of Two Humans","movie",8.1,94,1927,53081,"1920s","Yes"
"https://www.rogerebert.com/reviews/great-movie-pandoras-box-1928","Pandora's Box","tt0018737",NA,NA,"Die Büchse der Pandora","movie",7.8,109,1929,11556,"1920s","No"
"https://www.rogerebert.com/reviews/great-movie-the-circus-1928","The Circus","tt0018773",NA,NA,"The Circus","movie",8.1,72,1928,35421,"1920s","No"
"https://www.rogerebert.com/reviews/great-movie-the-man-who-laughs-1928","The Man Who Laughs","tt0019130",8,"2023-10-24","The Man Who Laughs","movie",7.6,110,1928,7753,"1920s","Yes"
"https://www.rogerebert.com/reviews/great-movie-the-passion-of-joan-of-arc-1928","The Passion of Joan of Arc","tt0019254",10,"2023-09-11","La passion de Jeanne d'Arc","movie",8.1,110,1928,58996,"1920s","Yes"
"https://www.rogerebert.com/reviews/great-movie-man-with-a-movie-camera-1929","Man With a Movie Camera","tt0019760",NA,NA,"Chelovek s kino-apparatom","movie",8.3,68,1929,27288,"1920s","No"
"https://www.rogerebert.com/reviews/great-movie-diary-of-a-lost-girl-1929","Diary of a Lost Girl","tt0020475",NA,NA,"Tagebuch einer Verlorenen","movie",7.8,104,1929,4727,"1920s","No"
"https://www.rogerebert.com/reviews/great-movie-un-chien-andalou-1928","Un Chien Andalou","tt0020530",8,"2023-10-24","Un chien andalou","short",7.6,16,1929,52841,"1920s","Yes"
"https://www.rogerebert.com/reviews/great-movie-city-lights-1931","City Lights","tt0021749",NA,NA,"City Lights","movie",8.5,87,1931,192330,"1930s","No"
"https://www.rogerebert.com/reviews/great-movie-dracula-1931","Dracula","tt0021814",8,"2021-07-09","Dracula","movie",7.4,75,1931,57262,"1930s","Yes"
"https://www.rogerebert.com/reviews/great-movie-m-1931","M","tt0022100",9,"2021-07-09","M - Eine Stadt sucht einen Mörder","movie",8.3,117,1931,165192,"1930s","Yes"
"https://www.rogerebert.com/reviews/great-movie-trouble-in-paradise-1932","Trouble in Paradise","tt0023622",NA,NA,"Trouble in Paradise","movie",7.9,83,1932,15817,"1930s","No"
"https://www.rogerebert.com/reviews/great-movie-duck-soup-1933","Duck Soup","tt0023969",NA,NA,"Duck Soup","movie",7.8,69,1933,62052,"1930s","No"
"https://www.rogerebert.com/reviews/great-movie-king-kong-1933","King Kong","tt0024216",8,"2021-07-09","King Kong","movie",7.9,100,1933,89342,"1930s","Yes"
"https://www.rogerebert.com/reviews/great-movie-latalante-1934","L'Atalante","tt0024844",NA,NA,"L'Atalante","movie",7.7,89,1934,17121,"1930s","No"
"https://www.rogerebert.com/reviews/great-movie-the-scarlet-empress-1934","The Scarlet Empress","tt0025746",NA,NA,"The Scarlet Empress","movie",7.5,104,1934,7089,"1930s","No"
"https://www.rogerebert.com/reviews/great-movie-the-thin-man-1934","The Thin Man","tt0025878",7,"2021-07-09","The Thin Man","movie",7.9,91,1934,31838,"1930s","Yes"
"https://www.rogerebert.com/reviews/great-movie-triumph-of-the-will-1935","Triumph of the Will","tt0025913",8,"2023-09-20","Triumph des Willens","movie",7.1,114,1935,18065,"1930s","Yes"
"https://www.rogerebert.com/reviews/great-movie-bride-of-frankenstein","Bride of Frankenstein","tt0026138",9,"2021-07-11","Bride of Frankenstein","movie",7.8,75,1935,52044,"1930s","Yes"
"https://www.rogerebert.com/reviews/great-movie-top-hat-1935","Top Hat","tt0027125",6,"2021-07-09","Top Hat","movie",7.7,101,1935,20297,"1930s","Yes"
"https://www.rogerebert.com/reviews/great-movie-the-only-son-1936","The Only Son","tt0027752",NA,NA,"Hitori musuko","movie",7.7,87,1936,3915,"1930s","No"
"https://www.rogerebert.com/reviews/great-movie-my-man-godfrey-1936","My Man Godfrey","tt0028010",8,"2022-04-04","My Man Godfrey","movie",7.9,94,1936,25851,"1930s","Yes"
"https://www.rogerebert.com/reviews/great-movie-swing-time-1936","Swing Time","tt0028333",NA,NA,"Swing Time","movie",7.5,103,1936,14371,"1930s","No"
"https://www.rogerebert.com/reviews/great-movie-grand-illusion-1937","Grand Illusion","tt0028950",NA,NA,"La grande illusion","movie",8.1,113,1937,38266,"1930s","No"
"https://www.rogerebert.com/reviews/make-way-for-tomorrow-1937","Make Way for Tomorrow","tt0029192",NA,NA,"Make Way for Tomorrow","movie",8.2,91,1937,9231,"1930s","No"
"https://www.rogerebert.com/reviews/great-movie-snow-white-and-the-seven-dwarfs-1937","Snow White and the Seven Dwarfs","tt0029583",7,"2021-07-09","Snow White and the Seven Dwarfs","movie",7.6,83,1937,210607,"1930s","Yes"
"https://www.rogerebert.com/reviews/great-movie-the-adventures-of-robin-hood-1938","The Adventures of Robin Hood","tt0029843",NA,NA,"The Adventures of Robin Hood","movie",7.9,102,1938,53583,"1930s","No"
"https://www.rogerebert.com/reviews/great-movie-gone-with-the-wind-1939","Gone With the Wind","tt0031381",7,"2022-01-16","Gone with the Wind","movie",8.2,238,1939,328040,"1930s","Yes"
"https://www.rogerebert.com/reviews/great-movie-the-rules-of-the-game-1939","The Rules of the Game","tt0031885",NA,NA,"La règle du jeu","movie",7.9,110,1939,30689,"1930s","No"
"https://www.rogerebert.com/reviews/great-movie-stagecoach-1939","Stagecoach","tt0031971",7,"2022-03-29","Stagecoach","movie",7.8,96,1939,52496,"1930s","Yes"
"https://www.rogerebert.com/reviews/great-movie-the-wizard-of-oz-1939","The Wizard of Oz","tt0032138",10,"2021-07-09","The Wizard of Oz","movie",8.1,102,1939,418886,"1930s","Yes"
"https://www.rogerebert.com/reviews/great-movie-the-bank-dick-1940","The Bank Dick","tt0032234",NA,NA,"The Bank Dick","movie",7.1,72,1940,7705,"1940s","No"
"https://www.rogerebert.com/reviews/great-movie-the-grapes-of-wrath-1940","The Grapes of Wrath","tt0032551",7,"2023-08-29","The Grapes of Wrath","movie",8.1,129,1940,98144,"1940s","Yes"
"https://www.rogerebert.com/reviews/great-movie-the-great-dictator-1940","The Great Dictator","tt0032553",9,"2023-07-07","The Great Dictator","movie",8.4,125,1940,233220,"1940s","Yes"
"https://www.rogerebert.com/reviews/great-movie-pinocchio-1940","Pinocchio","tt0032910",7,"2021-07-09","Pinocchio","movie",7.5,88,1940,156273,"1940s","Yes"
"https://www.rogerebert.com/reviews/the-thief-of-bagdad-1940","The Thief of Bagdad","tt0033152",5,"2023-09-10","The Thief of Bagdad","movie",7.4,106,1940,14089,"1940s","Yes"
"https://www.rogerebert.com/reviews/great-movie-citizen-kane-1941","Citizen Kane","tt0033467",8,"2021-07-09","Citizen Kane","movie",8.3,119,1941,457405,"1940s","Yes"
"https://www.rogerebert.com/reviews/great-movie-the-lady-eve-1941","The Lady Eve","tt0033804",6,"2021-07-09","The Lady Eve","movie",7.7,94,1941,22888,"1940s","Yes"
"https://www.rogerebert.com/reviews/great-movie-the-maltese-falcon-1941","The Maltese Falcon","tt0033870",8,"2021-07-09","The Maltese Falcon","movie",8,100,1941,164293,"1940s","Yes"
"https://www.rogerebert.com/reviews/great-movie-casablanca-1942","Casablanca","tt0034583",9,"2021-07-09","Casablanca","movie",8.5,102,1942,594683,"1940s","Yes"
"https://www.rogerebert.com/reviews/great-movie-cat-people-1942","Cat People","tt0034587",8,"2021-07-11","Cat People","movie",7.2,73,1942,25323,"1940s","Yes"
"https://www.rogerebert.com/reviews/great-movie-yankee-doodle-dandy-1942","Yankee Doodle Dandy","tt0035575",NA,NA,"Yankee Doodle Dandy","movie",7.6,126,1942,16615,"1940s","No"
"https://www.rogerebert.com/reviews/great-movie-the-life-and-death-of-colonel-blimp-1943","The Life and Death of Colonel Blimp","tt0036112",9,"2022-08-24","The Life and Death of Colonel Blimp","movie",8,163,1943,15891,"1940s","Yes"
"https://www.rogerebert.com/reviews/great-movie-shadow-of-a-doubt-1943","Shadow of a Doubt","tt0036342",7,"2021-07-09","Shadow of a Doubt","movie",7.8,108,1943,69124,"1940s","Yes"
"https://www.rogerebert.com/reviews/great-movie-double-indemnity-1944","Double Indemnity","tt0036775",9,"2022-11-13","Double Indemnity","movie",8.3,107,1944,164119,"1940s","Yes"
"https://www.rogerebert.com/reviews/the-best-years-of-our-lives-1946","The Best Years of Our Lives","tt0036868",9,"2022-03-26","The Best Years of Our Lives","movie",8.1,170,1946,68781,"1940s","Yes"
"https://www.rogerebert.com/reviews/great-movie-laura-1944","Laura","tt0037008",8,"2021-07-09","Laura","movie",7.9,88,1944,50007,"1940s","Yes"
"https://www.rogerebert.com/reviews/great-movie-detour-1945","Detour","tt0037638",8,"2022-12-15","Detour","movie",7.3,66,1945,19001,"1940s","Yes"
"https://www.rogerebert.com/reviews/great-movie-children-of-paradise-1945","Children of Paradise","tt0037674",NA,NA,"Les enfants du paradis","movie",8.3,189,1945,20809,"1940s","No"
"https://www.rogerebert.com/reviews/great-movie-ivan-the-terrible-parts-i-and-ii","Ivan the Terrible, Parts I & II","tt0037824",8,"2023-10-09","Ivan Groznyy","movie",7.7,103,1944,10620,"1940s","Yes"
"https://www.rogerebert.com/reviews/great-movie-beauty-and-the-beast-1946","Beauty and the Beast","tt0038348",9,"2023-06-04","La Belle et la Bête","movie",7.9,96,1946,27650,"1940s","Yes"
"https://www.rogerebert.com/reviews/great-movie-the-big-sleep-1946","The Big Sleep","tt0038355",7,"2021-07-09","The Big Sleep","movie",7.9,114,1946,89084,"1940s","Yes"
"https://www.rogerebert.com/reviews/great-movie-great-expectations-1946","Great Expectations","tt0038574",9,"2023-09-09","Great Expectations","movie",7.8,118,1946,25824,"1940s","Yes"
"https://www.rogerebert.com/reviews/great-movie-its-a-wonderful-life-1946","It's a Wonderful Life","tt0038650",8,"2021-07-09","It's a Wonderful Life","movie",8.6,130,1946,481670,"1940s","Yes"
"https://www.rogerebert.com/reviews/great-movie-my-darling-clementine-1946","My Darling Clementine","tt0038762",NA,NA,"My Darling Clementine","movie",7.7,97,1946,25133,"1940s","No"
"https://www.rogerebert.com/reviews/great-movie-notorious-1946","Notorious","tt0038787",7,"2021-07-09","Notorious","movie",7.9,102,1946,105333,"1940s","Yes"
"https://www.rogerebert.com/reviews/great-movie-out-of-the-past-1947","Out of the Past","tt0039689",8,"2022-10-20","Out of the Past","movie",8,97,1947,39916,"1940s","Yes"
"https://www.rogerebert.com/reviews/great-movie-the-bicycle-thief--bicycle-thieves-1949","The Bicycle Thief","tt0040522",9,"2023-08-10","Ladri di biciclette","movie",8.3,89,1948,171334,"1940s","Yes"
"https://www.rogerebert.com/reviews/great-movie-red-river-1948","Red River","tt0040724",9,"2023-05-23","Red River","movie",7.8,133,1948,33443,"1940s","Yes"
"https://www.rogerebert.com/reviews/the-red-shoes-1948","The Red Shoes","tt0040725",10,"2023-05-18","The Red Shoes","movie",8.1,135,1948,37898,"1940s","Yes"
"https://www.rogerebert.com/reviews/great-movie-the-treasure-of-the-sierra-madre-1948","The Treasure of the Sierra Madre","tt0040897",7,"2022-04-06","The Treasure of the Sierra Madre","movie",8.2,126,1948,130292,"1940s","Yes"
"https://www.rogerebert.com/reviews/great-movie-late-spring-1972","Late Spring","tt0041154",NA,NA,"Banshun","movie",8.2,108,1949,18542,"1940s","No"
"https://www.rogerebert.com/reviews/great-movie-kind-hearts-and-coronets-1949","Kind Hearts and Coronets","tt0041546",7,"2023-05-22","Kind Hearts and Coronets","movie",8,106,1949,39085,"1940s","Yes"
"https://www.rogerebert.com/reviews/great-movie-orpheus-1949","Orpheus","tt0041719",NA,NA,"Orphée","movie",7.9,112,1950,13108,"1950s","No"
"https://www.rogerebert.com/reviews/great-movie-the-third-man-1949","The Third Man","tt0041959",8,"2022-01-01","The Third Man","movie",8.1,104,1949,178550,"1940s","Yes"
"https://www.rogerebert.com/reviews/great-movie-all-about-eve-1950","All About Eve","tt0042192",9,"2023-07-14","All About Eve","movie",8.2,138,1950,136402,"1950s","Yes"
"https://www.rogerebert.com/reviews/in-a-lonely-place-1950","In a Lonely Place","tt0042593",9,"2022-12-08","In a Lonely Place","movie",7.9,94,1950,34140,"1950s","Yes"
"https://www.rogerebert.com/reviews/great-movie-diary-of-a-country-priest-1951","Diary of a Country Priest","tt0042619",NA,NA,"Journal d'un curé de campagne","movie",7.8,115,1951,12337,"1950s","No"
"https://www.rogerebert.com/reviews/great-movie-rashomon-1950","Rashomon","tt0042876",7,"2022-07-30","Rashômon","movie",8.2,88,1950,176584,"1950s","Yes"
"https://www.rogerebert.com/reviews/great-movie-sunset-boulevard-1950","Sunset Boulevard","tt0043014",8,"2021-07-09","Sunset Blvd.","movie",8.4,110,1950,231705,"1950s","Yes"
"https://www.rogerebert.com/reviews/great-movie-ace-in-the-hole-1951","Ace in the Hole","tt0043338",6,"2023-07-14","Ace in the Hole","movie",8.1,111,1951,38336,"1950s","Yes"
"https://www.rogerebert.com/reviews/great-movie-forbidden-games-1952","Forbidden Games","tt0043686",NA,NA,"Jeux interdits","movie",8,86,1952,12876,"1950s","No"
"https://www.rogerebert.com/reviews/great-movie-the-river-le-fleuve-1951","The River (Le Fleuve)","tt0043972",NA,NA,"The River","movie",7.4,99,1951,6712,"1950s","No"
"https://www.rogerebert.com/reviews/great-movie-strangers-on-a-train-1951","Strangers on a Train","tt0044079",8,"2022-01-06","Strangers on a Train","movie",7.9,101,1951,138923,"1950s","Yes"
"https://www.rogerebert.com/reviews/great-movie-ikiru-1952","Ikiru","tt0044741",9,"2023-05-11","Ikiru","movie",8.3,143,1952,84723,"1950s","Yes"
"https://www.rogerebert.com/reviews/great-movie-the-life-of-oharu-1952","The Life of Oharu","tt0045112",NA,NA,"Saikaku ichidai onna","movie",8.1,148,1952,7466,"1950s","No"
"https://www.rogerebert.com/reviews/great-movie-singin-in-the-rain-1952","Singin' in the Rain","tt0045152",6,"2021-11-04","Singin' in the Rain","movie",8.3,103,1952,254699,"1950s","Yes"
"https://www.rogerebert.com/reviews/great-movie-umberto-d-1952","Umberto D","tt0045274",9,"2023-10-05","Umberto D.","movie",8.2,89,1952,27487,"1950s","Yes"
"https://www.rogerebert.com/reviews/great-movie-the-band-wagon-1953","The Band Wagon","tt0045537",6,"2023-06-14","The Band Wagon","movie",7.4,112,1953,12202,"1950s","Yes"
"https://www.rogerebert.com/reviews/great-movie-the-big-heat-1953","The Big Heat","tt0045555",10,"2023-10-25","The Big Heat","movie",7.9,89,1953,28394,"1950s","Yes"
"https://www.rogerebert.com/reviews/great-movie-the-earrings-of-madame-de-1953","The Earrings of Madame de...","tt0046022",8,"2023-05-25","Madame de...","movie",7.9,105,1953,10827,"1950s","Yes"
"https://www.rogerebert.com/reviews/great-movie-shane-1953","Shane","tt0046303",NA,NA,"Shane","movie",7.6,118,1953,43253,"1950s","No"
"https://www.rogerebert.com/reviews/great-movie-beat-the-devil-1954","Beat the Devil","tt0046414",NA,NA,"Beat the Devil","movie",6.4,89,1953,10109,"1950s","No"
"https://www.rogerebert.com/reviews/great-movie-tokyo-story-1953","Tokyo Story","tt0046438",9,"2023-08-10","Tôkyô monogatari","movie",8.1,136,1953,66323,"1950s","Yes"
"https://www.rogerebert.com/reviews/great-movie-touchez-pas-au-grisbi-1954","Touchez Pas au Grisbi","tt0046451",NA,NA,"Touchez pas au grisbi","movie",7.7,96,1954,8360,"1950s","No"
"https://www.rogerebert.com/reviews/great-movie-ugetsu-1953","Ugetsu","tt0046478",9,"2023-09-29","Ugetsu monogatari","movie",8.2,96,1953,25148,"1950s","Yes"
"https://www.rogerebert.com/reviews/great-movie-mr-hulots-holiday-1953","Mr. Hulot's Holiday","tt0046487",NA,NA,"Les vacances de Monsieur Hulot","movie",7.3,114,1953,19796,"1950s","No"
"https://www.rogerebert.com/reviews/great-movie-french-cancan-1954","French Cancan","tt0046998",NA,NA,"French Cancan","movie",7.3,102,1955,4363,"1950s","No"
"https://www.rogerebert.com/reviews/johnny-guitar-1954","Johnny Guitar","tt0047136",NA,NA,"Johnny Guitar","movie",7.6,110,1954,19171,"1950s","No"
"https://www.rogerebert.com/reviews/great-movie-on-the-waterfront-1954","On the Waterfront","tt0047296",9,"2022-08-06","On the Waterfront","movie",8.1,108,1954,161468,"1950s","Yes"
"https://www.rogerebert.com/reviews/great-movie-rear-window-1954","Rear Window","tt0047396",9,"2021-07-09","Rear Window","movie",8.5,112,1954,511755,"1950s","Yes"
"https://www.rogerebert.com/reviews/great-movie-sansho-the-bailiff-1954","Sansho the Bailiff","tt0047445",NA,NA,"Sanshô dayû","movie",8.4,124,1954,17750,"1950s","No"
"https://www.rogerebert.com/reviews/great-movie-senso-1954","Senso","tt0047469",NA,NA,"Senso","movie",7.4,123,1954,7362,"1950s","No"
"https://www.rogerebert.com/reviews/great-movie-the-seven-samurai-1954","The Seven Samurai","tt0047478",8,"2022-09-04","Shichinin no samurai","movie",8.6,207,1954,359838,"1950s","Yes"
"https://www.rogerebert.com/reviews/great-movie-bob-le-flambeur-1955","Bob le Flambeur","tt0047892",NA,NA,"Bob le flambeur","movie",7.6,98,1956,13086,"1950s","No"
"https://www.rogerebert.com/reviews/great-movie-rififi-1954","Rififi","tt0048021",NA,NA,"Du rififi chez les hommes","movie",8.1,118,1955,36208,"1950s","No"
"https://www.rogerebert.com/reviews/great-movie-the-night-of-the-hunter-1955","The Night of the Hunter","tt0048424",9,"2021-07-09","The Night of the Hunter","movie",8,92,1955,95185,"1950s","Yes"
"https://www.rogerebert.com/reviews/great-movie-ordet-1955","Ordet","tt0048452",NA,NA,"Ordet","movie",8.3,126,1955,16982,"1950s","No"
"https://www.rogerebert.com/reviews/great-movie-the-apu-trilogy-1959","The Apu Trilogy","tt0048473",NA,NA,"Pather Panchali","movie",8.2,125,1955,36693,"1950s","No"
"https://www.rogerebert.com/reviews/great-movie-rebel-without-a-cause-1955","Rebel Without a Cause","tt0048545",8,"2021-07-09","Rebel Without a Cause","movie",7.6,111,1955,96124,"1950s","Yes"
"https://www.rogerebert.com/reviews/great-movie-smiles-of-a-summer-night-1955","Smiles of a Summer Night","tt0048641",NA,NA,"Sommarnattens leende","movie",7.7,109,1955,14428,"1950s","No"
"https://www.rogerebert.com/reviews/great-movie-the-apu-trilogy-1959","The Apu Trilogy","tt0048956",NA,NA,"Aparajito","movie",8.2,110,1956,15548,"1950s","No"
"https://www.rogerebert.com/reviews/great-movie-the-killing-1956","The Killing","tt0049406",8,"2022-02-03","The Killing","movie",7.9,84,1956,95271,"1950s","Yes"
"https://www.rogerebert.com/reviews/great-movie-the-searchers-1956","The Searchers","tt0049730",NA,NA,"The Searchers","movie",7.8,119,1956,94403,"1950s","No"
"https://www.rogerebert.com/reviews/great-movie-a-man-escaped-1956","A Man Escaped","tt0049902",NA,NA,"Un condamné à mort s'est échappé ou Le vent souffle où il veut","movie",8.2,101,1956,24253,"1950s","No"
"https://www.rogerebert.com/reviews/great-movie-written-on-the-wind-1956","Written on the Wind","tt0049966",NA,NA,"Written on the Wind","movie",7.4,99,1956,12998,"1950s","No"
"https://www.rogerebert.com/reviews/great-movie-12-angry-men-1957","12 Angry Men","tt0050083",9,"2021-07-09","12 Angry Men","movie",9,96,1957,839248,"1950s","Yes"
"https://www.rogerebert.com/reviews/great-movie-the-bridge-on-the-river-kwai-1957","The Bridge on the River Kwai","tt0050212",7,"2021-09-16","The Bridge on the River Kwai","movie",8.1,161,1957,229602,"1950s","Yes"
"https://www.rogerebert.com/reviews/great-movie-mon-oncle-1958","Mon Oncle","tt0050706",7,"2021-07-14","Mon oncle","movie",7.7,116,1958,23777,"1950s","Yes"
"https://www.rogerebert.com/reviews/great-movie-nights-of-cabiria-1957","Nights of Cabiria","tt0050783",8,"2022-06-26","Le notti di Cabiria","movie",8.1,110,1957,51213,"1950s","Yes"
"https://www.rogerebert.com/reviews/great-movie-paths-of-glory-1957","Paths of Glory","tt0050825",9,"2023-02-02","Paths of Glory","movie",8.4,88,1957,207516,"1950s","Yes"
"https://www.rogerebert.com/reviews/great-movie-the-seventh-seal-1957","The Seventh Seal","tt0050976",7,"2022-04-05","Det sjunde inseglet","movie",8.1,96,1957,194286,"1950s","Yes"
"https://www.rogerebert.com/reviews/great-movie-the-sweet-smell-of-success-1957","The Sweet Smell of Success","tt0051036",9,"2022-11-21","Sweet Smell of Success","movie",8,96,1957,34776,"1950s","Yes"
"https://www.rogerebert.com/reviews/great-movie-ivan-the-terrible-parts-i-and-ii","Ivan the Terrible, Parts I & II","tt0051790",7,"2023-11-06","Ivan Groznyy. Skaz vtoroy: Boyarskiy zagovor","movie",7.8,88,1958,7857,"1950s","Yes"
"https://www.rogerebert.com/reviews/great-movie-the-music-room-1958","The Music Room","tt0051792",NA,NA,"Jalsaghar","movie",7.9,100,1958,6586,"1950s","No"
"https://www.rogerebert.com/reviews/great-movie-the-ballad-of-narayama-1958","Ballad of Narayama","tt0051980",NA,NA,"Narayama bushikô","movie",7.8,98,1958,3674,"1950s","No"
"https://www.rogerebert.com/reviews/great-movie-touch-of-evil-1958","Touch of Evil","tt0052311",9,"2023-01-02","Touch of Evil","movie",8,95,1958,108307,"1950s","Yes"
"https://www.rogerebert.com/reviews/great-movie-vertigo-1958","Vertigo","tt0052357",8,"2021-07-09","Vertigo","movie",8.3,128,1958,418736,"1950s","Yes"
"https://www.rogerebert.com/reviews/great-movie-the-apu-trilogy-1959","The Apu Trilogy","tt0052572",9,"2023-08-28","Apur Sansar","movie",8.5,105,1959,15924,"1950s","Yes"
"https://www.rogerebert.com/reviews/great-movie-pickpocket-1959","Pickpocket","tt0053168",NA,NA,"Pickpocket","movie",7.6,76,1959,24550,"1950s","No"
"https://www.rogerebert.com/reviews/great-movie-the-400-blows-1959","The 400 Blows","tt0053198",9,"2022-07-09","Les quatre cents coups","movie",8.1,99,1959,125148,"1950s","Yes"
"https://www.rogerebert.com/reviews/rio-bravo-1959","Rio Bravo","tt0053221",NA,NA,"Rio Bravo","movie",8,141,1959,66663,"1950s","No"
"https://www.rogerebert.com/reviews/great-movie-some-like-it-hot-1959","Some Like It Hot","tt0053291",8,"2021-07-09","Some Like It Hot","movie",8.2,121,1959,278254,"1950s","Yes"
"https://www.rogerebert.com/reviews/great-movie-floating-weeds-1959","Floating Weeds","tt0053390",NA,NA,"Ukigusa","movie",7.9,119,1959,8700,"1950s","No"
"https://www.rogerebert.com/reviews/great-movie-breathless-1960","Breathless","tt0053472",8,"2021-10-01","À bout de souffle","movie",7.7,90,1960,86248,"1960s","Yes"
"https://www.rogerebert.com/reviews/great-movie-the-apartment-1960","The Apartment","tt0053604",8,"2021-07-09","The Apartment","movie",8.3,125,1960,191422,"1960s","Yes"
"https://www.rogerebert.com/reviews/great-movie-lavventura-1960","L'Avventura","tt0053619",9,"2023-09-27","L'avventura","movie",7.7,144,1960,31965,"1960s","Yes"
"https://www.rogerebert.com/reviews/great-movie-la-dolce-vita-1960","La Dolce Vita","tt0053779",8,"2022-07-03","La dolce vita","movie",8,174,1960,76788,"1960s","Yes"
"https://www.rogerebert.com/reviews/great-movie-inherit-the-wind-1960","Inherit the Wind","tt0053946",8,"2021-10-17","Inherit the Wind","movie",8.1,128,1960,32114,"1960s","Yes"
"https://www.rogerebert.com/reviews/great-movie-peeping-tom-1960","Peeping Tom","tt0054167",9,"2023-10-23","Peeping Tom","movie",7.6,101,1960,38070,"1960s","Yes"
"https://www.rogerebert.com/reviews/great-movie-psycho-1960","Psycho","tt0054215",8,"2021-07-09","Psycho","movie",8.5,109,1960,703794,"1960s","Yes"
"https://www.rogerebert.com/reviews/great-movie-rocco-and-his-brothers-1960","Rocco and His Brothers","tt0054248",7,"2023-02-11","Rocco e i suoi fratelli","movie",8.2,179,1960,20656,"1960s","Yes"
"https://www.rogerebert.com/reviews/great-movie-last-year-at-marienbad-1961","Last Year at Marienbad","tt0054632",NA,NA,"L'année dernière à Marienbad","movie",7.7,94,1961,24266,"1960s","No"
"https://www.rogerebert.com/reviews/great-movie-the-hustler-1961","The Hustler","tt0054997",6,"2021-09-19","The Hustler","movie",8,134,1961,85490,"1960s","Yes"
"https://www.rogerebert.com/reviews/great-movie-jules-and-jim-1961","Jules and Jim","tt0055032",NA,NA,"Jules et Jim","movie",7.7,105,1962,43672,"1960s","No"
"https://www.rogerebert.com/reviews/leon-morin-priest-1961","Leon Morin, Priest","tt0055082",NA,NA,"Léon Morin, prêtre","movie",7.5,117,1961,5531,"1960s","No"
"https://www.rogerebert.com/reviews/great-movie-through-a-glass-darkly-1961","Through a Glass Darkly","tt0055499",10,"2023-05-22","Såsom i en spegel","movie",7.9,90,1961,26839,"1960s","Yes"
"https://www.rogerebert.com/reviews/great-movie-victim-1961","Victim","tt0055597",9,"2023-09-20","Victim","movie",7.7,100,1961,6984,"1960s","Yes"
"https://www.rogerebert.com/reviews/great-movie-viridiana-1961","Viridiana","tt0055601",NA,NA,"Viridiana","movie",8.1,91,1961,25705,"1960s","No"
"https://www.rogerebert.com/reviews/great-movie-west-side-story-1961","West Side Story","tt0055614",8,"2021-12-29","West Side Story","movie",7.6,153,1961,119061,"1960s","Yes"
"https://www.rogerebert.com/reviews/great-movie-yojimbo-1961","Yojimbo","tt0055630",9,"2022-11-14","Yôjinbô","movie",8.2,110,1961,128635,"1960s","Yes"
"https://www.rogerebert.com/reviews/great-movie-cleo-from-5-to-7-1962","Cléo from 5 to 7","tt0055852",9,"2023-09-14","Cléo de 5 à 7","movie",7.9,90,1962,25905,"1960s","Yes"
"https://www.rogerebert.com/reviews/great-movie-harakiri-1962","Harakiri","tt0056058",NA,NA,"Seppuku","movie",8.6,133,1962,64797,"1960s","No"
"https://www.rogerebert.com/reviews/great-movie-lawrence-of-arabia-1962","Lawrence of Arabia","tt0056172",9,"2021-07-09","Lawrence of Arabia","movie",8.3,218,1962,307324,"1960s","Yes"
"https://www.rogerebert.com/reviews/great-movie-the-man-who-shot-liberty-valance-1962","The Man Who Shot Liberty Valance","tt0056217",NA,NA,"The Man Who Shot Liberty Valance","movie",8.1,123,1962,80566,"1960s","No"
"https://www.rogerebert.com/reviews/great-movie-the-manchurian-candidate-1962","The Manchurian Candidate","tt0056218",10,"2023-03-05","The Manchurian Candidate","movie",7.9,126,1962,78470,"1960s","Yes"
"https://www.rogerebert.com/reviews/great-movie-pale-flower-1964","Pale Flower","tt0056327",NA,NA,"Kawaita hana","movie",7.7,96,1964,4221,"1960s","No"
"https://www.rogerebert.com/reviews/great-movie-an-autumn-afternoon-1962","An Autumn Afternoon","tt0056444",NA,NA,"Sanma no aji","movie",8,113,1962,10100,"1960s","No"
"https://www.rogerebert.com/reviews/great-movie-vivre-sa-vie--my-life-to-live-1963","My Life to Live","tt0056663",NA,NA,"Vivre sa vie: Film en douze tableaux","movie",7.8,80,1962,34256,"1960s","No"
"https://www.rogerebert.com/reviews/great-movie-what-ever-happened-to-baby-jane-1962","What Ever Happened to Baby Jane?","tt0056687",9,"2021-07-09","What Ever Happened to Baby Jane?","movie",8,134,1962,60311,"1960s","Yes"
"https://www.rogerebert.com/reviews/great-movie-the-exterminating-angel-1962","The Exterminating Angel","tt0056732",8,"2022-01-29","El ángel exterminador","movie",8,95,1962,34883,"1960s","Yes"
"https://www.rogerebert.com/reviews/great-movie-8-12--eight-and-a-half-1963","8 1/2","tt0056801",9,"2023-09-02","8½","movie",8,138,1963,123151,"1960s","Yes"
"https://www.rogerebert.com/reviews/great-movie-dr-strangelove-1964","Dr. Strangelove","tt0057012",8,"2021-09-19","Dr. Strangelove or: How I Learned to Stop Worrying and Love the Bomb","movie",8.4,95,1964,508921,"1960s","Yes"
"https://www.rogerebert.com/reviews/great-movie-the-leopard-1963","The Leopard","tt0057091",NA,NA,"Il gattopardo","movie",7.9,186,1963,28098,"1960s","No"
"https://www.rogerebert.com/reviews/great-movie-winter-light-1962","Winter Light","tt0057358",NA,NA,"Nattvardsgästerna","movie",8,81,1963,26488,"1960s","No"
"https://www.rogerebert.com/reviews/the-silence-1963","The Silence","tt0057611",NA,NA,"Tystnaden","movie",7.8,96,1963,20957,"1960s","No"
"https://www.rogerebert.com/reviews/great-movie-goldfinger-1964","Goldfinger","tt0058150",6,"2021-07-09","Goldfinger","movie",7.7,110,1964,198818,"1960s","Yes"
"https://www.rogerebert.com/reviews/great-movie-a-hard-days-night-1964","A Hard Day's Night","tt0058182",8,"2021-07-09","A Hard Day's Night","movie",7.5,87,1964,47300,"1960s","Yes"
"https://www.rogerebert.com/reviews/great-movie-my-fair-lady-1964","My Fair Lady","tt0058385",7,"2021-08-10","My Fair Lady","movie",7.8,170,1964,99755,"1960s","Yes"
"https://www.rogerebert.com/reviews/great-movie-the-up-documentaries-1985","Up Documentaries: Seven up","tt0058578",NA,NA,"Seven Up!","tvMovie",7.9,40,1964,4142,"1960s","No"
"https://www.rogerebert.com/reviews/great-movie-woman-in-the-dunes-1964","Woman in the Dunes","tt0058625",10,"2023-09-11","Suna no onna","movie",8.5,147,1964,21847,"1960s","Yes"
"https://www.rogerebert.com/reviews/great-movie-gospel-according-to-st-matthew-1964","The Gospel According to St. Matthew","tt0058715",NA,NA,"Il vangelo secondo Matteo","movie",7.7,137,1964,13369,"1960s","No"
"https://www.rogerebert.com/reviews/great-movie-red-beard-1965","Red Beard","tt0058888",NA,NA,"Akahige","movie",8.3,185,1965,20527,"1960s","No"
"https://www.rogerebert.com/reviews/great-movie-the-battle-of-algiers-1967","The Battle of Algiers","tt0058946",9,"2023-07-05","La battaglia di Algeri","movie",8.1,121,1966,64075,"1960s","Yes"
"https://www.rogerebert.com/reviews/great-movie-chimes-at-midnight-1965","Chimes at Midnight","tt0059012",NA,NA,"Campanadas a medianoche","movie",7.6,119,1965,9869,"1960s","No"
"https://www.rogerebert.com/reviews/great-movie-juliet-of-the-spirits-1965","Juliet of the Spirits","tt0059229",7,"2023-10-20","Giulietta degli spiriti","movie",7.5,137,1965,14451,"1960s","Yes"
"https://www.rogerebert.com/reviews/great-movie-au-hasard-balthazar-1966","Au Hasard Balthazar","tt0060138",NA,NA,"Au hasard Balthazar","movie",7.8,95,1966,22228,"1960s","No"
"https://www.rogerebert.com/reviews/great-movie-blow-up-1966","Blow-Up","tt0060176",8,"2022-09-18","Blow-Up","movie",7.5,111,1966,66232,"1960s","Yes"
"https://www.rogerebert.com/reviews/great-movie-the-good-the-bad-and-the-ugly-1968","The Good, the Bad and the Ugly","tt0060196",9,"2022-03-06","Il buono, il brutto, il cattivo","movie",8.8,161,1966,793693,"1960s","Yes"
"https://www.rogerebert.com/reviews/great-movie-persona-1966","Persona","tt0060827",10,"2023-09-18","Persona","movie",8.1,85,1966,127703,"1960s","Yes"
"https://www.rogerebert.com/reviews/great-movie-belle-de-jour-1967","Belle de Jour","tt0061395",9,"2023-08-24","Belle de jour","movie",7.7,100,1967,47720,"1960s","Yes"
"https://www.rogerebert.com/reviews/great-movie-bonnie-and-clyde-1967","Bonnie and Clyde","tt0061418",8,"2021-09-17","Bonnie and Clyde","movie",7.7,111,1967,118348,"1960s","Yes"
"https://www.rogerebert.com/reviews/great-movie-la-collectionneuse-1967","La Collectionneuse","tt0061495",NA,NA,"La collectionneuse","movie",7.3,89,1967,9543,"1960s","No"
"https://www.rogerebert.com/reviews/great-movie-cool-hand-luke-1967","Cool Hand Luke","tt0061512",7,"2021-07-09","Cool Hand Luke","movie",8.1,127,1967,185405,"1960s","Yes"
"https://www.rogerebert.com/reviews/great-movie-the-firemens-ball-1968","The Firemen's Ball","tt0061781",NA,NA,"Horí, má panenko","movie",7.4,73,1967,11707,"1960s","No"
"https://www.rogerebert.com/reviews/great-movie-in-cold-blood-1967","In Cold Blood","tt0061809",8,"2022-05-26","In Cold Blood","movie",7.9,134,1967,28258,"1960s","Yes"
"https://www.rogerebert.com/reviews/great-movie-samurai-rebellion-1967","Samurai Rebellion","tt0061847",NA,NA,"Jôi-uchi: Hairyô tsuma shimatsu","movie",8.3,128,1967,13663,"1960s","No"
"https://www.rogerebert.com/reviews/great-movie-playtime-1967","Playtime","tt0062136",NA,NA,"Playtime","movie",7.8,155,1967,25132,"1960s","No"
"https://www.rogerebert.com/reviews/great-movie-le-samourai-1967","Le Samourai","tt0062229",9,"2022-02-24","Le Samouraï","movie",8,105,1967,55133,"1960s","Yes"
"https://www.rogerebert.com/reviews/great-movie-2001-a-space-odyssey-1968","2001: A Space Odyssey","tt0062622",10,"2021-07-09","2001: A Space Odyssey","movie",8.3,149,1968,702623,"1960s","Yes"
"https://www.rogerebert.com/reviews/great-movie-the-producers-1968","The Producers","tt0063462",7,"2021-07-09","The Producers","movie",7.5,88,1967,58637,"1960s","Yes"
"https://www.rogerebert.com/reviews/great-movie-romeo-and-juliet-1968","Romeo and Juliet","tt0063518",NA,NA,"Romeo and Juliet","movie",7.6,138,1968,34071,"1960s","No"
"https://www.rogerebert.com/reviews/great-movie-yellow-submarine-1968","Yellow Submarine","tt0063823",6,"2021-07-09","Yellow Submarine","movie",7.4,88,1968,27568,"1960s","Yes"
"https://www.rogerebert.com/reviews/great-movie-army-of-shadows-1969","Army of Shadows","tt0064040",NA,NA,"L'armée des ombres","movie",8.1,145,1969,25225,"1960s","No"
"https://www.rogerebert.com/reviews/great-movie-le-boucher--the-butcher-2003","Le Boucher","tt0064106",NA,NA,"Le boucher","movie",7.3,93,1970,9198,"1970s","No"
"https://www.rogerebert.com/reviews/great-movie-easy-rider-1969","Easy Rider","tt0064276",9,"2023-09-13","Easy Rider","movie",7.3,95,1969,115259,"1960s","Yes"
"https://www.rogerebert.com/reviews/great-movie-the-wild-bunch-1969","The Wild Bunch","tt0065214",8,"2023-07-29","The Wild Bunch","movie",7.9,145,1969,88930,"1960s","Yes"
"https://www.rogerebert.com/reviews/great-movie-five-easy-pieces-1970","Five Easy Pieces","tt0065724",7,"2023-09-13","Five Easy Pieces","movie",7.4,98,1970,39699,"1970s","Yes"
"https://www.rogerebert.com/reviews/great-movie-patton-1970","Patton","tt0066206",NA,NA,"Patton","movie",7.9,172,1970,106462,"1970s","No"
"https://www.rogerebert.com/reviews/great-movie-the-up-documentaries-1985","Up Documentaries: 7 plus 7","tt0066356",NA,NA,"7 Plus Seven","tvMovie",7.9,52,1970,3159,"1970s","No"
"https://www.rogerebert.com/reviews/great-movie-woodstock-1970","Woodstock","tt0066580",8,"2023-06-29","Woodstock","movie",8.1,184,1970,18196,"1970s","Yes"
"https://www.rogerebert.com/reviews/great-movie-the-last-picture-show-1971","The Last Picture Show","tt0067328",8,"2022-02-23","The Last Picture Show","movie",8,118,1971,51267,"1970s","Yes"
"https://www.rogerebert.com/reviews/great-movie-mccabe-and-mrs-miller-1971","McCabe and Mrs. Miller","tt0067411",NA,NA,"McCabe & Mrs. Miller","movie",7.6,120,1971,26974,"1970s","No"
"https://www.rogerebert.com/reviews/great-movie-mon-oncle-antoine-1971","Mon Oncle Antoine","tt0067439",NA,NA,"Mon oncle Antoine","movie",7.4,104,1971,3109,"1970s","No"
"https://www.rogerebert.com/reviews/great-movie-el-topo-1970","El Topo","tt0067866",NA,NA,"El Topo","movie",7.2,125,1970,30853,"1970s","No"
"https://www.rogerebert.com/reviews/great-movie-wr-mysteries-of-the-organism-1971","WR: Mysteries of the Organism","tt0067958",NA,NA,"W.R. - Misterije organizma","movie",6.7,84,1971,5316,"1970s","No"
"https://www.rogerebert.com/reviews/great-movie-walkabout-1971","Walkabout","tt0067959",NA,NA,"Walkabout","movie",7.6,100,1971,26850,"1970s","No"
"https://www.rogerebert.com/reviews/great-movie-aguirre-the-wrath-of-god-1972","Aguirre, the Wrath of God","tt0068182",NA,NA,"Aguirre, der Zorn Gottes","movie",7.8,95,1972,60504,"1970s","No"
"https://www.rogerebert.com/reviews/great-movie-the-discreet-charm-of-the-bourgeoisie-1972","The Discreet Charm of the Bourgeoisie","tt0068361",8,"2021-11-08","Le charme discret de la bourgeoisie","movie",7.8,102,1972,45645,"1970s","Yes"
"https://www.rogerebert.com/reviews/great-movie-the-godfather-1972","The Godfather","tt0068646",8,"2021-07-09","The Godfather","movie",9.2,175,1972,1963013,"1970s","Yes"
"https://www.rogerebert.com/reviews/great-movie-solaris-1972","Solaris","tt0069293",9,"2021-07-14","Solyaris","movie",8,167,1972,96256,"1970s","Yes"
"https://www.rogerebert.com/reviews/great-movie-cries-and-whispers-1972","Cries and Whispers","tt0069467",9,"2023-08-21","Viskningar och rop","movie",8,91,1972,36192,"1970s","Yes"
"https://www.rogerebert.com/reviews/great-movie-badlands-1973","Badlands","tt0069762",7,"2023-10-03","Badlands","movie",7.7,94,1973,76887,"1970s","Yes"
"https://www.rogerebert.com/reviews/great-movie-dont-look-now-1974","Don't Look Now","tt0069995",NA,NA,"Don't Look Now","movie",7.1,110,1973,60804,"1970s","No"
"https://www.rogerebert.com/reviews/great-movie-spirit-of-the-beehive-1973","Spirit of the Beehive","tt0070040",8,"2023-11-07","El espíritu de la colmena","movie",7.8,98,1973,20086,"1970s","Yes"
"https://www.rogerebert.com/reviews/great-movie-the-long-goodbye-1973","The Long Goodbye","tt0070334",9,"2023-03-08","The Long Goodbye","movie",7.5,112,1973,35239,"1970s","Yes"
"https://www.rogerebert.com/reviews/great-movie-mean-streets-1973","Mean Streets","tt0070379",NA,NA,"Mean Streets","movie",7.2,112,1973,116467,"1970s","No"
"https://www.rogerebert.com/reviews/great-movie-day-for-night-1973","Day for Night","tt0070460",8,"2023-09-07","La nuit américaine","movie",8,116,1973,24329,"1970s","Yes"
"https://www.rogerebert.com/reviews/great-movie-last-tango-in-paris-1972","Last Tango in Paris","tt0070849",NA,NA,"Ultimo tango a Parigi","movie",6.9,129,1972,57064,"1970s","No"
"https://www.rogerebert.com/reviews/great-movie-amarcord-1974","Amarcord","tt0071129",8,"2021-07-11","Amarcord","movie",7.9,123,1973,45937,"1970s","Yes"
"https://www.rogerebert.com/reviews/great-movie-ali-fear-eats-the-soul-1974","Ali: Fear Eats the Soul","tt0071141",10,"2023-09-25","Angst essen Seele auf","movie",8,92,1974,23218,"1970s","Yes"
"https://www.rogerebert.com/reviews/great-movie-bring-me-the-head-of-alfredo-garcia-1974","Bring Me the Head of Alfredo Garcia","tt0071249",NA,NA,"Bring Me the Head of Alfredo Garcia","movie",7.4,112,1974,21106,"1970s","No"
"https://www.rogerebert.com/reviews/great-movie-chinatown-1974","Chinatown","tt0071315",8,"2022-01-13","Chinatown","movie",8.2,130,1974,341960,"1970s","Yes"
"https://www.rogerebert.com/reviews/great-movie-the-conversation-1974","The Conversation","tt0071360",8,"2022-03-10","The Conversation","movie",7.8,113,1974,118212,"1970s","Yes"
"https://www.rogerebert.com/reviews/great-movie-the-godfather-part-ii-1974","The Godfather, Part II","tt0071562",9,"2021-07-09","The Godfather Part II","movie",9,202,1974,1332734,"1970s","Yes"
"https://www.rogerebert.com/reviews/the-enigma-of-kaspar-hauser-1974","The Enigma of Kaspar Hauser","tt0071691",NA,NA,"Jeder für sich und Gott gegen alle","movie",7.7,110,1974,18556,"1970s","No"
"https://www.rogerebert.com/reviews/great-movie-a-woman-under-the-influence-1974","A Woman Under the Influence","tt0072417",9,"2023-05-08","A Woman Under the Influence","movie",8.1,155,1974,27758,"1970s","Yes"
"https://www.rogerebert.com/reviews/barry-lyndon-1975","Barry Lyndon","tt0072684",7,"2021-07-09","Barry Lyndon","movie",8.1,185,1975,178257,"1970s","Yes"
"https://www.rogerebert.com/reviews/great-movie-dog-day-afternoon-1975","Dog Day Afternoon","tt0072890",7,"2022-08-24","Dog Day Afternoon","movie",8,125,1975,268836,"1970s","Yes"
"https://www.rogerebert.com/reviews/great-movie-jaws-1975","Jaws","tt0073195",9,"2021-07-09","Jaws","movie",8.1,124,1975,644417,"1970s","Yes"
"https://www.rogerebert.com/reviews/great-movie-nashville-1975","Nashville","tt0073440",10,"2023-06-18","Nashville","movie",7.6,160,1975,27946,"1970s","Yes"
"https://www.rogerebert.com/reviews/great-movie-night-moves-1975","Night Moves","tt0073453",8,"2022-08-18","Night Moves","movie",7.1,100,1975,17156,"1970s","Yes"
"https://www.rogerebert.com/reviews/great-movie-one-flew-over-the-cuckoos-nest-1975","One Flew Over the Cuckoo's Nest","tt0073486",10,"2023-05-07","One Flew Over the Cuckoo's Nest","movie",8.7,133,1975,1049090,"1970s","Yes"
"https://www.rogerebert.com/reviews/great-movie-picnic-at-hanging-rock-1975","Picnic at Hanging Rock","tt0073540",8,"2023-09-20","Picnic at Hanging Rock","movie",7.4,115,1975,39930,"1970s","Yes"
"https://www.rogerebert.com/reviews/great-movie-heart-of-glass-1976","Heart of Glass","tt0074626",NA,NA,"Herz aus Glas","movie",6.8,94,1976,6462,"1970s","No"
"https://www.rogerebert.com/reviews/great-movie-network-1976","Network","tt0074958",9,"2022-02-14","Network","movie",8.1,121,1976,166622,"1970s","Yes"
"https://www.rogerebert.com/reviews/great-movie-stroszek-1977","Stroszek","tt0075276",NA,NA,"Stroszek","movie",7.7,115,1977,14956,"1970s","No"
"https://www.rogerebert.com/reviews/great-movie-taxi-driver-1976","Taxi Driver","tt0075314",9,"2021-07-09","Taxi Driver","movie",8.2,114,1976,892909,"1970s","Yes"
"https://www.rogerebert.com/reviews/great-movie-the-up-documentaries-1985","Up Documentaries: 21 up","tt0075610",NA,NA,"21 Up","tvMovie",8.1,100,1977,2865,"1970s","No"
"https://www.rogerebert.com/reviews/great-movie-3-women-1977","3 Women","tt0075612",NA,NA,"3 Women","movie",7.7,124,1977,16854,"1970s","No"
"https://www.rogerebert.com/reviews/great-movie-annie-hall-1977","Annie Hall","tt0075686",8,"2023-08-23","Annie Hall","movie",8,93,1977,273794,"1970s","Yes"
"https://www.rogerebert.com/reviews/great-movie-killer-of-sheep-1977","Killer of Sheep","tt0076263",NA,NA,"Killer of Sheep","movie",7.2,80,1978,7362,"1970s","No"
"https://www.rogerebert.com/reviews/great-movie-saturday-night-fever-1977","Saturday Night Fever","tt0076666",7,"2021-07-09","Saturday Night Fever","movie",6.8,118,1977,85279,"1970s","Yes"
"https://www.rogerebert.com/reviews/great-movie-star-wars-episode-iv-a-new-hope-1977","Star Wars","tt0076759",7,"2022-05-05","Star Wars","movie",8.6,121,1977,1420844,"1970s","Yes"
"https://www.rogerebert.com/reviews/great-movie-days-of-heaven-1978","Days of Heaven","tt0077405",7,"2023-02-28","Days of Heaven","movie",7.8,94,1978,61270,"1970s","Yes"
"https://www.rogerebert.com/reviews/great-movie-gates-of-heaven-1978","Gates of Heaven","tt0077598",NA,NA,"Gates of Heaven","movie",7.3,85,1978,6172,"1970s","No"
"https://www.rogerebert.com/reviews/great-movie-superman-1978","Superman","tt0078346",6,"2021-07-14","Superman","movie",7.4,143,1978,184012,"1970s","Yes"
"https://www.rogerebert.com/reviews/great-movie-alien-1979","Alien","tt0078748",10,"2022-04-24","Alien","movie",8.5,117,1979,926015,"1970s","Yes"
"https://www.rogerebert.com/reviews/great-movie-apocalypse-now-1979","Apocalypse Now","tt0078788",9,"2021-07-09","Apocalypse Now","movie",8.4,147,1979,695649,"1970s","Yes"
"https://www.rogerebert.com/reviews/great-movie-being-there-1979","Being There","tt0078841",9,"2022-08-22","Being There","movie",7.9,130,1979,76191,"1970s","Yes"
"https://www.rogerebert.com/reviews/great-movie-the-marriage-of-maria-braun-1979","The Marriage of Maria Braun","tt0079095",NA,NA,"Die Ehe der Maria Braun","movie",7.7,120,1979,14601,"1970s","No"
"https://www.rogerebert.com/reviews/vengeance-is-mine-2008","Vengeance is Mine","tt0079182",NA,NA,"Fukushû suru wa ware ni ari","movie",7.7,140,1979,7110,"1970s","No"
"https://www.rogerebert.com/reviews/great-movie-manhattan-1979","Manhattan","tt0079522",NA,NA,"Manhattan","movie",7.8,96,1979,144802,"1970s","No"
"https://www.rogerebert.com/reviews/great-movie-nosferatu-the-vampyre-1979","Nosferatu the Vampyre","tt0079641",8,"2023-10-23","Nosferatu - Phantom der Nacht","movie",7.4,107,1979,39322,"1970s","Yes"
"https://www.rogerebert.com/reviews/great-movie-atlantic-city-1980","Atlantic City","tt0080388",7,"2023-08-15","Atlantic City","movie",7.3,104,1980,17939,"1980s","Yes"
"https://www.rogerebert.com/reviews/great-movie-the-big-red-one-1980","The Big Red One","tt0080437",NA,NA,"The Big Red One","movie",7.1,113,1980,21012,"1980s","No"
"https://www.rogerebert.com/reviews/mon-oncle-damerique-1980","Mon oncle d'Amerique","tt0081176",NA,NA,"Mon oncle d'Amérique","movie",7.6,125,1980,6662,"1980s","No"
"https://www.rogerebert.com/reviews/great-movie-raging-bull-1980","Raging Bull","tt0081398",8,"2023-09-12","Raging Bull","movie",8.1,129,1980,371595,"1980s","Yes"
"https://www.rogerebert.com/reviews/great-movie-the-shining-1980","The Shining","tt0081505",9,"2021-07-09","The Shining","movie",8.4,146,1980,1079746,"1980s","Yes"
"https://www.rogerebert.com/reviews/great-movie-body-heat-1981","Body Heat","tt0082089",NA,NA,"Body Heat","movie",7.4,113,1981,39225,"1980s","No"
"https://www.rogerebert.com/reviews/diva-2008","Diva","tt0082269",NA,NA,"Diva","movie",7.2,117,1981,14053,"1980s","No"
"https://www.rogerebert.com/reviews/great-movie-mephisto-1981","Mephisto","tt0082736",8,"2023-08-30","Mephisto","movie",7.7,146,1981,11369,"1980s","Yes"
"https://www.rogerebert.com/reviews/great-movie-my-dinner-with-andre-1981","My Dinner with Andre","tt0082783",7,"2023-06-05","My Dinner with Andre","movie",7.7,110,1981,24768,"1980s","Yes"
"https://www.rogerebert.com/reviews/great-movie-pixote-1981","Pixote","tt0082912",NA,NA,"Pixote: A Lei do Mais Fraco","movie",7.9,128,1980,8859,"1980s","No"
"https://www.rogerebert.com/reviews/great-movie-raiders-of-the-lost-ark-1981","Raiders of the Lost Ark","tt0082971",9,"2021-07-09","Raiders of the Lost Ark","movie",8.4,115,1981,1017696,"1980s","Yes"
"https://www.rogerebert.com/reviews/great-movie-blade-runner-the-final-cut-1982","Blade Runner: The Final Cut","tt0083658",9,"2021-07-14","Blade Runner","movie",8.1,117,1982,804793,"1980s","Yes"
"https://www.rogerebert.com/reviews/great-movie-et-the-extra-terrestrial-1982","E.T. The Extra-Terrestrial","tt0083866",8,"2021-07-09","E.T. the Extra-Terrestrial","movie",7.9,115,1982,428842,"1980s","Yes"
"https://www.rogerebert.com/reviews/great-movie-fanny-and-alexander-1983","Fanny and Alexander","tt0083922",10,"2022-02-21","Fanny och Alexander","movie",8.1,188,1982,66285,"1980s","Yes"
"https://www.rogerebert.com/reviews/great-movie-fitzcarraldo-1982","Fitzcarraldo","tt0083946",8,"2023-09-10","Fitzcarraldo","movie",8,158,1982,37506,"1980s","Yes"
"https://www.rogerebert.com/reviews/great-movie-pink-floyd-the-wall-1982","Pink Floyd: The Wall","tt0084503",NA,NA,"Pink Floyd: The Wall","movie",8,95,1982,84113,"1980s","No"
"https://www.rogerebert.com/reviews/great-movie-veronika-voss-1982","Veronika Voss","tt0084654",NA,NA,"Die Sehnsucht der Veronika Voss","movie",7.7,104,1982,7639,"1980s","No"
"https://www.rogerebert.com/reviews/great-movie-a-christmas-story-1983","A Christmas Story","tt0085334",6,"2021-07-14","A Christmas Story","movie",7.9,93,1983,162209,"1980s","Yes"
"https://www.rogerebert.com/reviews/great-movie-el-norte-1983","El Norte","tt0085482",NA,NA,"El Norte","movie",7.7,141,1983,5466,"1980s","No"
"https://www.rogerebert.com/reviews/great-movie-the-right-stuff-1983","The Right Stuff","tt0086197",8,"2021-07-09","The Right Stuff","movie",7.8,193,1983,64296,"1980s","Yes"
"https://www.rogerebert.com/reviews/great-movie-scarface-1983","Scarface","tt0086250",NA,NA,"Scarface","movie",8.3,170,1983,891206,"1980s","No"
"https://www.rogerebert.com/reviews/great-movie-tender-mercies-1983","Tender Mercies","tt0086423",NA,NA,"Tender Mercies","movie",7.3,92,1983,11673,"1980s","No"
"https://www.rogerebert.com/reviews/great-movie-amadeus-1984","Amadeus","tt0086879",8,"2021-07-09","Amadeus","movie",8.4,160,1984,419383,"1980s","Yes"
"https://www.rogerebert.com/reviews/great-movie-paris-texas-1984","Paris, Texas","tt0087884",7,"2023-08-21","Paris, Texas","movie",8.1,145,1984,114276,"1980s","Yes"
"https://www.rogerebert.com/reviews/great-movie-a-year-of-the-quiet-sun-1984","A Year of the Quiet Sun","tt0088009",NA,NA,"Rok spokojnego slonca","movie",7.1,110,1984,1387,"1980s","No"
"https://www.rogerebert.com/reviews/great-movie-this-is-spinal-tap-1984","This is Spinal Tap","tt0088258",NA,NA,"This Is Spinal Tap","movie",7.9,82,1984,144669,"1980s","No"
"https://www.rogerebert.com/reviews/great-movie-a-sunday-in-the-country-1984","A Sunday in the Country","tt0088318",NA,NA,"Un dimanche à la campagne","movie",7.4,90,1984,3048,"1980s","No"
"https://www.rogerebert.com/reviews/great-movie-the-up-documentaries-1985","Up Documentaries: 28 up","tt0088650",NA,NA,"28 Up","tvMovie",8.2,136,1984,3039,"1980s","No"
"https://www.rogerebert.com/reviews/after-hours-1985-1","After Hours","tt0088680",NA,NA,"After Hours","movie",7.6,97,1985,77438,"1980s","No"
"https://www.rogerebert.com/reviews/great-movie-the-color-purple-1985","The Color Purple","tt0088939",8,"2023-10-09","The Color Purple","movie",7.7,154,1985,92715,"1980s","Yes"
"https://www.rogerebert.com/reviews/great-movie-mishima-a-life-in-four-chapters-1985","Mishima: A Life in Four Chapters","tt0089603",NA,NA,"Mishima: A Life in Four Chapters","movie",7.9,120,1985,13109,"1980s","No"
"https://www.rogerebert.com/reviews/great-movie-ran-1985","Ran","tt0089881",NA,NA,"Ran","movie",8.2,160,1985,132835,"1980s","No"
"https://www.rogerebert.com/reviews/great-movie-shoah-1985","Shoah","tt0090015",NA,NA,"Shoah","movie",8.7,566,1985,10127,"1980s","No"
"https://www.rogerebert.com/reviews/great-movie-come-and-see-1985","Come and See","tt0091251",8,"2023-02-25","Idi i smotri","movie",8.4,142,1985,91411,"1980s","Yes"
"https://www.rogerebert.com/reviews/great-movie-the-decalogue-1988","The Decalogue","tt0092337",10,"2022-12-19","Dekalog","tvMiniSeries",9,572,1989,27191,"1980s","Yes"
"https://www.rogerebert.com/reviews/great-movie-au-revoir-les-enfants-1987","Au revoir les enfants","tt0092593",10,"2023-09-10","Au revoir les enfants","movie",8,104,1987,35541,"1980s","Yes"
"https://www.rogerebert.com/reviews/great-movie-the-dead-1987","The Dead","tt0092843",NA,NA,"The Dead","movie",7.2,83,1987,8649,"1980s","No"
"https://www.rogerebert.com/reviews/great-movie-wings-of-desire-1988","Wings of Desire","tt0093191",6,"2023-05-19","Der Himmel über Berlin","movie",7.9,128,1987,74990,"1980s","Yes"
"https://www.rogerebert.com/reviews/great-movie-house-of-games-1987","House of Games","tt0093223",NA,NA,"House of Games","movie",7.2,102,1987,23523,"1980s","No"
"https://www.rogerebert.com/reviews/great-movie-moonstruck-1987","Moonstruck","tt0093565",8,"2021-07-09","Moonstruck","movie",7.1,102,1987,65224,"1980s","Yes"
"https://www.rogerebert.com/reviews/great-movie-planes-trains-and-automobiles-1987","Planes, Trains and Automobiles","tt0093748",6,"2021-07-14","Planes, Trains & Automobiles","movie",7.6,93,1987,153457,"1980s","Yes"
"https://www.rogerebert.com/reviews/withnail-and-i-1987","Withnail and I","tt0094336",NA,NA,"Withnail & I","movie",7.5,107,1987,46740,"1980s","No"
"https://www.rogerebert.com/reviews/great-movie-grave-of-the-fireflies-1988","Grave of the Fireflies","tt0095327",7,"2022-04-30","Hotaru no haka","movie",8.5,89,1988,298474,"1980s","Yes"
"https://www.rogerebert.com/reviews/the-last-temptation-of-christ-1988","The Last Temptation of Christ","tt0095497",NA,NA,"The Last Temptation of Christ","movie",7.5,164,1988,61354,"1980s","No"
"https://www.rogerebert.com/reviews/great-movie-my-neighbor-totoro-1993","My Neighbor Totoro","tt0096283",8,"2021-09-17","Tonari no Totoro","movie",8.1,86,1988,364957,"1980s","Yes"
"https://www.rogerebert.com/reviews/great-movie-crimes-and-misdemeanors-1989","Crimes and Misdemeanors","tt0097123",NA,NA,"Crimes and Misdemeanors","movie",7.8,104,1989,60069,"1980s","No"
"https://www.rogerebert.com/reviews/great-movie-do-the-right-thing-1989","Do the Right Thing","tt0097216",10,"2022-08-22","Do the Right Thing","movie",8,120,1989,109612,"1980s","Yes"
"https://www.rogerebert.com/reviews/Monsieur-Hire","Monsieur Hire","tt0097904",NA,NA,"Monsieur Hire","movie",7.5,81,1989,6990,"1980s","No"
"https://www.rogerebert.com/reviews/great-movie-mystery-train-1989","Mystery Train","tt0097940",NA,NA,"Mystery Train","movie",7.5,110,1989,30182,"1980s","No"
"https://www.rogerebert.com/reviews/great-movie-santa-sangre-1989","Santa Sangre","tt0098253",8,"2023-10-25","Santa Sangre","movie",7.5,123,1989,22771,"1980s","Yes"
"https://www.rogerebert.com/reviews/great-movie-say-anything-1989","Say Anything","tt0098258",6,"2021-07-09","Say Anything...","movie",7.3,100,1989,94420,"1980s","Yes"
"https://www.rogerebert.com/reviews/great-movie-the-match-factory-girl-1990","The Match Factory Girl","tt0098532",NA,NA,"Tulitikkutehtaan tyttö","movie",7.5,69,1990,10549,"1990s","No"
"https://www.rogerebert.com/reviews/great-movie-after-dark-my-sweet-1990","After Dark, My Sweet","tt0098994",NA,NA,"After Dark, My Sweet","movie",6.5,114,1990,4042,"1990s","No"
"https://www.rogerebert.com/reviews/great-movie-goodfellas-1991","GoodFellas","tt0099685",9,"2021-08-07","Goodfellas","movie",8.7,145,1990,1223487,"1990s","Yes"
"https://www.rogerebert.com/reviews/the-hairdressers-husband-1990","The Hairdresser's Husband","tt0100112",NA,NA,"Le mari de la coiffeuse","movie",7.2,82,1990,10215,"1990s","No"
"https://www.rogerebert.com/reviews/great-movie-the-up-documentaries-1985","Up Documentaries: 35 up","tt0101254",NA,NA,"35 Up","tvMovie",8.1,123,1991,2681,"1990s","No"
"https://www.rogerebert.com/reviews/la-belle-noiseuse-1991","La Belle Noiseuse","tt0101428",NA,NA,"La Belle Noiseuse","movie",7.5,238,1991,9107,"1990s","No"
"https://www.rogerebert.com/reviews/great-movie-raise-the-red-lantern-1990","Raise the Red Lantern","tt0101640",NA,NA,"Da hong denglong gaogao gua","movie",8.1,125,1991,34585,"1990s","No"
"https://www.rogerebert.com/reviews/the-double-life-of-veronique-1991-1","The Double Life of Veronique","tt0101765",NA,NA,"La double vie de Véronique","movie",7.7,98,1991,51834,"1990s","No"
"https://www.rogerebert.com/reviews/great-movie-jfk-1991","JFK","tt0102138",6,"2021-10-14","JFK","movie",8,189,1991,166123,"1990s","Yes"
"https://www.rogerebert.com/reviews/great-movie-the-silence-of-the-lambs-1991","The Silence of the Lambs","tt0102926",9,"2021-07-09","The Silence of the Lambs","movie",8.6,118,1991,1505837,"1990s","Yes"
"https://www.rogerebert.com/reviews/great-movie-a-womans-tale-1992","A Woman's Tale","tt0103282",NA,NA,"A Woman's Tale","movie",7.2,93,1991,482,"1990s","No"
"https://www.rogerebert.com/reviews/great-movie-baraka-1992","Baraka","tt0103767",NA,NA,"Baraka","movie",8.5,96,1992,40419,"1990s","No"
"https://www.rogerebert.com/reviews/great-movie-a-tale-of-winter-1992","A Tale of Winter","tt0104008",NA,NA,"Conte d'hiver","movie",7.2,114,1992,5874,"1990s","No"
"https://www.rogerebert.com/reviews/great-movie-howards-end-1992","Howards End","tt0104454",7,"2023-06-25","Howards End","movie",7.4,142,1992,35036,"1990s","Yes"
"https://www.rogerebert.com/reviews/great-movie-leolo-1993","Leolo","tt0104782",NA,NA,"Léolo","movie",7.4,107,1992,7272,"1990s","No"
"https://www.rogerebert.com/reviews/great-movie-unforgiven-1992","Unforgiven","tt0105695",7,"2023-06-29","Unforgiven","movie",8.2,130,1992,428246,"1990s","Yes"
"https://www.rogerebert.com/reviews/great-movie-the-age-of-innocence-1993","The Age of Innocence","tt0106226",NA,NA,"The Age of Innocence","movie",7.2,139,1993,65530,"1990s","No"
"https://www.rogerebert.com/reviews/great-movie-groundhog-day-1993","Groundhog Day","tt0107048",7,"2021-07-15","Groundhog Day","movie",8,101,1993,666360,"1990s","Yes"
"https://www.rogerebert.com/reviews/great-movie-the-blue-kite-1993","The Blue Kite","tt0107358",NA,NA,"Lan feng zheng","movie",7.5,140,1993,3187,"1990s","No"
"https://www.rogerebert.com/reviews/great-movie-schindlers-list-1993","Schindler's List","tt0108052",8,"2021-07-09","Schindler's List","movie",9,195,1993,1415906,"1990s","Yes"
"https://www.rogerebert.com/reviews/great-movie-crumb-1994","Crumb","tt0109508",9,"2023-11-09","Crumb","movie",8,119,1994,21241,"1990s","Yes"
"https://www.rogerebert.com/reviews/exotica-1994","Exotica","tt0109759",NA,NA,"Exotica","movie",7,103,1994,20750,"1990s","No"
"https://www.rogerebert.com/reviews/great-movie-hoop-dreams-1994","Hoop Dreams","tt0110057",9,"2023-05-12","Hoop Dreams","movie",8.3,170,1994,27564,"1990s","Yes"
"https://www.rogerebert.com/reviews/great-movie-pulp-fiction-1994","Pulp Fiction","tt0110912",8,"2021-07-09","Pulp Fiction","movie",8.9,154,1994,2160045,"1990s","Yes"
"https://www.rogerebert.com/reviews/great-movie-the-shawshank-redemption-1994","The Shawshank Redemption","tt0111161",8,"2021-07-09","The Shawshank Redemption","movie",9.3,142,1994,2816712,"1990s","Yes"
"https://www.rogerebert.com/reviews/great-movie-la-ceremonie-1995","La Ceremonie","tt0112769",NA,NA,"La cérémonie","movie",7.5,111,1995,13283,"1990s","No"
"https://www.rogerebert.com/reviews/great-movie-leaving-las-vegas-1995","Leaving Las Vegas","tt0113627",6,"2023-09-13","Leaving Las Vegas","movie",7.5,111,1995,131626,"1990s","Yes"
"https://www.rogerebert.com/reviews/richard-iii-1996-1","Richard III","tt0114279",8,"2023-09-10","Richard III","movie",7.3,110,1995,15353,"1990s","Yes"
"https://www.rogerebert.com/reviews/great-movie-seven-1995","Seven","tt0114369",6,"2021-07-09","Se7en","movie",8.6,127,1995,1746562,"1990s","Yes"
"https://www.rogerebert.com/reviews/great-movie-fargo-1996","Fargo","tt0116282",8,"2021-07-11","Fargo","movie",8.1,98,1996,706816,"1990s","Yes"
"https://www.rogerebert.com/reviews/secrets-and-lies-1996-1","Secrets and Lies","tt0117589",9,"2022-06-17","Secrets & Lies","movie",8,136,1996,46180,"1990s","Yes"
"https://www.rogerebert.com/reviews/great-movie-the-big-lebowski-1998","The Big Lebowski","tt0118715",6,"2022-08-22","The Big Lebowski","movie",8.1,117,1998,842681,"1990s","Yes"
"https://www.rogerebert.com/reviews/great-movie-contact-1997","Contact","tt0118884",9,"2021-07-14","Contact","movie",7.5,150,1997,287451,"1990s","Yes"
"https://www.rogerebert.com/reviews/great-movie-dark-city-2005","Dark City","tt0118929",7,"2023-11-07","Dark City","movie",7.6,100,1998,208946,"1990s","Yes"
"https://www.rogerebert.com/reviews/great-movie-la-confidential-1997","L.A. Confidential","tt0119488",8,"2022-04-21","L.A. Confidential","movie",8.2,138,1997,604177,"1990s","Yes"
"https://www.rogerebert.com/reviews/great-movie-the-up-documentaries-1985","Up Documentaries: 42 up","tt0164312",NA,NA,"42 Up","tvMovie",8.2,139,1998,2764,"1990s","No"
"https://www.rogerebert.com/reviews/great-movie-mulholland-dr-2001","Mulholland Dr.","tt0166924",7,"2021-07-09","Mulholland Dr.","movie",7.9,147,2001,375140,"2000s","Yes"
"https://www.rogerebert.com/reviews/great-movie-the-terrorist-2000","The Terrorist","tt0169302",NA,NA,"Theeviravaathi: The Terrorist","movie",7,95,1998,2034,"1990s","No"
"https://www.rogerebert.com/reviews/great-movie-magnolia-1999","Magnolia","tt0175880",NA,NA,"Magnolia","movie",8,188,1999,323928,"1990s","No"
"https://www.rogerebert.com/reviews/great-movie-ai-artificial-intelligence-2001","A.I. Artificial Intelligence","tt0212720",4,"2021-07-09","A.I. Artificial Intelligence","movie",7.2,146,2001,318618,"2000s","Yes"
"https://www.rogerebert.com/reviews/great-movie-the-pledge-2001","The Pledge","tt0237572",NA,NA,"The Pledge","movie",6.8,124,2001,64981,"2000s","No"
"https://www.rogerebert.com/reviews/waking-life-2001-1","Waking Life","tt0243017",NA,NA,"Waking Life","movie",7.7,99,2001,66235,"2000s","No"
"https://www.rogerebert.com/reviews/great-movie-spirited-away-2002","Spirited Away","tt0245429",8,"2021-07-09","Sen to Chihiro no kamikakushi","movie",8.6,125,2001,817084,"2000s","Yes"
"https://www.rogerebert.com/reviews/werckmeister-harmonies-2000","Werckmeister Harmonies","tt0249241",NA,NA,"Werckmeister harmóniák","movie",8,145,2000,15426,"2000s","No"
"https://www.rogerebert.com/reviews/great-movie-the-grey-zone-2001","The Grey Zone","tt0252480",NA,NA,"The Grey Zone","movie",7,108,2001,11199,"2000s","No"
"https://www.rogerebert.com/reviews/great-movie-ripleys-game-2002","Ripley's Game","tt0265651",NA,NA,"Ripley's Game","movie",6.6,110,2002,19031,"2000s","No"
"https://www.rogerebert.com/reviews/great-movie-adaptation-2002","Adaptation","tt0268126",5,"2021-07-09","Adaptation.","movie",7.7,115,2002,199736,"2000s","Yes"
"https://www.rogerebert.com/reviews/25th-hour-2002","25th Hour","tt0307901",NA,NA,"25th Hour","movie",7.6,135,2002,183153,"2000s","No"
"https://www.rogerebert.com/reviews/great-movie-lost-in-translation-2003","Lost in Translation","tt0335266",6,"2021-07-09","Lost in Translation","movie",7.7,102,2003,475996,"2000s","Yes"
"https://www.rogerebert.com/reviews/eternal-sunshine-of-the-spotless-mind-2004-1","Eternal Sunshine of the Spotless Mind","tt0338013",5,"2021-07-09","Eternal Sunshine of the Spotless Mind","movie",8.3,108,2004,1052050,"2000s","Yes"
"https://www.rogerebert.com/reviews/spring-summer-fall-winter_and-spring-2003","Spring, Summer, Fall, Winter... and Spring","tt0374546",NA,NA,"Bom yeoreum gaeul gyeoul geurigo bom","movie",8,103,2003,85749,"2000s","No"
"https://www.rogerebert.com/reviews/great-movie-cache-2005","Caché","tt0387898",NA,NA,"Caché","movie",7.3,117,2005,83780,"2000s","No"
"https://www.rogerebert.com/reviews/great-movie-moolaade-2007","Moolaade","tt0416991",NA,NA,"Moolaadé","movie",7.6,124,2003,4089,"2000s","No"
"https://www.rogerebert.com/reviews/a-prairie-home-companion-2006-1","A Prairie Home Companion","tt0420087",6,"2022-05-30","A Prairie Home Companion","movie",6.7,105,2006,23394,"2000s","Yes"
"https://www.rogerebert.com/reviews/babel-2006","Babel","tt0449467",6,"2021-07-09","Babel","movie",7.5,143,2006,313523,"2000s","Yes"
"https://www.rogerebert.com/reviews/great-movie-pans-labyrinth-2006","Pan's Labyrinth","tt0457430",9,"2021-07-09","El laberinto del fauno","movie",8.2,118,2006,691810,"2000s","Yes"
"https://www.rogerebert.com/reviews/great-movie-the-up-documentaries-1985","Up Documentaries: 49 up","tt0473434",NA,NA,"49 Up","tvMovie",8.1,180,2005,2970,"2000s","No"
"https://www.rogerebert.com/reviews/chop-shop-2008-1","Chop Shop","tt0990404",NA,NA,"Chop Shop","movie",7.2,84,2007,4671,"2000s","No"
"https://www.rogerebert.com/reviews/great-movie-departures-2009","Departures","tt1069238",7,"2023-09-05","Okuribito","movie",8,130,2008,54188,"2000s","Yes"
"https://www.rogerebert.com/reviews/great-movie-the-up-documentaries-1985","Up Documentaries: 56 up","tt2147134",NA,NA,"56 Up","movie",7.9,144,2012,2421,"2010s","No"
"https://www.rogerebert.com/reviews/great-movie-the-up-documentaries-1985","Up Documentaries: 63 up","tt8929142",NA,NA,"63 Up","tvMiniSeries",8.2,145,2019,1361,"2010s","No"
"https://www.rogerebert.com/reviews/great-movie-three-colors-trilogy-blue-white-red","Three Colors: Blue","tt0108394",8,"2023-09-28","Trois couleurs: Bleu","movie",7.9,94,1993,108264,"1990s","Yes"
"https://www.rogerebert.com/reviews/great-movie-three-colors-trilogy-blue-white-red","Three Colors; White","tt0111507",8,"2023-10-02","Trois couleurs: Blanc","movie",7.6,92,1994,77962,"1990s","Yes"
"https://www.rogerebert.com/reviews/great-movie-three-colors-trilogy-blue-white-red","Three Colors: Red","tt0111495",9,"2022-06-16","Trois couleurs: Rouge","movie",8.1,99,1994,108073,"1990s","Yes"
"https://www.rogerebert.com/reviews/great-movie-chuck-jones-three-cartoons","Duck Amuck","tt0045708",7,"2023-05-19","Duck Amuck","short",8.6,7,1953,9238,"1950s","Yes"
"https://www.rogerebert.com/reviews/great-movie-chuck-jones-three-cartoons","One Froggy Evening","tt0048449",NA,NA,"One Froggy Evening","short",8.4,7,1955,5995,"1950s","No"
"https://www.rogerebert.com/reviews/great-movie-chuck-jones-three-cartoons","What's Opera, Doc?","tt0051189",6,"2023-05-19","What's Opera, Doc?","short",8.3,7,1957,10350,"1950s","Yes"
"https://www.rogerebert.com/reviews/great-movie-the-films-of-buster-keaton","The Navigator","tt0015163",NA,NA,"The Navigator","movie",7.6,59,1924,10806,"1920s","No"
"https://www.rogerebert.com/reviews/great-movie-the-films-of-buster-keaton","Steamboat Bill, Jr","tt0019421",NA,NA,"Steamboat Bill, Jr.","movie",7.8,70,1928,15771,"1920s","No"
"https://www.rogerebert.com/reviews/great-movie-the-films-of-buster-keaton","Our Hospitality","tt0014341",NA,NA,"Our Hospitality","movie",7.8,65,1923,12215,"1920s","No"
