"FilmID","TheatreID","SessionID","ScreenTitle","ScreenTrailer","ScreenPoster","ScreenDate","ScreenTimestamp","ScreenTime","ScreenTicketLink","ScreenGenre","ScreenRuntime","ScreenTheatre"
NA,"f-0100003618","32779","""Straight Line Crazy"" presented by NTL"," https://www.youtube.com/watch?v=-4-Hq4XOD_k","//silver.afi.com/CDN/media/entity/get/FilmPosterGraphic/f-0100003618?width=121&height=180&referenceScheme=Global&allowPlaceHolder=true","Friday, October 14, 2022","2022-10-14T13:15:00","01:15 PM","//silver.afi.com/Ticketing/visSelectTickets.aspx?cinemacode=1001&txtSessionId=32779&visLang=1","Filmed theater","180 Minutes","AFI - AFI Silver 2"
NA,"f-0100003618","32780","""Straight Line Crazy"" presented by NTL"," https://www.youtube.com/watch?v=-4-Hq4XOD_k","//silver.afi.com/CDN/media/entity/get/FilmPosterGraphic/f-0100003618?width=121&height=180&referenceScheme=Global&allowPlaceHolder=true","Friday, October 14, 2022","2022-10-15T13:15:00","01:15 PM","//silver.afi.com/Ticketing/visSelectTickets.aspx?cinemacode=1001&txtSessionId=32780&visLang=1","Filmed theater","180 Minutes","AFI - AFI Silver 2"
NA,"f-0100003618","32781","""Straight Line Crazy"" presented by NTL"," https://www.youtube.com/watch?v=-4-Hq4XOD_k","//silver.afi.com/CDN/media/entity/get/FilmPosterGraphic/f-0100003618?width=121&height=180&referenceScheme=Global&allowPlaceHolder=true","Friday, October 14, 2022","2022-10-16T13:15:00","01:15 PM","//silver.afi.com/Ticketing/visSelectTickets.aspx?cinemacode=1001&txtSessionId=32781&visLang=1","Filmed theater","180 Minutes","AFI - AFI Silver 2"
NA,"f-0100003704","32767","A NIGHTMARE ON ELM STREET 3: DREAM WARRIORS","https://www.youtube.com/watch?v=Z3bQ4B22qd0","//silver.afi.com/CDN/media/entity/get/FilmPosterGraphic/f-0100003704?width=121&height=180&referenceScheme=Global&allowPlaceHolder=true","Monday, October 31, 2022","2022-10-31T19:15:00","07:15 PM","//silver.afi.com/Ticketing/visSelectTickets.aspx?cinemacode=1001&txtSessionId=32767&visLang=1","Horror","96 Minutes","AFI - AFI Silver 1"
NA,"f-0100003704","32768","A NIGHTMARE ON ELM STREET 3: DREAM WARRIORS","https://www.youtube.com/watch?v=Z3bQ4B22qd0","//silver.afi.com/CDN/media/entity/get/FilmPosterGraphic/f-0100003704?width=121&height=180&referenceScheme=Global&allowPlaceHolder=true","Monday, October 31, 2022","2022-11-02T21:30:00","09:30 PM","//silver.afi.com/Ticketing/visSelectTickets.aspx?cinemacode=1001&txtSessionId=32768&visLang=1","Horror","96 Minutes","AFI - AFI Silver 1"
NA,"f-0100003631","32218","ALL THE KING'S MEN (1949)","https://www.youtube.com/watch?v=DivcuGBAHcI","//silver.afi.com/CDN/media/entity/get/FilmPosterGraphic/f-0100003631?width=121&height=180&referenceScheme=Global&allowPlaceHolder=true","Friday, October 14, 2022","2022-10-14T16:30:00","04:30 PM","//silver.afi.com/Ticketing/visSelectTickets.aspx?cinemacode=1001&txtSessionId=32218&visLang=1","Film noir","110 Minutes","AFI - AFI Silver 1"
NA,"f-0100003631","32219","ALL THE KING'S MEN (1949)","https://www.youtube.com/watch?v=DivcuGBAHcI","//silver.afi.com/CDN/media/entity/get/FilmPosterGraphic/f-0100003631?width=121&height=180&referenceScheme=Global&allowPlaceHolder=true","Friday, October 14, 2022","2022-10-17T18:45:00","06:45 PM","//silver.afi.com/Ticketing/visSelectTickets.aspx?cinemacode=1001&txtSessionId=32219&visLang=1","Film noir","110 Minutes","AFI - AFI Silver 2"
NA,"f-0100003631","32220","ALL THE KING'S MEN (1949)","https://www.youtube.com/watch?v=DivcuGBAHcI","//silver.afi.com/CDN/media/entity/get/FilmPosterGraphic/f-0100003631?width=121&height=180&referenceScheme=Global&allowPlaceHolder=true","Friday, October 14, 2022","2022-10-18T12:50:00","12:50 PM","//silver.afi.com/Ticketing/visSelectTickets.aspx?cinemacode=1001&txtSessionId=32220&visLang=1","Film noir","110 Minutes","AFI - AFI Silver 1"
NA,"f-0100003631","32221","ALL THE KING'S MEN (1949)","https://www.youtube.com/watch?v=DivcuGBAHcI","//silver.afi.com/CDN/media/entity/get/FilmPosterGraphic/f-0100003631?width=121&height=180&referenceScheme=Global&allowPlaceHolder=true","Friday, October 14, 2022","2022-10-20T12:50:00","12:50 PM","//silver.afi.com/Ticketing/visSelectTickets.aspx?cinemacode=1001&txtSessionId=32221&visLang=1","Film noir","110 Minutes","AFI - AFI Silver 1"
NA,"f-0100003655","32805","ARGENTINA, 1985","https://www.youtube.com/watch?v=Bd353FL7qw4","//silver.afi.com/CDN/media/entity/get/FilmPosterGraphic/f-0100003655?width=121&height=180&referenceScheme=Global&allowPlaceHolder=true","Thursday, October 13, 2022","2022-10-13T14:00:00","02:00 PM","//silver.afi.com/Ticketing/visSelectTickets.aspx?cinemacode=1001&txtSessionId=32805&visLang=1","Historical drama","140 Minutes","AFI - AFI Silver 1"
NA,"f-0100003655","32816","ARGENTINA, 1985","https://www.youtube.com/watch?v=Bd353FL7qw4","//silver.afi.com/CDN/media/entity/get/FilmPosterGraphic/f-0100003655?width=121&height=180&referenceScheme=Global&allowPlaceHolder=true","Thursday, October 13, 2022","2022-10-13T15:45:00","03:45 PM","//silver.afi.com/Ticketing/visSelectTickets.aspx?cinemacode=1001&txtSessionId=32816&visLang=1","Historical drama","140 Minutes","AFI - AFI Silver 2"
NA,"f-0100003655","32817","ARGENTINA, 1985","https://www.youtube.com/watch?v=Bd353FL7qw4","//silver.afi.com/CDN/media/entity/get/FilmPosterGraphic/f-0100003655?width=121&height=180&referenceScheme=Global&allowPlaceHolder=true","Thursday, October 13, 2022","2022-10-13T18:30:00","06:30 PM","//silver.afi.com/Ticketing/visSelectTickets.aspx?cinemacode=1001&txtSessionId=32817&visLang=1","Historical drama","140 Minutes","AFI - AFI Silver 2"
NA,"f-0100003655","32878","ARGENTINA, 1985","https://www.youtube.com/watch?v=Bd353FL7qw4","//silver.afi.com/CDN/media/entity/get/FilmPosterGraphic/f-0100003655?width=121&height=180&referenceScheme=Global&allowPlaceHolder=true","Thursday, October 13, 2022","2022-10-14T13:00:00","01:00 PM","//silver.afi.com/Ticketing/visSelectTickets.aspx?cinemacode=1001&txtSessionId=32878&visLang=1","Historical drama","140 Minutes","AFI - AFI Silver 3"
NA,"f-0100003655","32879","ARGENTINA, 1985","https://www.youtube.com/watch?v=Bd353FL7qw4","//silver.afi.com/CDN/media/entity/get/FilmPosterGraphic/f-0100003655?width=121&height=180&referenceScheme=Global&allowPlaceHolder=true","Thursday, October 13, 2022","2022-10-14T18:30:00","06:30 PM","//silver.afi.com/Ticketing/visSelectTickets.aspx?cinemacode=1001&txtSessionId=32879&visLang=1","Historical drama","140 Minutes","AFI - AFI Silver 3"
NA,"f-0100003655","32888","ARGENTINA, 1985","https://www.youtube.com/watch?v=Bd353FL7qw4","//silver.afi.com/CDN/media/entity/get/FilmPosterGraphic/f-0100003655?width=121&height=180&referenceScheme=Global&allowPlaceHolder=true","Thursday, October 13, 2022","2022-10-15T13:00:00","01:00 PM","//silver.afi.com/Ticketing/visSelectTickets.aspx?cinemacode=1001&txtSessionId=32888&visLang=1","Historical drama","140 Minutes","AFI - AFI Silver 3"
NA,"f-0100003655","32889","ARGENTINA, 1985","https://www.youtube.com/watch?v=Bd353FL7qw4","//silver.afi.com/CDN/media/entity/get/FilmPosterGraphic/f-0100003655?width=121&height=180&referenceScheme=Global&allowPlaceHolder=true","Thursday, October 13, 2022","2022-10-15T18:30:00","06:30 PM","//silver.afi.com/Ticketing/visSelectTickets.aspx?cinemacode=1001&txtSessionId=32889&visLang=1","Historical drama","140 Minutes","AFI - AFI Silver 3"
NA,"f-0100003655","32892","ARGENTINA, 1985","https://www.youtube.com/watch?v=Bd353FL7qw4","//silver.afi.com/CDN/media/entity/get/FilmPosterGraphic/f-0100003655?width=121&height=180&referenceScheme=Global&allowPlaceHolder=true","Thursday, October 13, 2022","2022-10-16T13:00:00","01:00 PM","//silver.afi.com/Ticketing/visSelectTickets.aspx?cinemacode=1001&txtSessionId=32892&visLang=1","Historical drama","140 Minutes","AFI - AFI Silver 3"
NA,"f-0100003655","32893","ARGENTINA, 1985","https://www.youtube.com/watch?v=Bd353FL7qw4","//silver.afi.com/CDN/media/entity/get/FilmPosterGraphic/f-0100003655?width=121&height=180&referenceScheme=Global&allowPlaceHolder=true","Thursday, October 13, 2022","2022-10-16T18:30:00","06:30 PM","//silver.afi.com/Ticketing/visSelectTickets.aspx?cinemacode=1001&txtSessionId=32893&visLang=1","Historical drama","140 Minutes","AFI - AFI Silver 3"
NA,"f-0100003655","32896","ARGENTINA, 1985","https://www.youtube.com/watch?v=Bd353FL7qw4","//silver.afi.com/CDN/media/entity/get/FilmPosterGraphic/f-0100003655?width=121&height=180&referenceScheme=Global&allowPlaceHolder=true","Thursday, October 13, 2022","2022-10-17T13:00:00","01:00 PM","//silver.afi.com/Ticketing/visSelectTickets.aspx?cinemacode=1001&txtSessionId=32896&visLang=1","Historical drama","140 Minutes","AFI - AFI Silver 3"
NA,"f-0100003655","32897","ARGENTINA, 1985","https://www.youtube.com/watch?v=Bd353FL7qw4","//silver.afi.com/CDN/media/entity/get/FilmPosterGraphic/f-0100003655?width=121&height=180&referenceScheme=Global&allowPlaceHolder=true","Thursday, October 13, 2022","2022-10-17T18:30:00","06:30 PM","//silver.afi.com/Ticketing/visSelectTickets.aspx?cinemacode=1001&txtSessionId=32897&visLang=1","Historical drama","140 Minutes","AFI - AFI Silver 3"
NA,"f-0100003655","32900","ARGENTINA, 1985","https://www.youtube.com/watch?v=Bd353FL7qw4","//silver.afi.com/CDN/media/entity/get/FilmPosterGraphic/f-0100003655?width=121&height=180&referenceScheme=Global&allowPlaceHolder=true","Thursday, October 13, 2022","2022-10-18T13:00:00","01:00 PM","//silver.afi.com/Ticketing/visSelectTickets.aspx?cinemacode=1001&txtSessionId=32900&visLang=1","Historical drama","140 Minutes","AFI - AFI Silver 3"
NA,"f-0100003655","32901","ARGENTINA, 1985","https://www.youtube.com/watch?v=Bd353FL7qw4","//silver.afi.com/CDN/media/entity/get/FilmPosterGraphic/f-0100003655?width=121&height=180&referenceScheme=Global&allowPlaceHolder=true","Thursday, October 13, 2022","2022-10-18T18:30:00","06:30 PM","//silver.afi.com/Ticketing/visSelectTickets.aspx?cinemacode=1001&txtSessionId=32901&visLang=1","Historical drama","140 Minutes","AFI - AFI Silver 3"
NA,"f-0100003655","32920","ARGENTINA, 1985","https://www.youtube.com/watch?v=Bd353FL7qw4","//silver.afi.com/CDN/media/entity/get/FilmPosterGraphic/f-0100003655?width=121&height=180&referenceScheme=Global&allowPlaceHolder=true","Thursday, October 13, 2022","2022-10-19T13:00:00","01:00 PM","//silver.afi.com/Ticketing/visSelectTickets.aspx?cinemacode=1001&txtSessionId=32920&visLang=1","Historical drama","140 Minutes","AFI - AFI Silver 3"
NA,"f-0100003655","32904","ARGENTINA, 1985","https://www.youtube.com/watch?v=Bd353FL7qw4","//silver.afi.com/CDN/media/entity/get/FilmPosterGraphic/f-0100003655?width=121&height=180&referenceScheme=Global&allowPlaceHolder=true","Thursday, October 13, 2022","2022-10-20T13:00:00","01:00 PM","//silver.afi.com/Ticketing/visSelectTickets.aspx?cinemacode=1001&txtSessionId=32904&visLang=1","Historical drama","140 Minutes","AFI - AFI Silver 3"
NA,"f-0100003655","32905","ARGENTINA, 1985","https://www.youtube.com/watch?v=Bd353FL7qw4","//silver.afi.com/CDN/media/entity/get/FilmPosterGraphic/f-0100003655?width=121&height=180&referenceScheme=Global&allowPlaceHolder=true","Thursday, October 13, 2022","2022-10-20T18:30:00","06:30 PM","//silver.afi.com/Ticketing/visSelectTickets.aspx?cinemacode=1001&txtSessionId=32905&visLang=1","Historical drama","140 Minutes","AFI - AFI Silver 3"
NA,"f-0100003641","32260","BRUTE FORCE (1947)","https://www.youtube.com/watch?v=uTn6pHKVpNc","//silver.afi.com/CDN/media/entity/get/FilmPosterGraphic/f-0100003641?width=121&height=180&referenceScheme=Global&allowPlaceHolder=true","Friday, October 21, 2022","2022-10-21T16:45:00","04:45 PM","//silver.afi.com/Ticketing/visSelectTickets.aspx?cinemacode=1001&txtSessionId=32260&visLang=1","Film noir","98 Minutes","AFI - AFI Silver 1"
NA,"f-0100003641","32261","BRUTE FORCE (1947)","https://www.youtube.com/watch?v=uTn6pHKVpNc","//silver.afi.com/CDN/media/entity/get/FilmPosterGraphic/f-0100003641?width=121&height=180&referenceScheme=Global&allowPlaceHolder=true","Friday, October 21, 2022","2022-10-24T21:30:00","09:30 PM","//silver.afi.com/Ticketing/visSelectTickets.aspx?cinemacode=1001&txtSessionId=32261&visLang=1","Film noir","98 Minutes","AFI - AFI Silver 1"
NA,"f-0100003641","32262","BRUTE FORCE (1947)","https://www.youtube.com/watch?v=uTn6pHKVpNc","//silver.afi.com/CDN/media/entity/get/FilmPosterGraphic/f-0100003641?width=121&height=180&referenceScheme=Global&allowPlaceHolder=true","Friday, October 21, 2022","2022-10-25T12:45:00","12:45 PM","//silver.afi.com/Ticketing/visSelectTickets.aspx?cinemacode=1001&txtSessionId=32262&visLang=1","Film noir","98 Minutes","AFI - AFI Silver 1"
NA,"f-0100003630","32211","Count Gore presents A NIGHTMARE ON ELM STREET","https://www.youtube.com/watch?v=dCVh4lBfW-c","//silver.afi.com/CDN/media/entity/get/FilmPosterGraphic/f-0100003630?width=121&height=180&referenceScheme=Global&allowPlaceHolder=true","Saturday, October 29, 2022","2022-10-29T19:00:00","07:00 PM","//silver.afi.com/Ticketing/visSelectTickets.aspx?cinemacode=1001&txtSessionId=32211&visLang=1","Horror","121 Minutes","AFI - AFI Silver 1"
NA,"f-0100001869","32234","CROSSFIRE (1947)","https://www.youtube.com/watch?v=AosW1dIPjTk","//silver.afi.com/CDN/media/entity/get/FilmPosterGraphic/f-0100001869?width=121&height=180&referenceScheme=Global&allowPlaceHolder=true","Saturday, October 15, 2022","2022-10-15T12:15:00","12:15 PM","//silver.afi.com/Ticketing/visSelectTickets.aspx?cinemacode=1001&txtSessionId=32234&visLang=1","Film noir","86 Minutes","AFI - AFI Silver 1"
NA,"f-0100001869","32235","CROSSFIRE (1947)","https://www.youtube.com/watch?v=AosW1dIPjTk","//silver.afi.com/CDN/media/entity/get/FilmPosterGraphic/f-0100001869?width=121&height=180&referenceScheme=Global&allowPlaceHolder=true","Saturday, October 15, 2022","2022-10-20T17:00:00","05:00 PM","//silver.afi.com/Ticketing/visSelectTickets.aspx?cinemacode=1001&txtSessionId=32235&visLang=1","Film noir","86 Minutes","AFI - AFI Silver 1"
NA,"f-0100001001","32248","DARK CORNER, THE in 35mm","https://www.youtube.com/watch?v=db5-nMHg39U","//silver.afi.com/CDN/media/entity/get/FilmPosterGraphic/f-0100001001?width=121&height=180&referenceScheme=Global&allowPlaceHolder=true","Sunday, October 16, 2022","2022-10-16T14:00:00","02:00 PM","//silver.afi.com/Ticketing/visSelectTickets.aspx?cinemacode=1001&txtSessionId=32248&visLang=1","Film noir","99 Minutes","AFI - AFI Silver 1"
NA,"f-0100001001","32249","DARK CORNER, THE in 35mm","https://www.youtube.com/watch?v=db5-nMHg39U","//silver.afi.com/CDN/media/entity/get/FilmPosterGraphic/f-0100001001?width=121&height=180&referenceScheme=Global&allowPlaceHolder=true","Sunday, October 16, 2022","2022-10-20T20:45:00","08:45 PM","//silver.afi.com/Ticketing/visSelectTickets.aspx?cinemacode=1001&txtSessionId=32249&visLang=1","Film noir","99 Minutes","AFI - AFI Silver 1"
NA,"f-0100003707","32843","DARK GLASSES","https://www.youtube.com/watch?v=uplxZ9JiA1o","//silver.afi.com/CDN/media/entity/get/FilmPosterGraphic/f-0100003707?width=121&height=180&referenceScheme=Global&allowPlaceHolder=true","Saturday, October 15, 2022","2022-10-15T21:30:00","09:30 PM","//silver.afi.com/Ticketing/visSelectTickets.aspx?cinemacode=1001&txtSessionId=32843&visLang=1","Horror","86 Minutes","AFI - AFI Silver 2"
NA,"f-0100003707","32849","DARK GLASSES","https://www.youtube.com/watch?v=uplxZ9JiA1o","//silver.afi.com/CDN/media/entity/get/FilmPosterGraphic/f-0100003707?width=121&height=180&referenceScheme=Global&allowPlaceHolder=true","Saturday, October 15, 2022","2022-10-19T21:30:00","09:30 PM","//silver.afi.com/Ticketing/visSelectTickets.aspx?cinemacode=1001&txtSessionId=32849&visLang=1","Horror","86 Minutes","AFI - AFI Silver 2"
NA,"f-0100003648","32250","DESPERATE (1947)","https://www.youtube.com/watch?v=ieq5-rEvt5E","//silver.afi.com/CDN/media/entity/get/FilmPosterGraphic/f-0100003648?width=121&height=180&referenceScheme=Global&allowPlaceHolder=true","Sunday, October 16, 2022","2022-10-16T21:45:00","09:45 PM","//silver.afi.com/Ticketing/visSelectTickets.aspx?cinemacode=1001&txtSessionId=32250&visLang=1","Film noir","73 Minutes","AFI - AFI Silver 1"
NA,"f-0100003648","32251","DESPERATE (1947)","https://www.youtube.com/watch?v=ieq5-rEvt5E","//silver.afi.com/CDN/media/entity/get/FilmPosterGraphic/f-0100003648?width=121&height=180&referenceScheme=Global&allowPlaceHolder=true","Sunday, October 16, 2022","2022-10-17T21:15:00","09:15 PM","//silver.afi.com/Ticketing/visSelectTickets.aspx?cinemacode=1001&txtSessionId=32251&visLang=1","Film noir","73 Minutes","AFI - AFI Silver 1"
NA,"f-0100003648","32329","DESPERATE (1947)","https://www.youtube.com/watch?v=ieq5-rEvt5E","//silver.afi.com/CDN/media/entity/get/FilmPosterGraphic/f-0100003648?width=121&height=180&referenceScheme=Global&allowPlaceHolder=true","Sunday, October 16, 2022","2022-10-18T17:15:00","05:15 PM","//silver.afi.com/Ticketing/visSelectTickets.aspx?cinemacode=1001&txtSessionId=32329&visLang=1","Film noir","73 Minutes","AFI - AFI Silver 1"
NA,"f-0100001026","32750","FAUST (1926)","https://www.youtube.com/watch?v=kV3bjDVIEl0","//silver.afi.com/CDN/media/entity/get/FilmPosterGraphic/f-0100001026?width=121&height=180&referenceScheme=Global&allowPlaceHolder=true","Saturday, October 29, 2022","2022-10-29T14:00:00","02:00 PM","//silver.afi.com/Ticketing/visSelectTickets.aspx?cinemacode=1001&txtSessionId=32750&visLang=1","Drama","106 Minutes","AFI - AFI Silver 1"
NA,"f-0100000079","32752","GHOSTBUSTERS (1984)","https://www.youtube.com/watch?v=wQAljlSmjC8","//silver.afi.com/CDN/media/entity/get/FilmPosterGraphic/f-0100000079?width=121&height=180&referenceScheme=Global&allowPlaceHolder=true","Sunday, October 30, 2022","2022-10-30T18:45:00","06:45 PM","//silver.afi.com/Ticketing/visSelectTickets.aspx?cinemacode=1001&txtSessionId=32752&visLang=1","Comedy","105 Minutes","AFI - AFI Silver 1"
NA,"f-0100000079","32753","GHOSTBUSTERS (1984)","https://www.youtube.com/watch?v=wQAljlSmjC8","//silver.afi.com/CDN/media/entity/get/FilmPosterGraphic/f-0100000079?width=121&height=180&referenceScheme=Global&allowPlaceHolder=true","Sunday, October 30, 2022","2022-10-31T13:00:00","01:00 PM","//silver.afi.com/Ticketing/visSelectTickets.aspx?cinemacode=1001&txtSessionId=32753&visLang=1","Comedy","105 Minutes","AFI - AFI Silver 1"
NA,"f-0100000079","32754","GHOSTBUSTERS (1984)","https://www.youtube.com/watch?v=wQAljlSmjC8","//silver.afi.com/CDN/media/entity/get/FilmPosterGraphic/f-0100000079?width=121&height=180&referenceScheme=Global&allowPlaceHolder=true","Sunday, October 30, 2022","2022-11-01T13:00:00","01:00 PM","//silver.afi.com/Ticketing/visSelectTickets.aspx?cinemacode=1001&txtSessionId=32754&visLang=1","Comedy","105 Minutes","AFI - AFI Silver 1"
NA,"f-0100000079","32755","GHOSTBUSTERS (1984)","https://www.youtube.com/watch?v=wQAljlSmjC8","//silver.afi.com/CDN/media/entity/get/FilmPosterGraphic/f-0100000079?width=121&height=180&referenceScheme=Global&allowPlaceHolder=true","Sunday, October 30, 2022","2022-11-01T17:00:00","05:00 PM","//silver.afi.com/Ticketing/visSelectTickets.aspx?cinemacode=1001&txtSessionId=32755&visLang=1","Comedy","105 Minutes","AFI - AFI Silver 1"
NA,"f-0100000079","32756","GHOSTBUSTERS (1984)","https://www.youtube.com/watch?v=wQAljlSmjC8","//silver.afi.com/CDN/media/entity/get/FilmPosterGraphic/f-0100000079?width=121&height=180&referenceScheme=Global&allowPlaceHolder=true","Sunday, October 30, 2022","2022-11-03T13:00:00","01:00 PM","//silver.afi.com/Ticketing/visSelectTickets.aspx?cinemacode=1001&txtSessionId=32756&visLang=1","Comedy","105 Minutes","AFI - AFI Silver 1"
NA,"f-0100000079","32757","GHOSTBUSTERS (1984)","https://www.youtube.com/watch?v=wQAljlSmjC8","//silver.afi.com/CDN/media/entity/get/FilmPosterGraphic/f-0100000079?width=121&height=180&referenceScheme=Global&allowPlaceHolder=true","Sunday, October 30, 2022","2022-11-03T17:00:00","05:00 PM","//silver.afi.com/Ticketing/visSelectTickets.aspx?cinemacode=1001&txtSessionId=32757&visLang=1","Comedy","105 Minutes","AFI - AFI Silver 1"
NA,"f-0100003188","32775","GOODBYE, DRAGON INN","https://www.youtube.com/watch?v=JiDI-F0jvAo","//silver.afi.com/CDN/media/entity/get/FilmPosterGraphic/f-0100003188?width=121&height=180&referenceScheme=Global&allowPlaceHolder=true","Thursday, October 13, 2022","2022-10-13T21:25:00","09:25 PM","//silver.afi.com/Ticketing/visSelectTickets.aspx?cinemacode=1001&txtSessionId=32775&visLang=1","Drama","82 Minutes","AFI - AFI Silver 1"
NA,"f-0100003188","32776","GOODBYE, DRAGON INN","https://www.youtube.com/watch?v=JiDI-F0jvAo","//silver.afi.com/CDN/media/entity/get/FilmPosterGraphic/f-0100003188?width=121&height=180&referenceScheme=Global&allowPlaceHolder=true","Thursday, October 13, 2022","2022-10-16T19:00:00","07:00 PM","//silver.afi.com/Ticketing/visSelectTickets.aspx?cinemacode=1001&txtSessionId=32776&visLang=1","Drama","82 Minutes","AFI - AFI Silver 2"
NA,"f-0100002743","32763","HÄXAN","https://www.youtube.com/watch?v=xFqhJTuvHnc","//silver.afi.com/CDN/media/entity/get/FilmPosterGraphic/f-0100002743?width=121&height=180&referenceScheme=Global&allowPlaceHolder=true","Sunday, October 30, 2022","2022-10-30T16:00:00","04:00 PM","//silver.afi.com/Ticketing/visSelectTickets.aspx?cinemacode=1001&txtSessionId=32763&visLang=1","Horror fantasy","105 Minutes","AFI - AFI Silver 1"
NA,"f-0100003703","32765","HOCUS POCUS (1993)","https://www.youtube.com/watch?v=F4e6YQFrt1s","//silver.afi.com/CDN/media/entity/get/FilmPosterGraphic/f-0100003703?width=121&height=180&referenceScheme=Global&allowPlaceHolder=true","Monday, October 31, 2022","2022-10-31T17:00:00","05:00 PM","//silver.afi.com/Ticketing/visSelectTickets.aspx?cinemacode=1001&txtSessionId=32765&visLang=1","Comedy","96 Minutes","AFI - AFI Silver 1"
NA,"f-0100003703","32766","HOCUS POCUS (1993)","https://www.youtube.com/watch?v=F4e6YQFrt1s","//silver.afi.com/CDN/media/entity/get/FilmPosterGraphic/f-0100003703?width=121&height=180&referenceScheme=Global&allowPlaceHolder=true","Monday, October 31, 2022","2022-11-02T17:00:00","05:00 PM","//silver.afi.com/Ticketing/visSelectTickets.aspx?cinemacode=1001&txtSessionId=32766&visLang=1","Comedy","96 Minutes","AFI - AFI Silver 1"
NA,"f-0100001438","32844","HOUSE (1977)","https://www.youtube.com/watch?v=WQ_Yo06kIIA","//silver.afi.com/CDN/media/entity/get/FilmPosterGraphic/f-0100001438?width=121&height=180&referenceScheme=Global&allowPlaceHolder=true","Saturday, November 19, 2022","2022-11-19T22:00:00","10:00 PM","//silver.afi.com/Ticketing/visSelectTickets.aspx?cinemacode=1001&txtSessionId=32844&visLang=1","Horror fantasy","88 Minutes","AFI - AFI Silver 1"
NA,"f-0100001438","32845","HOUSE (1977)","https://www.youtube.com/watch?v=WQ_Yo06kIIA","//silver.afi.com/CDN/media/entity/get/FilmPosterGraphic/f-0100001438?width=121&height=180&referenceScheme=Global&allowPlaceHolder=true","Saturday, November 19, 2022","2022-11-21T21:15:00","09:15 PM","//silver.afi.com/Ticketing/visSelectTickets.aspx?cinemacode=1001&txtSessionId=32845&visLang=1","Horror fantasy","88 Minutes","AFI - AFI Silver 1"
NA,"f-0100001438","32846","HOUSE (1977)","https://www.youtube.com/watch?v=WQ_Yo06kIIA","//silver.afi.com/CDN/media/entity/get/FilmPosterGraphic/f-0100001438?width=121&height=180&referenceScheme=Global&allowPlaceHolder=true","Saturday, November 19, 2022","2022-11-22T21:15:00","09:15 PM","//silver.afi.com/Ticketing/visSelectTickets.aspx?cinemacode=1001&txtSessionId=32846&visLang=1","Horror fantasy","88 Minutes","AFI - AFI Silver 1"
NA,"f-0100001438","32847","HOUSE (1977)","https://www.youtube.com/watch?v=WQ_Yo06kIIA","//silver.afi.com/CDN/media/entity/get/FilmPosterGraphic/f-0100001438?width=121&height=180&referenceScheme=Global&allowPlaceHolder=true","Saturday, November 19, 2022","2022-11-23T21:15:00","09:15 PM","//silver.afi.com/Ticketing/visSelectTickets.aspx?cinemacode=1001&txtSessionId=32847&visLang=1","Horror fantasy","88 Minutes","AFI - AFI Silver 1"
NA,"f-0100003702","32758","I MARRIED A WITCH","https://www.youtube.com/watch?v=YJpxVbzzZt4","//silver.afi.com/CDN/media/entity/get/FilmPosterGraphic/f-0100003702?width=121&height=180&referenceScheme=Global&allowPlaceHolder=true","Sunday, October 30, 2022","2022-10-30T11:30:00","11:30 AM","//silver.afi.com/Ticketing/visSelectTickets.aspx?cinemacode=1001&txtSessionId=32758&visLang=1","Comedy","77 Minutes","AFI - AFI Silver 1"
NA,"f-0100003702","32759","I MARRIED A WITCH","https://www.youtube.com/watch?v=YJpxVbzzZt4","//silver.afi.com/CDN/media/entity/get/FilmPosterGraphic/f-0100003702?width=121&height=180&referenceScheme=Global&allowPlaceHolder=true","Sunday, October 30, 2022","2022-10-31T15:15:00","03:15 PM","//silver.afi.com/Ticketing/visSelectTickets.aspx?cinemacode=1001&txtSessionId=32759&visLang=1","Comedy","77 Minutes","AFI - AFI Silver 1"
NA,"f-0100003702","32760","I MARRIED A WITCH","https://www.youtube.com/watch?v=YJpxVbzzZt4","//silver.afi.com/CDN/media/entity/get/FilmPosterGraphic/f-0100003702?width=121&height=180&referenceScheme=Global&allowPlaceHolder=true","Sunday, October 30, 2022","2022-11-01T15:15:00","03:15 PM","//silver.afi.com/Ticketing/visSelectTickets.aspx?cinemacode=1001&txtSessionId=32760&visLang=1","Comedy","77 Minutes","AFI - AFI Silver 1"
NA,"f-0100003702","32761","I MARRIED A WITCH","https://www.youtube.com/watch?v=YJpxVbzzZt4","//silver.afi.com/CDN/media/entity/get/FilmPosterGraphic/f-0100003702?width=121&height=180&referenceScheme=Global&allowPlaceHolder=true","Sunday, October 30, 2022","2022-11-03T15:15:00","03:15 PM","//silver.afi.com/Ticketing/visSelectTickets.aspx?cinemacode=1001&txtSessionId=32761&visLang=1","Comedy","77 Minutes","AFI - AFI Silver 1"
NA,"f-0100001304","32227","LADY FROM SHANGHAI, THE","https://www.youtube.com/watch?v=R3lW5UKsbP4","//silver.afi.com/CDN/media/entity/get/FilmPosterGraphic/f-0100001304?width=121&height=180&referenceScheme=Global&allowPlaceHolder=true","Friday, October 14, 2022","2022-10-14T21:30:00","09:30 PM","//silver.afi.com/Ticketing/visSelectTickets.aspx?cinemacode=1001&txtSessionId=32227&visLang=1","Film noir","87 Minutes","AFI - AFI Silver 1"
NA,"f-0100001304","32229","LADY FROM SHANGHAI, THE","https://www.youtube.com/watch?v=R3lW5UKsbP4","//silver.afi.com/CDN/media/entity/get/FilmPosterGraphic/f-0100001304?width=121&height=180&referenceScheme=Global&allowPlaceHolder=true","Friday, October 14, 2022","2022-10-18T15:10:00","03:10 PM","//silver.afi.com/Ticketing/visSelectTickets.aspx?cinemacode=1001&txtSessionId=32229&visLang=1","Film noir","87 Minutes","AFI - AFI Silver 1"
NA,"f-0100001304","32230","LADY FROM SHANGHAI, THE","https://www.youtube.com/watch?v=R3lW5UKsbP4","//silver.afi.com/CDN/media/entity/get/FilmPosterGraphic/f-0100001304?width=121&height=180&referenceScheme=Global&allowPlaceHolder=true","Friday, October 14, 2022","2022-10-19T18:45:00","06:45 PM","//silver.afi.com/Ticketing/visSelectTickets.aspx?cinemacode=1001&txtSessionId=32230&visLang=1","Film noir","87 Minutes","AFI - AFI Silver 3"
NA,"f-0100001304","32231","LADY FROM SHANGHAI, THE","https://www.youtube.com/watch?v=R3lW5UKsbP4","//silver.afi.com/CDN/media/entity/get/FilmPosterGraphic/f-0100001304?width=121&height=180&referenceScheme=Global&allowPlaceHolder=true","Friday, October 14, 2022","2022-10-20T15:10:00","03:10 PM","//silver.afi.com/Ticketing/visSelectTickets.aspx?cinemacode=1001&txtSessionId=32231&visLang=1","Film noir","87 Minutes","AFI - AFI Silver 1"
NA,"f-0100003645","32282","LURED (1947)","https://www.youtube.com/watch?v=1IlbW2LCue0","//silver.afi.com/CDN/media/entity/get/FilmPosterGraphic/f-0100003645?width=121&height=180&referenceScheme=Global&allowPlaceHolder=true","Sunday, October 23, 2022","2022-10-23T12:00:00","12:00 PM","//silver.afi.com/Ticketing/visSelectTickets.aspx?cinemacode=1001&txtSessionId=32282&visLang=1","Film noir","102 Minutes","AFI - AFI Silver 1"
NA,"f-0100003645","32283","LURED (1947)","https://www.youtube.com/watch?v=1IlbW2LCue0","//silver.afi.com/CDN/media/entity/get/FilmPosterGraphic/f-0100003645?width=121&height=180&referenceScheme=Global&allowPlaceHolder=true","Sunday, October 23, 2022","2022-10-24T17:00:00","05:00 PM","//silver.afi.com/Ticketing/visSelectTickets.aspx?cinemacode=1001&txtSessionId=32283&visLang=1","Film noir","102 Minutes","AFI - AFI Silver 1"
NA,"f-0100003645","32284","LURED (1947)","https://www.youtube.com/watch?v=1IlbW2LCue0","//silver.afi.com/CDN/media/entity/get/FilmPosterGraphic/f-0100003645?width=121&height=180&referenceScheme=Global&allowPlaceHolder=true","Sunday, October 23, 2022","2022-10-26T12:45:00","12:45 PM","//silver.afi.com/Ticketing/visSelectTickets.aspx?cinemacode=1001&txtSessionId=32284&visLang=1","Film noir","102 Minutes","AFI - AFI Silver 1"
NA,"f-0100000005","32345","MAN WITH A MOVIE CAMERA","https://www.youtube.com/watch?v=6imfNtrEHP0","//silver.afi.com/CDN/media/entity/get/FilmPosterGraphic/f-0100000005?width=121&height=180&referenceScheme=Global&allowPlaceHolder=true","Friday, November 04, 2022","2022-11-04T19:15:00","07:15 PM","//silver.afi.com/Ticketing/visSelectTickets.aspx?cinemacode=1001&txtSessionId=32345&visLang=1","Silent documentary","68 Minutes","AFI - AFI Silver 1"
NA,"f-0100003699","32773","MEET ME IN THE BATHROOM","https://www.youtube.com/watch?v=C_TS6b9AxAY","//silver.afi.com/CDN/media/entity/get/FilmPosterGraphic/f-0100003699?width=121&height=180&referenceScheme=Global&allowPlaceHolder=true","Tuesday, November 08, 2022","2022-11-08T19:00:00","07:00 PM","//silver.afi.com/Ticketing/visSelectTickets.aspx?cinemacode=1001&txtSessionId=32773&visLang=1","Documentary - music","108 Minutes","AFI - AFI Silver 1"
NA,"f-0100003698","32814","MOONAGE DAYDREAM","https://www.youtube.com/watch?v=7fmmt_Svn0M","//silver.afi.com/CDN/media/entity/get/FilmPosterGraphic/f-0100003698?width=121&height=180&referenceScheme=Global&allowPlaceHolder=true","Thursday, October 13, 2022","2022-10-13T13:00:00","01:00 PM","//silver.afi.com/Ticketing/visSelectTickets.aspx?cinemacode=1001&txtSessionId=32814&visLang=1","Documentary - music","134 Minutes","AFI - AFI Silver 2"
NA,"f-0100003698","32839","MOONAGE DAYDREAM","https://www.youtube.com/watch?v=7fmmt_Svn0M","//silver.afi.com/CDN/media/entity/get/FilmPosterGraphic/f-0100003698?width=121&height=180&referenceScheme=Global&allowPlaceHolder=true","Thursday, October 13, 2022","2022-10-13T21:00:00","09:00 PM","//silver.afi.com/Ticketing/visSelectTickets.aspx?cinemacode=1001&txtSessionId=32839&visLang=1","Documentary - music","134 Minutes","AFI - AFI Silver 3"
NA,"f-0100003698","32880","MOONAGE DAYDREAM","https://www.youtube.com/watch?v=7fmmt_Svn0M","//silver.afi.com/CDN/media/entity/get/FilmPosterGraphic/f-0100003698?width=121&height=180&referenceScheme=Global&allowPlaceHolder=true","Thursday, October 13, 2022","2022-10-14T15:45:00","03:45 PM","//silver.afi.com/Ticketing/visSelectTickets.aspx?cinemacode=1001&txtSessionId=32880&visLang=1","Documentary - music","134 Minutes","AFI - AFI Silver 3"
NA,"f-0100003698","32877","MOONAGE DAYDREAM","https://www.youtube.com/watch?v=7fmmt_Svn0M","//silver.afi.com/CDN/media/entity/get/FilmPosterGraphic/f-0100003698?width=121&height=180&referenceScheme=Global&allowPlaceHolder=true","Thursday, October 13, 2022","2022-10-14T21:00:00","09:00 PM","//silver.afi.com/Ticketing/visSelectTickets.aspx?cinemacode=1001&txtSessionId=32877&visLang=1","Documentary - music","134 Minutes","AFI - AFI Silver 2"
NA,"f-0100003698","32890","MOONAGE DAYDREAM","https://www.youtube.com/watch?v=7fmmt_Svn0M","//silver.afi.com/CDN/media/entity/get/FilmPosterGraphic/f-0100003698?width=121&height=180&referenceScheme=Global&allowPlaceHolder=true","Thursday, October 13, 2022","2022-10-15T15:45:00","03:45 PM","//silver.afi.com/Ticketing/visSelectTickets.aspx?cinemacode=1001&txtSessionId=32890&visLang=1","Documentary - music","134 Minutes","AFI - AFI Silver 3"
NA,"f-0100003698","32894","MOONAGE DAYDREAM","https://www.youtube.com/watch?v=7fmmt_Svn0M","//silver.afi.com/CDN/media/entity/get/FilmPosterGraphic/f-0100003698?width=121&height=180&referenceScheme=Global&allowPlaceHolder=true","Thursday, October 13, 2022","2022-10-16T15:45:00","03:45 PM","//silver.afi.com/Ticketing/visSelectTickets.aspx?cinemacode=1001&txtSessionId=32894&visLang=1","Documentary - music","134 Minutes","AFI - AFI Silver 3"
NA,"f-0100003698","32887","MOONAGE DAYDREAM","https://www.youtube.com/watch?v=7fmmt_Svn0M","//silver.afi.com/CDN/media/entity/get/FilmPosterGraphic/f-0100003698?width=121&height=180&referenceScheme=Global&allowPlaceHolder=true","Thursday, October 13, 2022","2022-10-16T21:00:00","09:00 PM","//silver.afi.com/Ticketing/visSelectTickets.aspx?cinemacode=1001&txtSessionId=32887&visLang=1","Documentary - music","134 Minutes","AFI - AFI Silver 2"
NA,"f-0100003698","32898","MOONAGE DAYDREAM","https://www.youtube.com/watch?v=7fmmt_Svn0M","//silver.afi.com/CDN/media/entity/get/FilmPosterGraphic/f-0100003698?width=121&height=180&referenceScheme=Global&allowPlaceHolder=true","Thursday, October 13, 2022","2022-10-17T15:45:00","03:45 PM","//silver.afi.com/Ticketing/visSelectTickets.aspx?cinemacode=1001&txtSessionId=32898&visLang=1","Documentary - music","134 Minutes","AFI - AFI Silver 3"
NA,"f-0100003698","32911","MOONAGE DAYDREAM","https://www.youtube.com/watch?v=7fmmt_Svn0M","//silver.afi.com/CDN/media/entity/get/FilmPosterGraphic/f-0100003698?width=121&height=180&referenceScheme=Global&allowPlaceHolder=true","Thursday, October 13, 2022","2022-10-17T21:00:00","09:00 PM","//silver.afi.com/Ticketing/visSelectTickets.aspx?cinemacode=1001&txtSessionId=32911&visLang=1","Documentary - music","134 Minutes","AFI - AFI Silver 2"
NA,"f-0100003698","32902","MOONAGE DAYDREAM","https://www.youtube.com/watch?v=7fmmt_Svn0M","//silver.afi.com/CDN/media/entity/get/FilmPosterGraphic/f-0100003698?width=121&height=180&referenceScheme=Global&allowPlaceHolder=true","Thursday, October 13, 2022","2022-10-18T15:45:00","03:45 PM","//silver.afi.com/Ticketing/visSelectTickets.aspx?cinemacode=1001&txtSessionId=32902&visLang=1","Documentary - music","134 Minutes","AFI - AFI Silver 3"
NA,"f-0100003698","32915","MOONAGE DAYDREAM","https://www.youtube.com/watch?v=7fmmt_Svn0M","//silver.afi.com/CDN/media/entity/get/FilmPosterGraphic/f-0100003698?width=121&height=180&referenceScheme=Global&allowPlaceHolder=true","Thursday, October 13, 2022","2022-10-18T21:00:00","09:00 PM","//silver.afi.com/Ticketing/visSelectTickets.aspx?cinemacode=1001&txtSessionId=32915&visLang=1","Documentary - music","134 Minutes","AFI - AFI Silver 2"
NA,"f-0100003698","32921","MOONAGE DAYDREAM","https://www.youtube.com/watch?v=7fmmt_Svn0M","//silver.afi.com/CDN/media/entity/get/FilmPosterGraphic/f-0100003698?width=121&height=180&referenceScheme=Global&allowPlaceHolder=true","Thursday, October 13, 2022","2022-10-19T15:45:00","03:45 PM","//silver.afi.com/Ticketing/visSelectTickets.aspx?cinemacode=1001&txtSessionId=32921&visLang=1","Documentary - music","134 Minutes","AFI - AFI Silver 3"
NA,"f-0100003698","32906","MOONAGE DAYDREAM","https://www.youtube.com/watch?v=7fmmt_Svn0M","//silver.afi.com/CDN/media/entity/get/FilmPosterGraphic/f-0100003698?width=121&height=180&referenceScheme=Global&allowPlaceHolder=true","Thursday, October 13, 2022","2022-10-20T15:45:00","03:45 PM","//silver.afi.com/Ticketing/visSelectTickets.aspx?cinemacode=1001&txtSessionId=32906&visLang=1","Documentary - music","134 Minutes","AFI - AFI Silver 3"
NA,"f-0100003698","32925","MOONAGE DAYDREAM","https://www.youtube.com/watch?v=7fmmt_Svn0M","//silver.afi.com/CDN/media/entity/get/FilmPosterGraphic/f-0100003698?width=121&height=180&referenceScheme=Global&allowPlaceHolder=true","Thursday, October 13, 2022","2022-10-20T21:00:00","09:00 PM","//silver.afi.com/Ticketing/visSelectTickets.aspx?cinemacode=1001&txtSessionId=32925&visLang=1","Documentary - music","134 Minutes","AFI - AFI Silver 2"
NA,"f-0100003635","32241","NIGHTMARE ALLEY (1947)","https://www.youtube.com/watch?v=a7Nly0xSm1E","//silver.afi.com/CDN/media/entity/get/FilmPosterGraphic/f-0100003635?width=121&height=180&referenceScheme=Global&allowPlaceHolder=true","Saturday, October 15, 2022","2022-10-15T21:00:00","09:00 PM","//silver.afi.com/Ticketing/visSelectTickets.aspx?cinemacode=1001&txtSessionId=32241&visLang=1","Film noir","110 Minutes","AFI - AFI Silver 1"
NA,"f-0100003635","32242","NIGHTMARE ALLEY (1947)","https://www.youtube.com/watch?v=a7Nly0xSm1E","//silver.afi.com/CDN/media/entity/get/FilmPosterGraphic/f-0100003635?width=121&height=180&referenceScheme=Global&allowPlaceHolder=true","Saturday, October 15, 2022","2022-10-20T18:45:00","06:45 PM","//silver.afi.com/Ticketing/visSelectTickets.aspx?cinemacode=1001&txtSessionId=32242&visLang=1","Film noir","110 Minutes","AFI - AFI Silver 2"
NA,"f-0100000238","32343","NOSFERATU: A SYMPHONY OF HORROR (1922)","https://www.youtube.com/watch?v=nx_9jIlk7S0","//silver.afi.com/CDN/media/entity/get/FilmPosterGraphic/f-0100000238?width=121&height=180&referenceScheme=Global&allowPlaceHolder=true","Friday, October 28, 2022","2022-10-28T19:15:00","07:15 PM","//silver.afi.com/Ticketing/visSelectTickets.aspx?cinemacode=1001&txtSessionId=32343&visLang=1","Silent horror","85 Minutes","AFI - AFI Silver 1"
NA,"f-0100000238","32344","NOSFERATU: A SYMPHONY OF HORROR (1922)","https://www.youtube.com/watch?v=nx_9jIlk7S0","//silver.afi.com/CDN/media/entity/get/FilmPosterGraphic/f-0100000238?width=121&height=180&referenceScheme=Global&allowPlaceHolder=true","Friday, October 28, 2022","2022-10-28T21:30:00","09:30 PM","//silver.afi.com/Ticketing/visSelectTickets.aspx?cinemacode=1001&txtSessionId=32344&visLang=1","Silent horror","85 Minutes","AFI - AFI Silver 1"
NA,"f-0100002557","32265","ODDS AGAINST TOMORROW","https://www.youtube.com/watch?v=eYkvH-UWQec","//silver.afi.com/CDN/media/entity/get/FilmPosterGraphic/f-0100002557?width=121&height=180&referenceScheme=Global&allowPlaceHolder=true","Friday, October 21, 2022","2022-10-21T21:30:00","09:30 PM","//silver.afi.com/Ticketing/visSelectTickets.aspx?cinemacode=1001&txtSessionId=32265&visLang=1","Crime drama","96 Minutes","AFI - AFI Silver 1"
NA,"f-0100002557","32267","ODDS AGAINST TOMORROW","https://www.youtube.com/watch?v=eYkvH-UWQec","//silver.afi.com/CDN/media/entity/get/FilmPosterGraphic/f-0100002557?width=121&height=180&referenceScheme=Global&allowPlaceHolder=true","Friday, October 21, 2022","2022-10-25T15:00:00","03:00 PM","//silver.afi.com/Ticketing/visSelectTickets.aspx?cinemacode=1001&txtSessionId=32267&visLang=1","Crime drama","96 Minutes","AFI - AFI Silver 1"
NA,"f-0100002557","32266","ODDS AGAINST TOMORROW","https://www.youtube.com/watch?v=eYkvH-UWQec","//silver.afi.com/CDN/media/entity/get/FilmPosterGraphic/f-0100002557?width=121&height=180&referenceScheme=Global&allowPlaceHolder=true","Friday, October 21, 2022","2022-10-27T12:45:00","12:45 PM","//silver.afi.com/Ticketing/visSelectTickets.aspx?cinemacode=1001&txtSessionId=32266&visLang=1","Crime drama","96 Minutes","AFI - AFI Silver 1"
NA,"f-0100000514","32271","ON DANGEROUS GROUND (1951)","https://www.youtube.com/watch?v=Ry04YYpQnJQ","//silver.afi.com/CDN/media/entity/get/FilmPosterGraphic/f-0100000514?width=121&height=180&referenceScheme=Global&allowPlaceHolder=true","Saturday, October 22, 2022","2022-10-22T14:30:00","02:30 PM","//silver.afi.com/Ticketing/visSelectTickets.aspx?cinemacode=1001&txtSessionId=32271&visLang=1","Crime drama","82 Minutes","AFI - AFI Silver 1"
NA,"f-0100000514","32272","ON DANGEROUS GROUND (1951)","https://www.youtube.com/watch?v=Ry04YYpQnJQ","//silver.afi.com/CDN/media/entity/get/FilmPosterGraphic/f-0100000514?width=121&height=180&referenceScheme=Global&allowPlaceHolder=true","Saturday, October 22, 2022","2022-10-24T15:00:00","03:00 PM","//silver.afi.com/Ticketing/visSelectTickets.aspx?cinemacode=1001&txtSessionId=32272&visLang=1","Crime drama","82 Minutes","AFI - AFI Silver 1"
NA,"f-0100000514","32273","ON DANGEROUS GROUND (1951)","https://www.youtube.com/watch?v=Ry04YYpQnJQ","//silver.afi.com/CDN/media/entity/get/FilmPosterGraphic/f-0100000514?width=121&height=180&referenceScheme=Global&allowPlaceHolder=true","Saturday, October 22, 2022","2022-10-24T19:00:00","07:00 PM","//silver.afi.com/Ticketing/visSelectTickets.aspx?cinemacode=1001&txtSessionId=32273&visLang=1","Crime drama","82 Minutes","AFI - AFI Silver 2"
NA,"f-0100000514","32274","ON DANGEROUS GROUND (1951)","https://www.youtube.com/watch?v=Ry04YYpQnJQ","//silver.afi.com/CDN/media/entity/get/FilmPosterGraphic/f-0100000514?width=121&height=180&referenceScheme=Global&allowPlaceHolder=true","Saturday, October 22, 2022","2022-10-26T15:00:00","03:00 PM","//silver.afi.com/Ticketing/visSelectTickets.aspx?cinemacode=1001&txtSessionId=32274&visLang=1","Crime drama","82 Minutes","AFI - AFI Silver 1"
NA,"f-0100003712","32863","Our Gang comedy shorts program","https://www.youtube.com/watch?v=WSt-TXk82UU","//silver.afi.com/CDN/media/entity/get/FilmPosterGraphic/f-0100003712?width=121&height=180&referenceScheme=Global&allowPlaceHolder=true","Sunday, November 13, 2022","2022-11-13T13:15:00","01:15 PM","//silver.afi.com/Ticketing/visSelectTickets.aspx?cinemacode=1001&txtSessionId=32863&visLang=1","Silent comedy","85 Minutes","AFI - AFI Silver 1"
NA,"f-0100001221","32222","OUT OF THE PAST (1947)","https://www.youtube.com/watch?v=qiIB8Y8PBe8","//silver.afi.com/CDN/media/entity/get/FilmPosterGraphic/f-0100001221?width=121&height=180&referenceScheme=Global&allowPlaceHolder=true","Friday, October 14, 2022","2022-10-14T19:15:00","07:15 PM","//silver.afi.com/Ticketing/visSelectTickets.aspx?cinemacode=1001&txtSessionId=32222&visLang=1","Film noir","97 Minutes","AFI - AFI Silver 1"
NA,"f-0100001221","32228","OUT OF THE PAST (1947)","https://www.youtube.com/watch?v=qiIB8Y8PBe8","//silver.afi.com/CDN/media/entity/get/FilmPosterGraphic/f-0100001221?width=121&height=180&referenceScheme=Global&allowPlaceHolder=true","Friday, October 14, 2022","2022-10-17T15:20:00","03:20 PM","//silver.afi.com/Ticketing/visSelectTickets.aspx?cinemacode=1001&txtSessionId=32228&visLang=1","Film noir","97 Minutes","AFI - AFI Silver 1"
NA,"f-0100001221","32225","OUT OF THE PAST (1947)","https://www.youtube.com/watch?v=qiIB8Y8PBe8","//silver.afi.com/CDN/media/entity/get/FilmPosterGraphic/f-0100001221?width=121&height=180&referenceScheme=Global&allowPlaceHolder=true","Friday, October 14, 2022","2022-10-19T15:20:00","03:20 PM","//silver.afi.com/Ticketing/visSelectTickets.aspx?cinemacode=1001&txtSessionId=32225&visLang=1","Film noir","97 Minutes","AFI - AFI Silver 1"
NA,"f-0100001221","32226","OUT OF THE PAST (1947)","https://www.youtube.com/watch?v=qiIB8Y8PBe8","//silver.afi.com/CDN/media/entity/get/FilmPosterGraphic/f-0100001221?width=121&height=180&referenceScheme=Global&allowPlaceHolder=true","Friday, October 14, 2022","2022-10-19T21:20:00","09:20 PM","//silver.afi.com/Ticketing/visSelectTickets.aspx?cinemacode=1001&txtSessionId=32226&visLang=1","Film noir","97 Minutes","AFI - AFI Silver 1"
NA,"f-0100003649","32346","PHANTOM OF THE OPERA (1925/1929)","https://www.youtube.com/watch?v=HYvbaILyc2s","//silver.afi.com/CDN/media/entity/get/FilmPosterGraphic/f-0100003649?width=121&height=180&referenceScheme=Global&allowPlaceHolder=true","Saturday, November 05, 2022","2022-11-05T14:00:00","02:00 PM","//silver.afi.com/Ticketing/visSelectTickets.aspx?cinemacode=1001&txtSessionId=32346&visLang=1","Silent horror","92 Minutes","AFI - AFI Silver 1"
NA,"f-0100003633","32327","PLACE IN THE SUN, A (1951)","https://www.youtube.com/watch?v=oM2se8-FFWg","//silver.afi.com/CDN/media/entity/get/FilmPosterGraphic/f-0100003633?width=121&height=180&referenceScheme=Global&allowPlaceHolder=true","Sunday, October 16, 2022","2022-10-16T16:30:00","04:30 PM","//silver.afi.com/Ticketing/visSelectTickets.aspx?cinemacode=1001&txtSessionId=32327&visLang=1","Film noir","122 Minutes","AFI - AFI Silver 1"
NA,"f-0100003633","32237","PLACE IN THE SUN, A (1951)","https://www.youtube.com/watch?v=oM2se8-FFWg","//silver.afi.com/CDN/media/entity/get/FilmPosterGraphic/f-0100003633?width=121&height=180&referenceScheme=Global&allowPlaceHolder=true","Sunday, October 16, 2022","2022-10-17T12:50:00","12:50 PM","//silver.afi.com/Ticketing/visSelectTickets.aspx?cinemacode=1001&txtSessionId=32237&visLang=1","Film noir","122 Minutes","AFI - AFI Silver 1"
NA,"f-0100003633","32238","PLACE IN THE SUN, A (1951)","https://www.youtube.com/watch?v=oM2se8-FFWg","//silver.afi.com/CDN/media/entity/get/FilmPosterGraphic/f-0100003633?width=121&height=180&referenceScheme=Global&allowPlaceHolder=true","Sunday, October 16, 2022","2022-10-19T12:50:00","12:50 PM","//silver.afi.com/Ticketing/visSelectTickets.aspx?cinemacode=1001&txtSessionId=32238&visLang=1","Film noir","122 Minutes","AFI - AFI Silver 1"
NA,"f-0100003646","32285","POSSESSED (1947)","https://www.youtube.com/watch?v=2XoWYeofNbs","//silver.afi.com/CDN/media/entity/get/FilmPosterGraphic/f-0100003646?width=121&height=180&referenceScheme=Global&allowPlaceHolder=true","Sunday, October 23, 2022","2022-10-23T14:20:00","02:20 PM","//silver.afi.com/Ticketing/visSelectTickets.aspx?cinemacode=1001&txtSessionId=32285&visLang=1","Film noir","108 Minutes","AFI - AFI Silver 1"
NA,"f-0100003646","32286","POSSESSED (1947)","https://www.youtube.com/watch?v=2XoWYeofNbs","//silver.afi.com/CDN/media/entity/get/FilmPosterGraphic/f-0100003646?width=121&height=180&referenceScheme=Global&allowPlaceHolder=true","Sunday, October 23, 2022","2022-10-24T19:15:00","07:15 PM","//silver.afi.com/Ticketing/visSelectTickets.aspx?cinemacode=1001&txtSessionId=32286&visLang=1","Film noir","108 Minutes","AFI - AFI Silver 1"
NA,"f-0100000593","32277","PROWLER, THE (1951) in 35mm","https://www.youtube.com/watch?v=uF14oWy_ujM","//silver.afi.com/CDN/media/entity/get/FilmPosterGraphic/f-0100000593?width=121&height=180&referenceScheme=Global&allowPlaceHolder=true","Saturday, October 22, 2022","2022-10-22T19:15:00","07:15 PM","//silver.afi.com/Ticketing/visSelectTickets.aspx?cinemacode=1001&txtSessionId=32277&visLang=1","Thriller","92 Minutes","AFI - AFI Silver 1"
NA,"f-0100000593","32278","PROWLER, THE (1951) in 35mm","https://www.youtube.com/watch?v=uF14oWy_ujM","//silver.afi.com/CDN/media/entity/get/FilmPosterGraphic/f-0100000593?width=121&height=180&referenceScheme=Global&allowPlaceHolder=true","Saturday, October 22, 2022","2022-10-25T21:30:00","09:30 PM","//silver.afi.com/Ticketing/visSelectTickets.aspx?cinemacode=1001&txtSessionId=32278&visLang=1","Thriller","92 Minutes","AFI - AFI Silver 1"
NA,"f-0100000593","32279","PROWLER, THE (1951) in 35mm","https://www.youtube.com/watch?v=uF14oWy_ujM","//silver.afi.com/CDN/media/entity/get/FilmPosterGraphic/f-0100000593?width=121&height=180&referenceScheme=Global&allowPlaceHolder=true","Saturday, October 22, 2022","2022-10-26T21:30:00","09:30 PM","//silver.afi.com/Ticketing/visSelectTickets.aspx?cinemacode=1001&txtSessionId=32279&visLang=1","Thriller","92 Minutes","AFI - AFI Silver 1"
NA,"f-0100003644","32275","RED HOUSE, THE (1947) in 35mm","https://www.youtube.com/watch?v=btmvCfmQeSM","//silver.afi.com/CDN/media/entity/get/FilmPosterGraphic/f-0100003644?width=121&height=180&referenceScheme=Global&allowPlaceHolder=true","Saturday, October 22, 2022","2022-10-22T16:45:00","04:45 PM","//silver.afi.com/Ticketing/visSelectTickets.aspx?cinemacode=1001&txtSessionId=32275&visLang=1","Film noir","100 Minutes","AFI - AFI Silver 1"
NA,"f-0100003644","32276","RED HOUSE, THE (1947) in 35mm","https://www.youtube.com/watch?v=btmvCfmQeSM","//silver.afi.com/CDN/media/entity/get/FilmPosterGraphic/f-0100003644?width=121&height=180&referenceScheme=Global&allowPlaceHolder=true","Saturday, October 22, 2022","2022-10-25T19:15:00","07:15 PM","//silver.afi.com/Ticketing/visSelectTickets.aspx?cinemacode=1001&txtSessionId=32276&visLang=1","Film noir","100 Minutes","AFI - AFI Silver 1"
NA,"f-0100003643","32268","SECRET BEYOND THE DOOR...","https://www.youtube.com/watch?v=q8PyGj8IFKI","//silver.afi.com/CDN/media/entity/get/FilmPosterGraphic/f-0100003643?width=121&height=180&referenceScheme=Global&allowPlaceHolder=true","Saturday, October 22, 2022","2022-10-22T12:15:00","12:15 PM","//silver.afi.com/Ticketing/visSelectTickets.aspx?cinemacode=1001&txtSessionId=32268&visLang=1","Film noir","99 Minutes","AFI - AFI Silver 1"
NA,"f-0100003643","32269","SECRET BEYOND THE DOOR...","https://www.youtube.com/watch?v=q8PyGj8IFKI","//silver.afi.com/CDN/media/entity/get/FilmPosterGraphic/f-0100003643?width=121&height=180&referenceScheme=Global&allowPlaceHolder=true","Saturday, October 22, 2022","2022-10-25T17:00:00","05:00 PM","//silver.afi.com/Ticketing/visSelectTickets.aspx?cinemacode=1001&txtSessionId=32269&visLang=1","Film noir","99 Minutes","AFI - AFI Silver 1"
NA,"f-0100003643","32270","SECRET BEYOND THE DOOR...","https://www.youtube.com/watch?v=q8PyGj8IFKI","//silver.afi.com/CDN/media/entity/get/FilmPosterGraphic/f-0100003643?width=121&height=180&referenceScheme=Global&allowPlaceHolder=true","Saturday, October 22, 2022","2022-10-27T21:20:00","09:20 PM","//silver.afi.com/Ticketing/visSelectTickets.aspx?cinemacode=1001&txtSessionId=32270&visLang=1","Film noir","99 Minutes","AFI - AFI Silver 2"
NA,"f-0100003628","32835","SEE HOW THEY RUN (2022)","https://www.youtube.com/watch?v=Q00qh7Ab6Mk","//silver.afi.com/CDN/media/entity/get/FilmPosterGraphic/f-0100003628?width=121&height=180&referenceScheme=Global&allowPlaceHolder=true","Thursday, October 13, 2022","2022-10-13T12:40:00","12:40 PM","//silver.afi.com/Ticketing/visSelectTickets.aspx?cinemacode=1001&txtSessionId=32835&visLang=1","Mystery comedy","98 Minutes","AFI - AFI Silver 3"
NA,"f-0100003628","32836","SEE HOW THEY RUN (2022)","https://www.youtube.com/watch?v=Q00qh7Ab6Mk","//silver.afi.com/CDN/media/entity/get/FilmPosterGraphic/f-0100003628?width=121&height=180&referenceScheme=Global&allowPlaceHolder=true","Thursday, October 13, 2022","2022-10-13T14:45:00","02:45 PM","//silver.afi.com/Ticketing/visSelectTickets.aspx?cinemacode=1001&txtSessionId=32836&visLang=1","Mystery comedy","98 Minutes","AFI - AFI Silver 3"
NA,"f-0100003628","32837","SEE HOW THEY RUN (2022)","https://www.youtube.com/watch?v=Q00qh7Ab6Mk","//silver.afi.com/CDN/media/entity/get/FilmPosterGraphic/f-0100003628?width=121&height=180&referenceScheme=Global&allowPlaceHolder=true","Thursday, October 13, 2022","2022-10-13T16:50:00","04:50 PM","//silver.afi.com/Ticketing/visSelectTickets.aspx?cinemacode=1001&txtSessionId=32837&visLang=1","Mystery comedy","98 Minutes","AFI - AFI Silver 3"
NA,"f-0100003628","32838","SEE HOW THEY RUN (2022)","https://www.youtube.com/watch?v=Q00qh7Ab6Mk","//silver.afi.com/CDN/media/entity/get/FilmPosterGraphic/f-0100003628?width=121&height=180&referenceScheme=Global&allowPlaceHolder=true","Thursday, October 13, 2022","2022-10-13T18:55:00","06:55 PM","//silver.afi.com/Ticketing/visSelectTickets.aspx?cinemacode=1001&txtSessionId=32838&visLang=1","Mystery comedy","98 Minutes","AFI - AFI Silver 3"
NA,"f-0100003628","32815","SEE HOW THEY RUN (2022)","https://www.youtube.com/watch?v=Q00qh7Ab6Mk","//silver.afi.com/CDN/media/entity/get/FilmPosterGraphic/f-0100003628?width=121&height=180&referenceScheme=Global&allowPlaceHolder=true","Thursday, October 13, 2022","2022-10-13T21:15:00","09:15 PM","//silver.afi.com/Ticketing/visSelectTickets.aspx?cinemacode=1001&txtSessionId=32815&visLang=1","Mystery comedy","98 Minutes","AFI - AFI Silver 2"
NA,"f-0100003628","32874","SEE HOW THEY RUN (2022)","https://www.youtube.com/watch?v=Q00qh7Ab6Mk","//silver.afi.com/CDN/media/entity/get/FilmPosterGraphic/f-0100003628?width=121&height=180&referenceScheme=Global&allowPlaceHolder=true","Thursday, October 13, 2022","2022-10-14T11:00:00","11:00 AM","//silver.afi.com/Ticketing/visSelectTickets.aspx?cinemacode=1001&txtSessionId=32874&visLang=1","Mystery comedy","98 Minutes","AFI - AFI Silver 2"
NA,"f-0100003628","32875","SEE HOW THEY RUN (2022)","https://www.youtube.com/watch?v=Q00qh7Ab6Mk","//silver.afi.com/CDN/media/entity/get/FilmPosterGraphic/f-0100003628?width=121&height=180&referenceScheme=Global&allowPlaceHolder=true","Thursday, October 13, 2022","2022-10-14T16:45:00","04:45 PM","//silver.afi.com/Ticketing/visSelectTickets.aspx?cinemacode=1001&txtSessionId=32875&visLang=1","Mystery comedy","98 Minutes","AFI - AFI Silver 2"
NA,"f-0100003628","32876","SEE HOW THEY RUN (2022)","https://www.youtube.com/watch?v=Q00qh7Ab6Mk","//silver.afi.com/CDN/media/entity/get/FilmPosterGraphic/f-0100003628?width=121&height=180&referenceScheme=Global&allowPlaceHolder=true","Thursday, October 13, 2022","2022-10-14T19:00:00","07:00 PM","//silver.afi.com/Ticketing/visSelectTickets.aspx?cinemacode=1001&txtSessionId=32876&visLang=1","Mystery comedy","98 Minutes","AFI - AFI Silver 2"
NA,"f-0100003628","32881","SEE HOW THEY RUN (2022)","https://www.youtube.com/watch?v=Q00qh7Ab6Mk","//silver.afi.com/CDN/media/entity/get/FilmPosterGraphic/f-0100003628?width=121&height=180&referenceScheme=Global&allowPlaceHolder=true","Thursday, October 13, 2022","2022-10-14T21:15:00","09:15 PM","//silver.afi.com/Ticketing/visSelectTickets.aspx?cinemacode=1001&txtSessionId=32881&visLang=1","Mystery comedy","98 Minutes","AFI - AFI Silver 3"
NA,"f-0100003628","32882","SEE HOW THEY RUN (2022)","https://www.youtube.com/watch?v=Q00qh7Ab6Mk","//silver.afi.com/CDN/media/entity/get/FilmPosterGraphic/f-0100003628?width=121&height=180&referenceScheme=Global&allowPlaceHolder=true","Thursday, October 13, 2022","2022-10-15T11:00:00","11:00 AM","//silver.afi.com/Ticketing/visSelectTickets.aspx?cinemacode=1001&txtSessionId=32882&visLang=1","Mystery comedy","98 Minutes","AFI - AFI Silver 2"
NA,"f-0100003628","32883","SEE HOW THEY RUN (2022)","https://www.youtube.com/watch?v=Q00qh7Ab6Mk","//silver.afi.com/CDN/media/entity/get/FilmPosterGraphic/f-0100003628?width=121&height=180&referenceScheme=Global&allowPlaceHolder=true","Thursday, October 13, 2022","2022-10-15T16:45:00","04:45 PM","//silver.afi.com/Ticketing/visSelectTickets.aspx?cinemacode=1001&txtSessionId=32883&visLang=1","Mystery comedy","98 Minutes","AFI - AFI Silver 2"
NA,"f-0100003628","32884","SEE HOW THEY RUN (2022)","https://www.youtube.com/watch?v=Q00qh7Ab6Mk","//silver.afi.com/CDN/media/entity/get/FilmPosterGraphic/f-0100003628?width=121&height=180&referenceScheme=Global&allowPlaceHolder=true","Thursday, October 13, 2022","2022-10-15T18:50:00","06:50 PM","//silver.afi.com/Ticketing/visSelectTickets.aspx?cinemacode=1001&txtSessionId=32884&visLang=1","Mystery comedy","98 Minutes","AFI - AFI Silver 2"
NA,"f-0100003628","32891","SEE HOW THEY RUN (2022)","https://www.youtube.com/watch?v=Q00qh7Ab6Mk","//silver.afi.com/CDN/media/entity/get/FilmPosterGraphic/f-0100003628?width=121&height=180&referenceScheme=Global&allowPlaceHolder=true","Thursday, October 13, 2022","2022-10-15T21:15:00","09:15 PM","//silver.afi.com/Ticketing/visSelectTickets.aspx?cinemacode=1001&txtSessionId=32891&visLang=1","Mystery comedy","98 Minutes","AFI - AFI Silver 3"
NA,"f-0100003628","32885","SEE HOW THEY RUN (2022)","https://www.youtube.com/watch?v=Q00qh7Ab6Mk","//silver.afi.com/CDN/media/entity/get/FilmPosterGraphic/f-0100003628?width=121&height=180&referenceScheme=Global&allowPlaceHolder=true","Thursday, October 13, 2022","2022-10-16T11:00:00","11:00 AM","//silver.afi.com/Ticketing/visSelectTickets.aspx?cinemacode=1001&txtSessionId=32885&visLang=1","Mystery comedy","98 Minutes","AFI - AFI Silver 2"
NA,"f-0100003628","32886","SEE HOW THEY RUN (2022)","https://www.youtube.com/watch?v=Q00qh7Ab6Mk","//silver.afi.com/CDN/media/entity/get/FilmPosterGraphic/f-0100003628?width=121&height=180&referenceScheme=Global&allowPlaceHolder=true","Thursday, October 13, 2022","2022-10-16T16:45:00","04:45 PM","//silver.afi.com/Ticketing/visSelectTickets.aspx?cinemacode=1001&txtSessionId=32886&visLang=1","Mystery comedy","98 Minutes","AFI - AFI Silver 2"
NA,"f-0100003628","32895","SEE HOW THEY RUN (2022)","https://www.youtube.com/watch?v=Q00qh7Ab6Mk","//silver.afi.com/CDN/media/entity/get/FilmPosterGraphic/f-0100003628?width=121&height=180&referenceScheme=Global&allowPlaceHolder=true","Thursday, October 13, 2022","2022-10-16T21:15:00","09:15 PM","//silver.afi.com/Ticketing/visSelectTickets.aspx?cinemacode=1001&txtSessionId=32895&visLang=1","Mystery comedy","98 Minutes","AFI - AFI Silver 3"
NA,"f-0100003628","32908","SEE HOW THEY RUN (2022)","https://www.youtube.com/watch?v=Q00qh7Ab6Mk","//silver.afi.com/CDN/media/entity/get/FilmPosterGraphic/f-0100003628?width=121&height=180&referenceScheme=Global&allowPlaceHolder=true","Thursday, October 13, 2022","2022-10-17T12:45:00","12:45 PM","//silver.afi.com/Ticketing/visSelectTickets.aspx?cinemacode=1001&txtSessionId=32908&visLang=1","Mystery comedy","98 Minutes","AFI - AFI Silver 2"
NA,"f-0100003628","32909","SEE HOW THEY RUN (2022)","https://www.youtube.com/watch?v=Q00qh7Ab6Mk","//silver.afi.com/CDN/media/entity/get/FilmPosterGraphic/f-0100003628?width=121&height=180&referenceScheme=Global&allowPlaceHolder=true","Thursday, October 13, 2022","2022-10-17T14:45:00","02:45 PM","//silver.afi.com/Ticketing/visSelectTickets.aspx?cinemacode=1001&txtSessionId=32909&visLang=1","Mystery comedy","98 Minutes","AFI - AFI Silver 2"
NA,"f-0100003628","32910","SEE HOW THEY RUN (2022)","https://www.youtube.com/watch?v=Q00qh7Ab6Mk","//silver.afi.com/CDN/media/entity/get/FilmPosterGraphic/f-0100003628?width=121&height=180&referenceScheme=Global&allowPlaceHolder=true","Thursday, October 13, 2022","2022-10-17T16:45:00","04:45 PM","//silver.afi.com/Ticketing/visSelectTickets.aspx?cinemacode=1001&txtSessionId=32910&visLang=1","Mystery comedy","98 Minutes","AFI - AFI Silver 2"
NA,"f-0100003628","32899","SEE HOW THEY RUN (2022)","https://www.youtube.com/watch?v=Q00qh7Ab6Mk","//silver.afi.com/CDN/media/entity/get/FilmPosterGraphic/f-0100003628?width=121&height=180&referenceScheme=Global&allowPlaceHolder=true","Thursday, October 13, 2022","2022-10-17T21:15:00","09:15 PM","//silver.afi.com/Ticketing/visSelectTickets.aspx?cinemacode=1001&txtSessionId=32899&visLang=1","Mystery comedy","98 Minutes","AFI - AFI Silver 3"
NA,"f-0100003628","32912","SEE HOW THEY RUN (2022)","https://www.youtube.com/watch?v=Q00qh7Ab6Mk","//silver.afi.com/CDN/media/entity/get/FilmPosterGraphic/f-0100003628?width=121&height=180&referenceScheme=Global&allowPlaceHolder=true","Thursday, October 13, 2022","2022-10-18T12:45:00","12:45 PM","//silver.afi.com/Ticketing/visSelectTickets.aspx?cinemacode=1001&txtSessionId=32912&visLang=1","Mystery comedy","98 Minutes","AFI - AFI Silver 2"
NA,"f-0100003628","32913","SEE HOW THEY RUN (2022)","https://www.youtube.com/watch?v=Q00qh7Ab6Mk","//silver.afi.com/CDN/media/entity/get/FilmPosterGraphic/f-0100003628?width=121&height=180&referenceScheme=Global&allowPlaceHolder=true","Thursday, October 13, 2022","2022-10-18T14:45:00","02:45 PM","//silver.afi.com/Ticketing/visSelectTickets.aspx?cinemacode=1001&txtSessionId=32913&visLang=1","Mystery comedy","98 Minutes","AFI - AFI Silver 2"
NA,"f-0100003628","32914","SEE HOW THEY RUN (2022)","https://www.youtube.com/watch?v=Q00qh7Ab6Mk","//silver.afi.com/CDN/media/entity/get/FilmPosterGraphic/f-0100003628?width=121&height=180&referenceScheme=Global&allowPlaceHolder=true","Thursday, October 13, 2022","2022-10-18T16:45:00","04:45 PM","//silver.afi.com/Ticketing/visSelectTickets.aspx?cinemacode=1001&txtSessionId=32914&visLang=1","Mystery comedy","98 Minutes","AFI - AFI Silver 2"
NA,"f-0100003628","32903","SEE HOW THEY RUN (2022)","https://www.youtube.com/watch?v=Q00qh7Ab6Mk","//silver.afi.com/CDN/media/entity/get/FilmPosterGraphic/f-0100003628?width=121&height=180&referenceScheme=Global&allowPlaceHolder=true","Thursday, October 13, 2022","2022-10-18T21:15:00","09:15 PM","//silver.afi.com/Ticketing/visSelectTickets.aspx?cinemacode=1001&txtSessionId=32903&visLang=1","Mystery comedy","98 Minutes","AFI - AFI Silver 3"
NA,"f-0100003628","32916","SEE HOW THEY RUN (2022)","https://www.youtube.com/watch?v=Q00qh7Ab6Mk","//silver.afi.com/CDN/media/entity/get/FilmPosterGraphic/f-0100003628?width=121&height=180&referenceScheme=Global&allowPlaceHolder=true","Thursday, October 13, 2022","2022-10-19T12:45:00","12:45 PM","//silver.afi.com/Ticketing/visSelectTickets.aspx?cinemacode=1001&txtSessionId=32916&visLang=1","Mystery comedy","98 Minutes","AFI - AFI Silver 2"
NA,"f-0100003628","32917","SEE HOW THEY RUN (2022)","https://www.youtube.com/watch?v=Q00qh7Ab6Mk","//silver.afi.com/CDN/media/entity/get/FilmPosterGraphic/f-0100003628?width=121&height=180&referenceScheme=Global&allowPlaceHolder=true","Thursday, October 13, 2022","2022-10-19T14:45:00","02:45 PM","//silver.afi.com/Ticketing/visSelectTickets.aspx?cinemacode=1001&txtSessionId=32917&visLang=1","Mystery comedy","98 Minutes","AFI - AFI Silver 2"
NA,"f-0100003628","32918","SEE HOW THEY RUN (2022)","https://www.youtube.com/watch?v=Q00qh7Ab6Mk","//silver.afi.com/CDN/media/entity/get/FilmPosterGraphic/f-0100003628?width=121&height=180&referenceScheme=Global&allowPlaceHolder=true","Thursday, October 13, 2022","2022-10-19T19:15:00","07:15 PM","//silver.afi.com/Ticketing/visSelectTickets.aspx?cinemacode=1001&txtSessionId=32918&visLang=1","Mystery comedy","98 Minutes","AFI - AFI Silver 2"
NA,"f-0100003628","32922","SEE HOW THEY RUN (2022)","https://www.youtube.com/watch?v=Q00qh7Ab6Mk","//silver.afi.com/CDN/media/entity/get/FilmPosterGraphic/f-0100003628?width=121&height=180&referenceScheme=Global&allowPlaceHolder=true","Thursday, October 13, 2022","2022-10-20T12:45:00","12:45 PM","//silver.afi.com/Ticketing/visSelectTickets.aspx?cinemacode=1001&txtSessionId=32922&visLang=1","Mystery comedy","98 Minutes","AFI - AFI Silver 2"
NA,"f-0100003628","32923","SEE HOW THEY RUN (2022)","https://www.youtube.com/watch?v=Q00qh7Ab6Mk","//silver.afi.com/CDN/media/entity/get/FilmPosterGraphic/f-0100003628?width=121&height=180&referenceScheme=Global&allowPlaceHolder=true","Thursday, October 13, 2022","2022-10-20T14:45:00","02:45 PM","//silver.afi.com/Ticketing/visSelectTickets.aspx?cinemacode=1001&txtSessionId=32923&visLang=1","Mystery comedy","98 Minutes","AFI - AFI Silver 2"
NA,"f-0100003628","32924","SEE HOW THEY RUN (2022)","https://www.youtube.com/watch?v=Q00qh7Ab6Mk","//silver.afi.com/CDN/media/entity/get/FilmPosterGraphic/f-0100003628?width=121&height=180&referenceScheme=Global&allowPlaceHolder=true","Thursday, October 13, 2022","2022-10-20T16:45:00","04:45 PM","//silver.afi.com/Ticketing/visSelectTickets.aspx?cinemacode=1001&txtSessionId=32924&visLang=1","Mystery comedy","98 Minutes","AFI - AFI Silver 2"
NA,"f-0100003628","32907","SEE HOW THEY RUN (2022)","https://www.youtube.com/watch?v=Q00qh7Ab6Mk","//silver.afi.com/CDN/media/entity/get/FilmPosterGraphic/f-0100003628?width=121&height=180&referenceScheme=Global&allowPlaceHolder=true","Thursday, October 13, 2022","2022-10-20T21:15:00","09:15 PM","//silver.afi.com/Ticketing/visSelectTickets.aspx?cinemacode=1001&txtSessionId=32907&visLang=1","Mystery comedy","98 Minutes","AFI - AFI Silver 3"
NA,"f-0100003638","32213","SNIPER (1952), THE","https://www.youtube.com/watch?v=79HdimrnCHc","//silver.afi.com/CDN/media/entity/get/FilmPosterGraphic/f-0100003638?width=121&height=180&referenceScheme=Global&allowPlaceHolder=true","Friday, October 14, 2022","2022-10-14T12:00:00","12:00 PM","//silver.afi.com/Ticketing/visSelectTickets.aspx?cinemacode=1001&txtSessionId=32213&visLang=1","Film noir","88 Minutes","AFI - AFI Silver 1"
NA,"f-0100003638","32214","SNIPER (1952), THE","https://www.youtube.com/watch?v=79HdimrnCHc","//silver.afi.com/CDN/media/entity/get/FilmPosterGraphic/f-0100003638?width=121&height=180&referenceScheme=Global&allowPlaceHolder=true","Friday, October 14, 2022","2022-10-17T17:20:00","05:20 PM","//silver.afi.com/Ticketing/visSelectTickets.aspx?cinemacode=1001&txtSessionId=32214&visLang=1","Film noir","88 Minutes","AFI - AFI Silver 1"
NA,"f-0100003638","32215","SNIPER (1952), THE","https://www.youtube.com/watch?v=79HdimrnCHc","//silver.afi.com/CDN/media/entity/get/FilmPosterGraphic/f-0100003638?width=121&height=180&referenceScheme=Global&allowPlaceHolder=true","Friday, October 14, 2022","2022-10-19T21:00:00","09:00 PM","//silver.afi.com/Ticketing/visSelectTickets.aspx?cinemacode=1001&txtSessionId=32215&visLang=1","Film noir","88 Minutes","AFI - AFI Silver 3"
NA,"f-0100003637","32328","STORM WARNING (1951) in 35mm","https://www.youtube.com/watch?v=QRVZndMCNuA","//silver.afi.com/CDN/media/entity/get/FilmPosterGraphic/f-0100003637?width=121&height=180&referenceScheme=Global&allowPlaceHolder=true","Saturday, October 15, 2022","2022-10-15T16:30:00","04:30 PM","//silver.afi.com/Ticketing/visSelectTickets.aspx?cinemacode=1001&txtSessionId=32328&visLang=1","Film noir","93 Minutes","AFI - AFI Silver 1"
NA,"f-0100003637","32247","STORM WARNING (1951) in 35mm","https://www.youtube.com/watch?v=QRVZndMCNuA","//silver.afi.com/CDN/media/entity/get/FilmPosterGraphic/f-0100003637?width=121&height=180&referenceScheme=Global&allowPlaceHolder=true","Saturday, October 15, 2022","2022-10-18T20:45:00","08:45 PM","//silver.afi.com/Ticketing/visSelectTickets.aspx?cinemacode=1001&txtSessionId=32247&visLang=1","Film noir","93 Minutes","AFI - AFI Silver 1"
NA,"f-0100001639","32769","SUSPIRIA (1977)","https://www.youtube.com/watch?v=hPs2ExUL_bc","//silver.afi.com/CDN/media/entity/get/FilmPosterGraphic/f-0100001639?width=121&height=180&referenceScheme=Global&allowPlaceHolder=true","Monday, October 31, 2022","2022-10-31T21:30:00","09:30 PM","//silver.afi.com/Ticketing/visSelectTickets.aspx?cinemacode=1001&txtSessionId=32769&visLang=1","Horror","98 Minutes","AFI - AFI Silver 1"
NA,"f-0100001639","32770","SUSPIRIA (1977)","https://www.youtube.com/watch?v=hPs2ExUL_bc","//silver.afi.com/CDN/media/entity/get/FilmPosterGraphic/f-0100001639?width=121&height=180&referenceScheme=Global&allowPlaceHolder=true","Monday, October 31, 2022","2022-11-02T19:15:00","07:15 PM","//silver.afi.com/Ticketing/visSelectTickets.aspx?cinemacode=1001&txtSessionId=32770&visLang=1","Horror","98 Minutes","AFI - AFI Silver 1"
NA,"f-0100001639","32771","SUSPIRIA (1977)","https://www.youtube.com/watch?v=hPs2ExUL_bc","//silver.afi.com/CDN/media/entity/get/FilmPosterGraphic/f-0100001639?width=121&height=180&referenceScheme=Global&allowPlaceHolder=true","Monday, October 31, 2022","2022-11-03T21:30:00","09:30 PM","//silver.afi.com/Ticketing/visSelectTickets.aspx?cinemacode=1001&txtSessionId=32771&visLang=1","Horror","98 Minutes","AFI - AFI Silver 1"
NA,"f-0100000237","32764","THE BEYOND: THE COMPOSER'S CUT","https://www.youtube.com/watch?v=Uayv9J90qQo","//silver.afi.com/CDN/media/entity/get/FilmPosterGraphic/f-0100000237?width=121&height=180&referenceScheme=Global&allowPlaceHolder=true","Sunday, October 30, 2022","2022-10-30T21:00:00","09:00 PM","//silver.afi.com/Ticketing/visSelectTickets.aspx?cinemacode=1001&txtSessionId=32764&visLang=1","Horror","87 Minutes","AFI - AFI Silver 1"
NA,"f-0100000237","32772","THE BEYOND: THE COMPOSER'S CUT","https://www.youtube.com/watch?v=Uayv9J90qQo","//silver.afi.com/CDN/media/entity/get/FilmPosterGraphic/f-0100000237?width=121&height=180&referenceScheme=Global&allowPlaceHolder=true","Sunday, October 30, 2022","2022-11-01T21:45:00","09:45 PM","//silver.afi.com/Ticketing/visSelectTickets.aspx?cinemacode=1001&txtSessionId=32772&visLang=1","Horror","87 Minutes","AFI - AFI Silver 1"
NA,"f-0100003701","32751","THE HANDS OF ORLAC (1924)","https://www.youtube.com/watch?v=d7H749jilZA","//silver.afi.com/CDN/media/entity/get/FilmPosterGraphic/f-0100003701?width=121&height=180&referenceScheme=Global&allowPlaceHolder=true","Saturday, October 29, 2022","2022-10-29T16:30:00","04:30 PM","//silver.afi.com/Ticketing/visSelectTickets.aspx?cinemacode=1001&txtSessionId=32751&visLang=1","Silent horror","92 Minutes","AFI - AFI Silver 1"
NA,"f-0100002959","32777","THE RIVER (1997)","https://www.youtube.com/watch?v=apfFdvyPv4Q","//silver.afi.com/CDN/media/entity/get/FilmPosterGraphic/f-0100002959?width=121&height=180&referenceScheme=Global&allowPlaceHolder=true","Sunday, November 06, 2022","2022-11-06T19:00:00","07:00 PM","//silver.afi.com/Ticketing/visSelectTickets.aspx?cinemacode=1001&txtSessionId=32777&visLang=1","Drama","115 Minutes","AFI - AFI Silver 1"
NA,"f-0100000318","32212","THE ROCKY HORROR PICTURE SHOW + live shadowcast","https://www.youtube.com/watch?v=4plqh6obZW4","//silver.afi.com/CDN/media/entity/get/FilmPosterGraphic/f-0100000318?width=121&height=180&referenceScheme=Global&allowPlaceHolder=true","Saturday, October 29, 2022","2022-10-29T22:00:00","10:00 PM","//silver.afi.com/Ticketing/visSelectTickets.aspx?cinemacode=1001&txtSessionId=32212&visLang=1","Musical comedy","130 Minutes","AFI - AFI Silver 1"
NA,"f-0100003708","32851","THE SAPHEAD","https://www.youtube.com/watch?v=0Bcl0kRg8i4","//silver.afi.com/CDN/media/entity/get/FilmPosterGraphic/f-0100003708?width=121&height=180&referenceScheme=Global&allowPlaceHolder=true","Sunday, November 06, 2022","2022-11-06T14:00:00","02:00 PM","//silver.afi.com/Ticketing/visSelectTickets.aspx?cinemacode=1001&txtSessionId=32851&visLang=1","Silent comedy","77 Minutes","AFI - AFI Silver 1"
NA,"f-0100002958","32774","THE WAYWARD CLOUD (2005) in 35mm","https://www.youtube.com/watch?v=QSmWstWA8PM","//silver.afi.com/CDN/media/entity/get/FilmPosterGraphic/f-0100002958?width=121&height=180&referenceScheme=Global&allowPlaceHolder=true","Thursday, October 13, 2022","2022-10-13T19:00:00","07:00 PM","//silver.afi.com/Ticketing/visSelectTickets.aspx?cinemacode=1001&txtSessionId=32774&visLang=1","Musical drama","112 Minutes","AFI - AFI Silver 1"
NA,"f-0100003642","32263","THEY WON'T BELIEVE ME","https://www.youtube.com/watch?v=Pgg_59UG-UY","//silver.afi.com/CDN/media/entity/get/FilmPosterGraphic/f-0100003642?width=121&height=180&referenceScheme=Global&allowPlaceHolder=true","Friday, October 21, 2022","2022-10-21T19:15:00","07:15 PM","//silver.afi.com/Ticketing/visSelectTickets.aspx?cinemacode=1001&txtSessionId=32263&visLang=1","Film noir","95 Minutes","AFI - AFI Silver 1"
NA,"f-0100003642","32264","THEY WON'T BELIEVE ME","https://www.youtube.com/watch?v=Pgg_59UG-UY","//silver.afi.com/CDN/media/entity/get/FilmPosterGraphic/f-0100003642?width=121&height=180&referenceScheme=Global&allowPlaceHolder=true","Friday, October 21, 2022","2022-10-27T19:15:00","07:15 PM","//silver.afi.com/Ticketing/visSelectTickets.aspx?cinemacode=1001&txtSessionId=32264&visLang=1","Film noir","95 Minutes","AFI - AFI Silver 2"
NA,"f-0100003636","32325","T-MEN","https://www.youtube.com/watch?v=RVcgvVYI6W0","//silver.afi.com/CDN/media/entity/get/FilmPosterGraphic/f-0100003636?width=121&height=180&referenceScheme=Global&allowPlaceHolder=true","Sunday, October 16, 2022","2022-10-16T19:40:00","07:40 PM","//silver.afi.com/Ticketing/visSelectTickets.aspx?cinemacode=1001&txtSessionId=32325&visLang=1","Film noir","92 Minutes","AFI - AFI Silver 1"
NA,"f-0100003636","32233","T-MEN","https://www.youtube.com/watch?v=RVcgvVYI6W0","//silver.afi.com/CDN/media/entity/get/FilmPosterGraphic/f-0100003636?width=121&height=180&referenceScheme=Global&allowPlaceHolder=true","Sunday, October 16, 2022","2022-10-19T19:00:00","07:00 PM","//silver.afi.com/Ticketing/visSelectTickets.aspx?cinemacode=1001&txtSessionId=32233&visLang=1","Film noir","92 Minutes","AFI - AFI Silver 1"
NA,"f-0100003639","32254","UNFAITHFUL (1947), THE","https://www.youtube.com/watch?v=N7nPRuRq3O8","//silver.afi.com/CDN/media/entity/get/FilmPosterGraphic/f-0100003639?width=121&height=180&referenceScheme=Global&allowPlaceHolder=true","Friday, October 21, 2022","2022-10-21T12:15:00","12:15 PM","//silver.afi.com/Ticketing/visSelectTickets.aspx?cinemacode=1001&txtSessionId=32254&visLang=1","Film noir","109 Minutes","AFI - AFI Silver 1"
NA,"f-0100003639","32255","UNFAITHFUL (1947), THE","https://www.youtube.com/watch?v=N7nPRuRq3O8","//silver.afi.com/CDN/media/entity/get/FilmPosterGraphic/f-0100003639?width=121&height=180&referenceScheme=Global&allowPlaceHolder=true","Friday, October 21, 2022","2022-10-23T16:45:00","04:45 PM","//silver.afi.com/Ticketing/visSelectTickets.aspx?cinemacode=1001&txtSessionId=32255&visLang=1","Film noir","109 Minutes","AFI - AFI Silver 1"
NA,"f-0100003639","32256","UNFAITHFUL (1947), THE","https://www.youtube.com/watch?v=N7nPRuRq3O8","//silver.afi.com/CDN/media/entity/get/FilmPosterGraphic/f-0100003639?width=121&height=180&referenceScheme=Global&allowPlaceHolder=true","Friday, October 21, 2022","2022-10-27T16:45:00","04:45 PM","//silver.afi.com/Ticketing/visSelectTickets.aspx?cinemacode=1001&txtSessionId=32256&visLang=1","Film noir","109 Minutes","AFI - AFI Silver 1"
NA,"f-0100001826","32280","UNSUSPECTED, THE (1947) in 35mm","https://www.youtube.com/watch?v=OQxXIx83sWs","//silver.afi.com/CDN/media/entity/get/FilmPosterGraphic/f-0100001826?width=121&height=180&referenceScheme=Global&allowPlaceHolder=true","Saturday, October 22, 2022","2022-10-22T21:30:00","09:30 PM","//silver.afi.com/Ticketing/visSelectTickets.aspx?cinemacode=1001&txtSessionId=32280&visLang=1","Film noir","103 Minutes","AFI - AFI Silver 1"
NA,"f-0100001826","32281","UNSUSPECTED, THE (1947) in 35mm","https://www.youtube.com/watch?v=OQxXIx83sWs","//silver.afi.com/CDN/media/entity/get/FilmPosterGraphic/f-0100001826?width=121&height=180&referenceScheme=Global&allowPlaceHolder=true","Saturday, October 22, 2022","2022-10-26T19:15:00","07:15 PM","//silver.afi.com/Ticketing/visSelectTickets.aspx?cinemacode=1001&txtSessionId=32281&visLang=1","Film noir","103 Minutes","AFI - AFI Silver 1"
NA,"f-0100003706","32840","VIVE L'AMOUR","https://www.youtube.com/watch?v=VqkTGmyXpDI","//silver.afi.com/CDN/media/entity/get/FilmPosterGraphic/f-0100003706?width=121&height=180&referenceScheme=Global&allowPlaceHolder=true","Monday, November 14, 2022","2022-11-14T18:45:00","06:45 PM","//silver.afi.com/Ticketing/visSelectTickets.aspx?cinemacode=1001&txtSessionId=32840&visLang=1","Comedy-drama","118 Minutes","AFI - AFI Silver 2"
NA,"f-0100003696","32676","WHAT WENT WRONG?","https://www.youtube.com/watch?v=-rXnX8RHHAs","//silver.afi.com/CDN/media/entity/get/FilmPosterGraphic/f-0100003696?width=121&height=180&referenceScheme=Global&allowPlaceHolder=true","Thursday, November 03, 2022","2022-11-03T19:15:00","07:15 PM","//silver.afi.com/Ticketing/visSelectTickets.aspx?cinemacode=1001&txtSessionId=32676&visLang=1","Drama","79 Minutes","AFI - AFI Silver 1"
