"Const","Rotten Tomatoes","Your.Rating","Date.Rated","Title","Title.Type","IMDb.Rating","Runtime","Year","Num.Votes","Seen"
"tt0022599","100%",8,"2023-08-22","À nous la liberté","movie",7.4,104,1931,4884,"Yes"
"tt0257360","85%",4,"2021-07-09","About Schmidt","movie",7.2,125,2002,132208,"Yes"
"tt0081974","81%",NA,NA,"Absence of Malice","movie",6.9,116,1981,14426,"No"
"tt0041090","96%",6,"2021-07-09","Adam's Rib","movie",7.4,101,1949,22597,"Yes"
"tt0268126","91%",5,"2021-07-09","Adaptation.","movie",7.7,115,2002,200339,"Yes"
"tt0101273","73%",NA,NA,"The Adjuster","movie",6.6,102,1991,3690,"No"
"tt0029843","100%",NA,NA,"The Adventures of Robin Hood","movie",7.9,102,1938,53693,"No"
"tt0118564","88%",6,"2022-07-20","Affliction","movie",6.9,114,1997,18618,"Yes"
"tt0043265","98%",8,"2021-07-09","The African Queen","movie",7.7,105,1951,82908,"Yes"
"tt0021577","90%",6,"2023-06-05","L'âge d'or","movie",7.2,60,1930,14627,"Yes"
"tt0068182","96%",NA,NA,"Aguirre, der Zorn Gottes","movie",7.8,95,1972,60939,"No"
"tt0212720","75%",4,"2021-07-09","A.I. Artificial Intelligence","movie",7.2,146,2001,319343,"Yes"
"tt0080339","97%",6,"2023-10-02","Airplane!","movie",7.7,88,1980,255270,"Yes"
"tt0103639","95%",6,"2021-07-09","Aladdin","movie",8,90,1992,454867,"Yes"
"tt0029850","96%",NA,NA,"Aleksandr Nevskiy","movie",7.5,112,1938,12039,"No"
"tt0071115","88%",7,"2021-11-11","Alice Doesn't Live Here Anymore","movie",7.3,112,1974,26318,"Yes"
"tt0064002","63%",NA,NA,"Alice's Restaurant","movie",6.2,111,1969,4602,"No"
"tt0090605","97%",7,"2021-07-09","Aliens","movie",8.4,137,1986,749961,"Yes"
"tt0042192","99%",9,"2023-07-14","All About Eve","movie",8.2,138,1950,136905,"Yes"
"tt0185125","98%",NA,NA,"Todo sobre mi madre","movie",7.8,101,1999,101556,"No"
"tt0020629","98%",8,"2022-11-06","All Quiet on the Western Front","movie",8.1,152,1930,66729,"Yes"
"tt0047811","90%",NA,NA,"All That Heaven Allows","movie",7.6,89,1955,16239,"No"
"tt0041113","97%",9,"2022-10-18","All the King's Men","movie",7.4,110,1949,16226,"Yes"
"tt0074119","94%",8,"2021-07-09","All the President's Men","movie",7.9,138,1976,123864,"Yes"
"tt0086879","93%",8,"2021-07-09","Amadeus","movie",8.4,160,1984,420740,"Yes"
"tt0071129","87%",8,"2021-07-11","Amarcord","movie",7.9,123,1973,46098,"Yes"
"tt0211915","89%",7,"2021-07-09","Le fabuleux destin d'Amélie Poulain","movie",8.3,122,2001,783717,"Yes"
"tt0056825","67%",NA,NA,"America America","movie",7.7,174,1963,5879,"No"
"tt0075675","91%",NA,NA,"Der amerikanische Freund","movie",7.4,128,1977,17947,"No"
"tt0069704","96%",8,"2023-08-15","American Graffiti","movie",7.4,110,1973,96706,"Yes"
"tt0043278","96%",6,"2021-07-09","An American in Paris","movie",7.2,114,1951,36174,"Yes"
"tt0057840","93%",7,"2022-07-23","The Americanization of Emily","movie",7.3,115,1964,5539,"Yes"
"tt0181288","94%",6,"2023-09-06","American Movie","movie",7.8,107,1999,18984,"Yes"
"tt0245712","93%",8,"2023-11-03","Amores perros","movie",8.1,154,2000,250040,"Yes"
"tt0048947","93%",NA,NA,"Anastasia","movie",7,105,1956,9154,"No"
"tt0052561","100%",9,"2022-01-14","Anatomy of a Murder","movie",8,161,1959,70004,"Yes"
"tt0053602","80%",NA,NA,"The Angry Silence","movie",7.2,95,1960,1645,"No"
"tt0038303","88%",NA,NA,"Anna and the King of Siam","movie",7,128,1946,2582,"No"
"tt0020641",NA,6,"2022-08-10","Anna Christie","movie",6.6,89,1930,3409,"Yes"
"tt0075686","96%",8,"2023-08-23","Annie Hall","movie",8,93,1977,274490,"Yes"
"tt0053604","93%",8,"2021-07-09","The Apartment","movie",8.3,125,1960,192209,"Yes"
"tt0078788","98%",9,"2021-07-09","Apocalypse Now","movie",8.4,147,1979,697959,"Yes"
"tt0112384","96%",8,"2021-07-09","Apollo 13","movie",7.7,140,1995,309727,"Yes"
"tt0118632","90%",NA,NA,"The Apostle","movie",7.2,134,1997,14739,"No"
"tt0085180","97%",5,"2022-06-03","L'argent","movie",7.4,85,1983,11482,"Yes"
"tt0052080","96%",NA,NA,"Popiól i diament","movie",7.7,103,1958,13097,"No"
"tt0042208","97%",7,"2021-10-28","The Asphalt Jungle","movie",7.8,112,1950,29329,"Yes"
"tt0024844","100%",NA,NA,"L'Atalante","movie",7.7,89,1934,17186,"No"
"tt0080388","100%",7,"2023-08-15","Atlantic City","movie",7.3,104,1980,17998,"Yes"
"tt0092593","97%",10,"2023-09-10","Au revoir les enfants","movie",8,104,1987,35632,"Yes"
"tt0053619","94%",9,"2023-09-27","L'avventura","movie",7.7,144,1960,32083,"Yes"
"tt0028597","93%",7,"2022-08-05","The Awful Truth","movie",7.7,90,1937,20935,"Yes"
"tt0092603","97%",10,"2023-08-23","Babettes gæstebud","movie",7.8,103,1987,21476,"Yes"
"tt0048973","85%",NA,NA,"Baby Doll","movie",7.3,114,1956,8143,"No"
"tt0088763","96%",8,"2021-07-09","Back to the Future","movie",8.5,116,1985,1277978,"Yes"
"tt0044391","79%",7,"2022-10-31","The Bad and the Beautiful","movie",7.8,118,1952,16159,"Yes"
"tt0047849","97%",NA,NA,"Bad Day at Black Rock","movie",7.7,81,1955,23742,"No"
"tt0069762","97%",7,"2023-10-03","Badlands","movie",7.7,94,1973,77279,"Yes"
"tt0030127","100%",NA,NA,"La femme du boulanger","movie",7.5,133,1938,2309,"No"
"tt0033373","100%",8,"2022-10-11","Ball of Fire","movie",7.7,111,1941,13742,"Yes"
"tt0065446","94%",NA,NA,"The Ballad of Cable Hogue","movie",7.2,121,1970,10394,"No"
"tt0034492","91%",6,"2021-07-09","Bambi","movie",7.3,69,1942,151589,"Yes"
"tt0045537","100%",6,"2023-06-14","The Band Wagon","movie",7.4,112,1953,12257,"Yes"
"tt0069765","92%",NA,NA,"Bang the Drum Slowly","movie",6.8,96,1973,6153,"No"
"tt0032234","100%",NA,NA,"The Bank Dick","movie",7.1,72,1940,7724,"No"
"tt0092618","79%",NA,NA,"Barfly","movie",7.1,100,1987,21607,"No"
"tt0072684","91%",7,"2021-07-09","Barry Lyndon","movie",8.1,185,1975,179187,"Yes"
"tt0101410","90%",NA,NA,"Barton Fink","movie",7.6,116,1991,127375,"No"
"tt0058946","99%",9,"2023-07-05","La battaglia di Algeri","movie",8.1,121,1966,64384,"Yes"
"tt0082053","85%",NA,NA,"Le beau mariage","movie",7,97,1982,3713,"No"
"tt0159272","80%",NA,NA,"Beautiful People","movie",6.7,107,1999,2561,"No"
"tt0038348",NA,9,"2023-06-04","La Belle et la Bête","movie",7.9,96,1946,27721,"Yes"
"tt0101414","94%",8,"2021-07-09","Beauty and the Beast","movie",8,84,1991,473535,"Yes"
"tt0065651","75%",NA,NA,"Domicile conjugal","movie",7.4,97,1970,10384,"No"
"tt0094721","85%",7,"2021-07-09","Beetlejuice","movie",7.5,92,1988,331000,"Yes"
"tt0247196","73%",NA,NA,"Before Night Falls","movie",7.1,133,2000,26161,"No"
"tt0110882","92%",NA,NA,"Pred dozhdot","movie",7.9,113,1994,15669,"No"
"tt0120601","94%",7,"2021-07-09","Being John Malkovich","movie",7.7,113,1999,349348,"Yes"
"tt0078841","95%",9,"2022-08-22","Being There","movie",7.9,130,1979,76531,"Yes"
"tt0061395","95%",9,"2023-08-24","Belle de jour","movie",7.7,100,1967,47929,"Yes"
"tt0052618","86%",8,"2021-07-09","Ben-Hur","movie",8.1,212,1959,249765,"Yes"
"tt0080196",NA,NA,NA,"Berlin Alexanderplatz","tvMiniSeries",8.4,931,1980,4801,"No"
"tt0036868","98%",9,"2022-03-26","The Best Years of Our Lives","movie",8.1,170,1946,69119,"Yes"
"tt0086960","83%",6,"2021-10-14","Beverly Hills Cop","movie",7.4,105,1984,196401,"Yes"
"tt0040522","98%",9,"2023-08-10","Ladri di biciclette","movie",8.3,89,1948,171993,"Yes"
"tt0085244","69%",6,"2021-07-09","The Big Chill","movie",7.1,105,1983,40617,"Yes"
"tt0040160","100%",6,"2023-10-07","The Big Clock","movie",7.6,95,1948,9354,"Yes"
"tt0052216","89%",NA,NA,"I soliti ignoti","movie",7.9,106,1958,11264,"No"
"tt0045555","100%",10,"2023-10-25","The Big Heat","movie",7.9,89,1953,28630,"Yes"
"tt0115678","96%",6,"2023-06-08","Big Night","movie",7.3,109,1996,22389,"Yes"
"tt0080437","90%",NA,NA,"The Big Red One","movie",7.1,113,1980,21103,"No"
"tt0044419","89%",NA,NA,"The Big Sky","movie",6.9,140,1952,4672,"No"
"tt0038355","97%",7,"2021-07-09","The Big Sleep","movie",7.9,114,1946,89354,"Yes"
"tt0056868","94%",NA,NA,"Billy Liar","movie",7.3,98,1963,7005,"No"
"tt0094746","78%",NA,NA,"Biloxi Blues","movie",6.6,106,1988,16362,"No"
"tt0056869","95%",8,"2021-07-09","The Birds","movie",7.6,119,1963,201268,"Yes"
"tt0086969","83%",NA,NA,"Birdy","movie",7.2,120,1984,24497,"No"
"tt0039192","100%",6,"2022-05-22","Black Narcissus","movie",7.7,101,1947,26998,"Yes"
"tt0053146","87%",7,"2023-09-18","Orfeu Negro","movie",7.4,100,1959,12047,"Yes"
"tt0101465","92%",NA,NA,"Black Robe","movie",7.1,101,1991,7568,"No"
"tt0071230","88%",5,"2023-07-04","Blazing Saddles","movie",7.7,93,1974,148552,"Yes"
"tt0280491","92%",NA,NA,"Bloody Sunday","movie",7.6,111,2002,25541,"No"
"tt0060176","88%",8,"2022-09-18","Blow-Up","movie",7.5,111,1966,66464,"Yes"
"tt0077248","98%",NA,NA,"Blue Collar","movie",7.5,114,1978,10350,"No"
"tt0090756","94%",6,"2022-05-30","Blue Velvet","movie",7.7,120,1986,211408,"Yes"
"tt0064100","79%",NA,NA,"Bob & Carol & Ted & Alice","movie",6.7,105,1969,7143,"No"
"tt0047892","97%",NA,NA,"Bob le flambeur","movie",7.6,98,1956,13135,"No"
"tt0082089","98%",NA,NA,"Body Heat","movie",7.4,113,1981,39407,"No"
"tt0061418","88%",8,"2021-09-17","Bonnie and Clyde","movie",7.7,111,1967,118681,"Yes"
"tt0118749","93%",8,"2021-12-29","Boogie Nights","movie",7.9,155,1997,278127,"Yes"
"tt0096969","85%",5,"2023-06-05","Born on the Fourth of July","movie",7.2,145,1989,114109,"Yes"
"tt0042276","97%",9,"2023-08-18","Born Yesterday","movie",7.5,103,1950,12131,"Yes"
"tt0064106","100%",NA,NA,"Le boucher","movie",7.3,93,1970,9231,"No"
"tt0074235","83%",NA,NA,"Bound for Glory","movie",7.3,147,1976,5511,"No"
"tt0171804","89%",8,"2021-07-15","Boys Don't Cry","movie",7.5,118,1999,102141,"Yes"
"tt0101507","96%",7,"2023-09-14","Boyz n the Hood","movie",7.8,112,1991,150831,"Yes"
"tt0088846","98%",8,"2021-07-09","Brazil","movie",7.9,132,1985,208664,"Yes"
"tt0046159",NA,NA,NA,"Pane, amore e fantasia","movie",6.9,93,1953,2115,"No"
"tt0080310","100%",7,"2023-09-01","'Breaker' Morant","movie",7.8,107,1980,14222,"Yes"
"tt0088847","89%",8,"2021-07-09","The Breakfast Club","movie",7.8,97,1985,427883,"Yes"
"tt0078902","95%",8,"2022-08-20","Breaking Away","movie",7.7,101,1979,25080,"Yes"
"tt0115751","85%",9,"2023-09-20","Breaking the Waves","movie",7.8,159,1996,70605,"Yes"
"tt0053472","97%",8,"2021-10-01","À bout de souffle","movie",7.7,90,1960,86575,"Yes"
"tt0061955","82%",NA,NA,"La mariée était en noir","movie",7.2,107,1968,9984,"No"
"tt0050212","96%",7,"2021-09-16","The Bridge on the River Kwai","movie",8.1,161,1957,230258,"Yes"
"tt0037558","91%",7,"2023-05-24","Brief Encounter","movie",8,86,1945,43195,"Yes"
"tt0103882","95%",6,"2022-08-20","A Brief History of Time","movie",7.3,80,1991,5825,"Yes"
"tt0029947","94%",8,"2021-07-09","Bringing Up Baby","movie",7.8,102,1938,65080,"Yes"
"tt0092699","98%",6,"2023-06-24","Broadcast News","movie",7.2,133,1987,33446,"Yes"
"tt0103888","100%",NA,NA,"Brother's Keeper","movie",7.5,104,1992,4234,"No"
"tt0077280","100%",NA,NA,"The Buddy Holly Story","movie",7.2,114,1978,9816,"No"
"tt0094812","97%",6,"2021-07-09","Bull Durham","movie",7.1,108,1988,58202,"Yes"
"tt0062765","98%",7,"2022-12-14","Bullitt","movie",7.4,114,1968,74333,"Yes"
"tt0049038","80%",6,"2021-07-09","Bus Stop","movie",6.3,96,1956,12612,"Yes"
"tt0064115","89%",8,"2021-07-09","Butch Cassidy and the Sundance Kid","movie",8,110,1969,224207,"Yes"
"tt0118804","77%",NA,NA,"The Butcher Boy","movie",7.1,110,1997,11350,"No"
"tt0080482",NA,NA,NA,"Bye Bye Brasil","movie",7.4,100,1980,1910,"No"
"tt0046022","97%",8,"2023-05-25","Madame de...","movie",7.9,105,1953,10875,"Yes"
"tt0068327","93%",9,"2021-07-09","Cabaret","movie",7.8,124,1972,58315,"Yes"
"tt0046816","92%",NA,NA,"The Caine Mutiny","movie",7.7,124,1954,29359,"No"
"tt0077289","54%",NA,NA,"California Suite","movie",6.2,103,1978,7871,"No"
"tt0260775","87%",NA,NA,"Calle 54","movie",7.4,105,2000,815,"No"
"tt0061439","41%",NA,NA,"Camelot","movie",6.5,179,1967,7321,"No"
"tt0028683","93%",NA,NA,"Camille","movie",7.3,109,1936,8582,"No"
"tt0028691","94%",NA,NA,"Captains Courageous","movie",7.9,117,1937,10653,"No"
"tt0046828","77%",NA,NA,"Carmen Jones","movie",6.8,105,1954,5823,"No"
"tt0066892","87%",6,"2022-09-13","Carnal Knowledge","movie",6.9,98,1971,14561,"Yes"
"tt0034583","99%",9,"2021-07-09","Casablanca","movie",8.5,102,1942,596530,"Yes"
"tt0051459","97%",9,"2021-07-09","Cat on a Hot Tin Roof","movie",7.9,108,1958,52625,"Yes"
"tt0065528","79%",NA,NA,"Catch-22","movie",7.1,122,1970,26219,"No"
"tt0023876","64%",NA,NA,"Cavalcade","movie",5.8,112,1933,5745,"No"
"tt0154420","91%",9,"2023-11-28","Festen","movie",8,105,1998,92207,"Yes"
"tt0112769","93%",NA,NA,"La cérémonie","movie",7.5,111,1995,13353,"No"
"tt0083728","96%",NA,NA,"Chan Is Missing","movie",7.1,76,1982,1781,"No"
"tt0082158","82%",7,"2021-10-14","Chariots of Fire","movie",7.1,125,1981,64745,"Yes"
"tt0069865","84%",NA,NA,"Charley Varrick","movie",7.5,111,1973,13340,"No"
"tt0299658","86%",7,"2021-07-09","Chicago","movie",7.2,113,2002,239957,"Yes"
"tt0120630","97%",7,"2021-07-09","Chicken Run","movie",7.1,84,2000,205067,"Yes"
"tt0021739","100%",7,"2023-08-30","La chienne","movie",7.5,91,1931,4745,"Yes"
"tt0071315","99%",8,"2022-01-13","Chinatown","movie",8.2,130,1974,343171,"Yes"
"tt0068205","91%",NA,NA,"L'amour, l'après-midi","movie",7.6,97,1972,9135,"No"
"tt0241303","62%",7,"2021-07-09","Chocolat","movie",7.3,121,2000,199279,"Yes"
"tt0124315","71%",6,"2021-07-09","The Cider House Rules","movie",7.4,126,1999,103685,"Yes"
"tt0029995","89%",NA,NA,"The Citadel","movie",7,110,1938,2334,"No"
"tt0033467","99%",8,"2021-07-09","Citizen Kane","movie",8.3,119,1941,459576,"Yes"
"tt0065772","96%",NA,NA,"Le genou de Claire","movie",7.5,105,1970,12246,"No"
"tt0071622","100%",NA,NA,"L'horloger de Saint-Paul","movie",7.1,105,1974,2749,"No"
"tt0066921","87%",10,"2021-07-09","A Clockwork Orange","movie",8.3,136,1971,867036,"Yes"
"tt0075860","94%",8,"2021-08-14","Close Encounters of the Third Kind","movie",7.6,138,1977,213100,"Yes"
"tt0100234","88%",NA,NA,"Nema-ye Nazdik","movie",8.2,98,1990,22223,"No"
"tt0112697",NA,8,"2021-09-21","Clueless","movie",6.9,97,1995,238697,"Yes"
"tt0080549","86%",NA,NA,"Coal Miner's Daughter","movie",7.5,124,1980,20075,"No"
"tt0090863","89%",7,"2021-07-09","The Color of Money","movie",7,119,1986,91562,"Yes"
"tt0044509","78%",NA,NA,"Come Back, Little Sheba","movie",7.5,99,1952,5312,"No"
"tt0077362","85%",9,"2023-08-27","Coming Home","movie",7.3,127,1978,14543,"Yes"
"tt0065571","98%",9,"2023-03-07","Il conformista","movie",7.9,113,1970,33014,"Yes"
"tt0045646",NA,7,"2022-05-08","The Conquest of Everest","movie",7.3,78,1953,859,"Yes"
"tt0057345","91%",NA,NA,"Le mépris","movie",7.5,103,1963,35401,"No"
"tt0071360","96%",8,"2022-03-10","The Conversation","movie",7.8,113,1974,118716,"Yes"
"tt0061512","100%",7,"2021-07-09","Cool Hand Luke","movie",8.1,127,1967,185984,"Yes"
"tt0025004","86%",NA,NA,"The Count of Monte Cristo","movie",7.4,113,1934,3156,"No"
"tt0046874","86%",NA,NA,"The Country Girl","movie",7.2,104,1954,6475,"No"
"tt0052708","94%",NA,NA,"Les cousins","movie",7.2,112,1959,3177,"No"
"tt0050634","96%",10,"2023-05-08","Letyat zhuravli","movie",8.3,95,1957,19234,"Yes"
"tt0069467","91%",9,"2023-08-21","Viskningar och rop","movie",8,91,1972,36342,"Yes"
"tt0039286","82%",7,"2022-10-15","Crossfire","movie",7.3,86,1947,9468,"Yes"
"tt0109508","95%",9,"2023-11-09","Crumb","movie",8,119,1994,21315,"Yes"
"tt0043436","89%",NA,NA,"Cry, the Beloved Country","movie",6.9,103,1951,964,"No"
"tt0104036","94%",7,"2022-06-01","The Crying Game","movie",7.2,112,1992,59193,"Yes"
"tt0051516","78%",NA,NA,"Damn Yankees","movie",7,111,1958,3349,"No"
"tt0064118","88%",NA,NA,"La caduta degli dei (Götterdämmerung)","movie",7.4,157,1969,9731,"No"
"tt0088987","91%",NA,NA,"Dance with a Stranger","movie",6.6,96,1985,2934,"No"
"tt0094947","93%",7,"2021-07-09","Dangerous Liaisons","movie",7.6,119,1988,74086,"Yes"
"tt0085398","43%",NA,NA,"Daniel","movie",6.6,130,1983,1505,"No"
"tt0083789","83%",NA,NA,"Danton","movie",7.4,136,1983,7567,"No"
"tt0093664","100%",NA,NA,"Oci ciornie","movie",7.3,118,1987,3466,"No"
"tt0031210","88%",8,"2021-07-09","Dark Victory","movie",7.4,104,1939,12070,"Yes"
"tt0059084","67%",8,"2023-08-14","Darling","movie",7,128,1965,7756,"Yes"
"tt0026266","100%",NA,NA,"The Personal History, Adventures, Experience, & Observation of David Copperfield the Younger","movie",7.4,130,1935,4640,"No"
"tt0062864","91%",NA,NA,"David Holzman's Diary","movie",6.5,74,1967,1810,"No"
"tt0077402","94%",NA,NA,"Dawn of the Dead","movie",7.8,127,1978,126764,"No"
"tt0070460","97%",8,"2023-09-07","La nuit américaine","movie",8,116,1973,24396,"Yes"
"tt0069947","89%",NA,NA,"The Day of the Jackal","movie",7.8,143,1973,43986,"No"
"tt0043456","95%",8,"2021-07-09","The Day the Earth Stood Still","movie",7.8,92,1951,84875,"Yes"
"tt0077405","93%",7,"2023-02-28","Days of Heaven","movie",7.8,94,1978,61519,"Yes"
"tt0055895","100%",NA,NA,"Days of Wine and Roses","movie",7.8,117,1962,13762,"No"
"tt0092843","93%",NA,NA,"The Dead","movie",7.2,83,1987,8690,"No"
"tt0097162","83%",NA,NA,"Dead Calm","movie",6.8,96,1989,43038,"No"
"tt0028773","91%",6,"2022-08-25","Dead End","movie",7.2,93,1937,8384,"Yes"
"tt0112818","95%",8,"2023-05-09","Dead Man Walking","movie",7.5,122,1995,100293,"Yes"
"tt0037635","93%",9,"2023-10-22","Dead of Night","movie",7.5,103,1945,13902,"Yes"
"tt0094964","83%",NA,NA,"Dead Ringers","movie",7.2,116,1988,52482,"No"
"tt0067445","68%",NA,NA,"Morte a Venezia","movie",7.4,130,1971,22693,"No"
"tt0043458",NA,NA,NA,"Death of a Salesman","movie",7.2,115,1951,1155,"No"
"tt0092337",NA,10,"2022-12-19","Dekalog","tvMiniSeries",9,572,1989,27318,"Yes"
"tt0066122","85%",NA,NA,"Deep End","movie",7.2,92,1970,7232,"No"
"tt0077416","91%",7,"2022-05-29","The Deer Hunter","movie",8.1,183,1978,355888,"Yes"
"tt0051525","92%",9,"2022-07-07","The Defiant Ones","movie",7.6,96,1958,17167,"Yes"
"tt0068473","89%",NA,NA,"Deliverance","movie",7.7,109,1972,117453,"No"
"tt0089017","84%",5,"2021-07-09","Desperately Seeking Susan","movie",6.1,104,1985,25428,"Yes"
"tt0031225","96%",NA,NA,"Destry Rides Again","movie",7.6,95,1939,12351,"No"
"tt0046911","96%",8,"2021-07-09","Les diaboliques","movie",8.1,117,1955,68585,"Yes"
"tt0046912","89%",7,"2021-07-09","Dial M for Murder","movie",8.2,105,1954,185440,"Yes"
"tt0058249","87%",NA,NA,"Le journal d'une femme de chambre","movie",7.4,97,1964,9650,"No"
"tt0042619","95%",NA,NA,"Journal d'un curé de campagne","movie",7.8,115,1951,12419,"No"
"tt0095016","94%",7,"2021-07-09","Die Hard","movie",8.2,132,1988,921619,"Yes"
"tt0083833","93%",NA,NA,"Diner","movie",7.1,110,1982,22406,"No"
"tt0023948","91%",NA,NA,"Dinner at Eight","movie",7.5,111,1933,8845,"No"
"tt0061578","80%",7,"2023-09-09","The Dirty Dozen","movie",7.7,150,1967,77878,"Yes"
"tt0066999","88%",NA,NA,"Dirty Harry","movie",7.7,102,1971,165802,"No"
"tt0095031","88%",5,"2022-12-15","Dirty Rotten Scoundrels","movie",7.4,110,1988,76619,"Yes"
"tt0068361","98%",8,"2021-11-08","Le charme discret de la bourgeoisie","movie",7.8,102,1972,45827,"Yes"
"tt0019823",NA,5,"2022-06-15","Disraeli","movie",6.1,90,1929,1350,"Yes"
"tt0069737",NA,NA,NA,"Ashani Sanket","movie",8,101,1973,1689,"No"
"tt0082269","96%",NA,NA,"Diva","movie",7.2,117,1981,14094,"No"
"tt0055913","100%",9,"2022-07-09","Divorzio all'italiana","movie",8,105,1961,13846,"Yes"
"tt0097216","93%",10,"2022-08-22","Do the Right Thing","movie",8,120,1989,110038,"Yes"
"tt0022835","90%",8,"2021-07-09","Dr. Jekyll and Mr. Hyde","movie",7.6,98,1931,15467,"Yes"
"tt0057012","98%",8,"2021-09-19","Dr. Strangelove or: How I Learned to Stop Worrying and Love the Bomb","movie",8.4,95,1964,510457,"Yes"
"tt0059113","84%",7,"2022-03-15","Doctor Zhivago","movie",7.9,197,1965,80812,"Yes"
"tt0027532","90%",7,"2022-02-03","Dodsworth","movie",7.8,101,1936,9944,"Yes"
"tt0053779","96%",8,"2022-07-03","La dolce vita","movie",8,174,1960,77017,"Yes"
"tt0119008","88%",NA,NA,"Donnie Brasco","movie",7.7,127,1997,326052,"No"
"tt0061589","100%",8,"2021-07-09","Dont Look Back","movie",7.9,96,1967,9891,"Yes"
"tt0036775","97%",9,"2022-11-13","Double Indemnity","movie",8.3,107,1944,164794,"Yes"
"tt0090967","87%",4,"2023-09-21","Down by Law","movie",7.7,107,1986,54550,"Yes"
"tt0021814","94%",8,"2021-07-09","Dracula","movie",7.4,75,1931,57501,"Yes"
"tt0120449","93%",NA,NA,"La vie rêvée des anges","movie",7.4,113,1998,7717,"No"
"tt0080661","81%",NA,NA,"Dressed to Kill","movie",7.1,104,1980,46779,"No"
"tt0085461","100%",NA,NA,"The Dresser","movie",7.5,118,1983,5602,"No"
"tt0097239","82%",7,"2021-07-09","Driving Miss Daisy","movie",7.3,99,1989,115897,"Yes"
"tt0092929","92%",NA,NA,"Drowning by Numbers","movie",7.2,118,1988,10740,"No"
"tt0097240","100%",NA,NA,"Drugstore Cowboy","movie",7.3,101,1989,39615,"No"
"tt0023969","91%",NA,NA,"Duck Soup","movie",7.7,69,1933,62211,"No"
"tt0075968","92%",NA,NA,"The Duellists","movie",7.4,100,1977,26028,"No"
"tt0033563","98%",7,"2021-07-09","Dumbo","movie",7.2,64,1941,139824,"Yes"
"tt0048028","85%",6,"2021-07-09","East of Eden","movie",7.8,118,1955,48131,"Yes"
"tt0028816","100%",8,"2022-08-12","Easy Living","movie",7.5,88,1937,4089,"Yes"
"tt0111797","88%",NA,NA,"Yin shi nan nu","movie",7.8,124,1994,22766,"No"
"tt0071458","73%",NA,NA,"Fontane Effi Briest","movie",6.9,140,1974,2656,"No"
"tt0056801","98%",9,"2023-09-02","8½","movie",8,138,1963,123476,"Yes"
"tt0095082","86%",NA,NA,"Eight Men Out","movie",7.2,119,1988,21650,"No"
"tt0080678","93%",NA,NA,"The Elephant Man","movie",8.2,124,1980,254105,"No"
"tt0053793","94%",NA,NA,"Elmer Gantry","movie",7.7,146,1960,12511,"No"
"tt0092965","75%",NA,NA,"Empire of the Sun","movie",7.7,153,1987,132472,"No"
"tt0097276","88%",NA,NA,"Enemies: A Love Story","movie",6.6,119,1989,2520,"No"
"tt0037674","98%",NA,NA,"Les enfants du paradis","movie",8.3,189,1945,20861,"No"
"tt0116209","85%",7,"2021-07-09","The English Patient","movie",7.4,162,1996,197685,"Yes"
"tt0053796","77%",7,"2023-08-24","The Entertainer","movie",7.1,96,1960,3673,"Yes"
"tt0085370","100%",NA,NA,"Coup de foudre","movie",7,110,1983,2155,"No"
"tt0083866","99%",8,"2021-07-09","E.T. the Extra-Terrestrial","movie",7.9,115,1982,430364,"Yes"
"tt0099776","95%",NA,NA,"Europa Europa","movie",7.6,112,1990,17252,"No"
"tt0079854","100%",NA,NA,"Sauve qui peut (la vie)","movie",6.6,87,1980,3870,"No"
"tt0070047","83%",9,"2021-07-09","The Exorcist","movie",8.1,122,1973,446041,"Yes"
"tt0056732","93%",8,"2022-01-29","El ángel exterminador","movie",8,95,1962,35005,"Yes"
"tt0050371","88%",10,"2023-05-19","A Face in the Crowd","movie",8.2,126,1957,16815,"Yes"
"tt0074147","76%",NA,NA,"Ansikte mot ansikte","movie",7.5,114,1976,6060,"No"
"tt0062952","83%",NA,NA,"Faces","movie",7.4,130,1968,11442,"No"
"tt0087545",NA,NA,NA,"Kazoku gêmu","movie",7.2,107,1983,1079,"No"
"tt0083922","100%",10,"2022-02-21","Fanny och Alexander","movie",8.1,188,1982,66494,"Yes"
"tt0032455","95%",8,"2021-07-09","Fantasia","movie",7.7,124,1940,102137,"Yes"
"tt0106332","86%",NA,NA,"Ba wang bie ji","movie",8.1,171,1992,32194,"No"
"tt0297884","87%",NA,NA,"Far from Heaven","movie",7.3,107,2002,48593,"No"
"tt0116282","94%",8,"2021-07-11","Fargo","movie",8.1,98,1996,710387,"Yes"
"tt0119107","91%",NA,NA,"Fast, Cheap & Out of Control","movie",7.1,80,1997,3939,"No"
"tt0285441","91%",NA,NA,"Atanarjuat","movie",7.4,172,2001,6808,"No"
"tt0068575","100%",NA,NA,"Fat City","movie",7.3,96,1972,10174,"No"
"tt0093010","76%",6,"2023-09-05","Fatal Attraction","movie",6.9,119,1987,94877,"Yes"
"tt0042451","90%",5,"2023-08-16","Father of the Bride","movie",7.1,92,1950,12322,"Yes"
"tt0064940","78%",NA,NA,"Fellini - Satyricon","movie",6.8,129,1969,17007,"No"
"tt0064323","80%",NA,NA,"La femme infidèle","movie",7.4,98,1969,4412,"No"
"tt0100263","89%",7,"2021-07-15","Nikita","movie",7.3,117,1990,75366,"Yes"
"tt0101889","84%",6,"2021-08-20","The Fisher King","movie",7.5,137,1991,89642,"Yes"
"tt0059619","92%",NA,NA,"I pugni in tasca","movie",7.6,110,1965,4764,"No"
"tt0083946","79%",8,"2023-09-10","Fitzcarraldo","movie",8,158,1982,37691,"Yes"
"tt0065724","88%",7,"2023-09-13","Five Easy Pieces","movie",7.4,98,1970,39829,"Yes"
"tt0087265","84%",NA,NA,"The Flamingo Kid","movie",6.2,100,1984,5981,"No"
"tt0051622","95%",NA,NA,"The Fly","movie",7.1,94,1958,25192,"No"
"tt0040366","100%",9,"2021-10-16","Force of Evil","movie",7.2,79,1948,7528,"Yes"
"tt0035896","71%",NA,NA,"For Whom the Bell Tolls","movie",6.8,170,1943,10054,"No"
"tt0043686","100%",NA,NA,"Jeux interdits","movie",8,86,1952,12920,"No"
"tt0040367","100%",NA,NA,"A Foreign Affair","movie",7.3,116,1948,8343,"No"
"tt0060424","96%",NA,NA,"The Fortune Cookie","movie",7.2,125,1966,15268,"No"
"tt0053198","98%",9,"2022-07-09","Les quatre cents coups","movie",8.1,99,1959,125675,"Yes"
"tt0021884","100%",7,"2021-07-09","Frankenstein","movie",7.8,70,1931,78343,"Yes"
"tt0067116","98%",8,"2023-10-02","The French Connection","movie",7.7,104,1971,132593,"Yes"
"tt0068611","90%",7,"2021-07-09","Frenzy","movie",7.4,116,1972,48585,"Yes"
"tt0049233","88%",NA,NA,"Friendly Persuasion","movie",7.3,137,1956,7582,"No"
"tt0045793","90%",8,"2023-05-23","From Here to Eternity","movie",7.6,118,1953,50067,"Yes"
"tt0039402","75%",NA,NA,"The Fugitive","movie",6.3,104,1947,2551,"No"
"tt0093058","92%",8,"2021-07-09","Full Metal Jacket","movie",8.3,116,1987,776939,"Yes"
"tt0119164","96%",7,"2022-08-10","The Full Monty","movie",7.2,91,1997,112560,"Yes"
"tt0050419","87%",7,"2021-07-09","Funny Face","movie",7,103,1957,32346,"Yes"
"tt0062994","93%",8,"2021-07-09","Funny Girl","movie",7.3,151,1968,24506,"Yes"
"tt0027652","100%",8,"2023-10-31","Fury","movie",7.8,92,1936,13485,"Yes"
"tt0082432","91%",NA,NA,"Gallipoli","movie",7.4,110,1981,41470,"No"
"tt0083987","85%",6,"2021-09-16","Gandhi","movie",8,191,1982,238329,"Yes"
"tt0217505","73%",6,"2021-07-09","Gangs of New York","movie",7.5,167,2002,465573,"Yes"
"tt0065777","100%",9,"2023-09-06","Il giardino dei Finzi Contini","movie",7.3,94,1970,7510,"Yes"
"tt0104321","81%",NA,NA,"Gas Food Lodging","movie",6.6,101,1992,4349,"No"
"tt0036855","88%",9,"2022-08-16","Gaslight","movie",7.8,114,1944,32933,"Yes"
"tt0045935","100%",NA,NA,"Jigokumon","movie",7.1,89,1953,4150,"No"
"tt0045814","100%",NA,NA,"Gion bayashi","movie",7.6,85,1953,2299,"No"
"tt0120706","82%",NA,NA,"The General","movie",7.2,124,1998,9160,"No"
"tt0053856","100%",NA,NA,"Il generale Della Rovere","movie",7.7,132,1959,3593,"No"
"tt0045808","86%",NA,NA,"Genevieve","movie",7.1,86,1953,3367,"No"
"tt0045810","98%",6,"2021-07-09","Gentlemen Prefer Blondes","movie",7.1,91,1953,41826,"Yes"
"tt0060453","91%",NA,NA,"Georgy Girl","movie",6.9,99,1966,4187,"No"
"tt0067128","85%",NA,NA,"Get Carter","movie",7.3,112,1971,36155,"No"
"tt0078122","88%",NA,NA,"Préparez vos mouchoirs","movie",7,108,1978,4205,"No"
"tt0162346","93%",7,"2021-07-09","Ghost World","movie",7.3,111,2001,125382,"Yes"
"tt0049261","91%",7,"2021-07-09","Giant","movie",7.6,201,1956,41583,"Yes"
"tt0051658","82%",6,"2021-09-20","Gigi","movie",6.6,115,1958,24091,"Yes"
"tt0065780","93%",9,"2021-11-20","Gimme Shelter","movie",7.8,91,1970,12686,"Yes"
"tt0049263","75%",NA,NA,"The Girl Can't Help It","movie",6.8,98,1956,3841,"No"
"tt0054225",NA,NA,NA,"La ragazza con la valigia","movie",7.5,121,1961,2396,"No"
"tt0247380","93%",NA,NA,"Les glaneurs et la glaneuse","movie",7.7,82,2000,8513,"No"
"tt0066773",NA,NA,NA,"Die Angst des Tormanns beim Elfmeter","movie",6.6,101,1972,2174,"No"
"tt0067144","100%",NA,NA,"The Go-Between","movie",7.2,116,1971,6179,"No"
"tt0068646","97%",8,"2021-07-09","The Godfather","movie",9.2,175,1972,1971610,"Yes"
"tt0071562","96%",9,"2021-07-09","The Godfather Part II","movie",9,202,1974,1338202,"Yes"
"tt0036872","81%",NA,NA,"Going My Way","movie",7,126,1944,13040,"No"
"tt0058150","99%",6,"2021-07-09","Goldfinger","movie",7.7,110,1964,199559,"Yes"
"tt0031381","90%",7,"2022-01-16","Gone with the Wind","movie",8.2,238,1939,328986,"Yes"
"tt0060196","97%",9,"2022-03-06","Il buono, il brutto, il cattivo","movie",8.8,161,1966,796741,"Yes"
"tt0028944","95%",NA,NA,"The Good Earth","movie",7.5,138,1937,5317,"No"
"tt0031385","83%",7,"2022-07-10","Goodbye, Mr. Chips","movie",7.9,114,1939,11368,"Yes"
"tt0099685","96%",9,"2021-08-07","Goodfellas","movie",8.7,145,1990,1229359,"Yes"
"tt0280707","86%",6,"2021-07-09","Gosford Park","movie",7.2,137,2001,92456,"Yes"
"tt0061722","87%",8,"2021-07-09","The Graduate","movie",8,106,1967,285190,"Yes"
"tt0022958","86%",7,"2022-01-24","Grand Hotel","movie",7.3,112,1932,20515,"Yes"
"tt0028950","97%",NA,NA,"La grande illusion","movie",8.1,113,1937,38378,"No"
"tt0032551","100%",7,"2023-08-29","The Grapes of Wrath","movie",8.1,129,1940,98443,"Yes"
"tt0032553","93%",9,"2023-07-07","The Great Dictator","movie",8.4,125,1940,233976,"Yes"
"tt0038574","100%",9,"2023-09-09","Great Expectations","movie",7.8,118,1946,25896,"Yes"
"tt0049280",NA,NA,NA,"The Great Man","movie",6.9,92,1956,464,"No"
"tt0032554","100%",NA,NA,"The Great McGinty","movie",7.3,82,1940,4316,"No"
"tt0044672","50%",NA,NA,"The Greatest Show on Earth","movie",6.5,152,1952,15717,"No"
"tt0038577","73%",NA,NA,"Green for Danger","movie",7.4,91,1946,5490,"No"
"tt0082477","95%",8,"2022-08-25","Gregory's Girl","movie",7.1,91,1980,9302,"Yes"
"tt0099703","91%",6,"2021-07-09","The Grifters","movie",6.9,110,1990,30000,"Yes"
"tt0107048","96%",7,"2021-07-15","Groundhog Day","movie",8,101,1993,669529,"Yes"
"tt0042531","100%",NA,NA,"The Gunfighter","movie",7.7,85,1950,12240,"No"
"tt0031398","92%",NA,NA,"Gunga Din","movie",7.2,117,1939,12624,"No"
"tt0036891","95%",NA,NA,"Hail the Conquering Hero","movie",7.6,101,1944,5075,"No"
"tt0079261","82%",NA,NA,"Hair","movie",7.5,121,1979,40014,"No"
"tt0040416","95%",7,"2023-05-22","Hamlet","movie",7.6,154,1948,18036,"Yes"
"tt0171359","59%",6,"2021-07-09","Hamlet","movie",5.9,112,2000,9908,"Yes"
"tt0076123","100%",NA,NA,"Citizens Band","movie",6.4,98,1977,888,"No"
"tt0091167","91%",7,"2023-09-01","Hannah and Her Sisters","movie",7.8,107,1986,75327,"Yes"
"tt0147612","82%",NA,NA,"Happiness","movie",7.7,134,1998,73482,"No"
"tt0058182","98%",8,"2021-07-09","A Hard Day's Night","movie",7.5,87,1964,47438,"Yes"
"tt0074605","100%",9,"2023-05-08","Harlan County U.S.A.","movie",8.2,103,1976,6473,"Yes"
"tt0071598","90%",NA,NA,"Harry and Tonto","movie",7.3,115,1974,6111,"No"
"tt0050487",NA,NA,NA,"A Hatful of Rain","movie",7.2,109,1957,1467,"No"
"tt0068687","92%",NA,NA,"The Heartbreak Kid","movie",7,106,1972,5456,"No"
"tt0082508","100%",NA,NA,"Heartland","movie",7.3,96,1979,1194,"No"
"tt0102015","100%",9,"2023-06-24","Hearts of Darkness: A Filmmaker's Apocalypse","movie",8.1,96,1991,22771,"Yes"
"tt0084058","79%",NA,NA,"Heat and Dust","movie",6.5,130,1983,2039,"No"
"tt0097493","93%",6,"2021-08-20","Heathers","movie",7.2,103,1988,113263,"Yes"
"tt0070165","89%",NA,NA,"Heavy Traffic","movie",6.5,77,1973,3614,"No"
"tt0087400",NA,NA,NA,"Heimat - Eine Chronik in elf Teilen","tvMiniSeries",8.7,924,1984,3286,"No"
"tt0041452","100%",9,"2023-05-23","The Heiress","movie",8.1,115,1949,16947,"Yes"
"tt0097499","100%",7,"2023-08-31","Henry V","movie",7.5,137,1989,31279,"Yes"
"tt0036910","100%",6,"2023-08-31","The Chronicle History of King Henry the Fifth with His Battell Fought at Agincourt in France","movie",7,137,1944,6941,"Yes"
"tt0122529","89%",NA,NA,"Henry Fool","movie",7.1,137,1997,7689,"No"
"tt0033712","100%",8,"2023-06-23","Here Comes Mr. Jordan","movie",7.6,94,1941,7146,"Yes"
"tt0057565","95%",9,"2022-06-01","Tengoku to jigoku","movie",8.4,143,1963,50946,"Yes"
"tt0047086","40%",NA,NA,"The High and the Mighty","movie",6.7,147,1954,6348,"No"
"tt0139362","76%",NA,NA,"High Art","movie",6.6,101,1998,11001,"No"
"tt0095302","100%",NA,NA,"High Hopes","movie",7.4,108,1988,5678,"No"
"tt0044706","95%",NA,NA,"High Noon","movie",8,85,1952,108819,"No"
"tt0033717","91%",7,"2023-06-15","High Sierra","movie",7.5,100,1940,18877,"Yes"
"tt0059274","71%",NA,NA,"The Hill","movie",7.9,123,1965,14895,"No"
"tt0052893","98%",NA,NA,"Hiroshima mon amour","movie",7.8,90,1959,35114,"No"
"tt0032599","99%",7,"2021-07-09","His Girl Friday","movie",7.8,92,1940,62083,"Yes"
"tt0070188","100%",NA,NA,"The Homecoming","movie",6.8,111,1973,840,"No"
"tt0110057","98%",9,"2023-05-12","Hoop Dreams","movie",8.3,170,1994,27626,"Yes"
"tt0093209","95%",6,"2023-09-06","Hope and Glory","movie",7.3,113,1987,14210,"Yes"
"tt0095341","100%",NA,NA,"Hôtel Terminus","movie",7.6,267,1988,1552,"No"
"tt0274558","79%",6,"2021-07-09","The Hours","movie",7.5,110,2002,137170,"Yes"
"tt0107152","50%",NA,NA,"Household Saints","movie",6.9,124,1993,939,"No"
"tt0093223","96%",NA,NA,"House of Games","movie",7.2,102,1987,23630,"No"
"tt0033729","89%",7,"2022-05-23","How Green Was My Valley","movie",7.7,118,1941,25933,"Yes"
"tt0045891","84%",NA,NA,"How to Marry a Millionaire","movie",6.8,95,1953,24310,"No"
"tt0104454","94%",7,"2023-06-25","Howards End","movie",7.4,142,1992,35161,"Yes"
"tt0057163","83%",8,"2021-07-14","Hud","movie",7.8,112,1963,23535,"Yes"
"tt0089310",NA,NA,NA,"Huey Long","movie",7.6,88,1985,556,"No"
"tt0104466","93%",NA,NA,"Husbands and Wives","movie",7.5,108,1992,30750,"No"
"tt0054997","96%",6,"2021-09-19","The Hustler","movie",8,134,1961,85713,"Yes"
"tt0037800","100%",NA,NA,"I Know Where I'm Going!","movie",7.4,92,1945,9532,"No"
"tt0040458","100%",NA,NA,"I Remember Mama","movie",7.9,134,1948,5906,"No"
"tt0051758","94%",NA,NA,"I Want to Live!","movie",7.5,120,1958,7211,"No"
"tt0063850","92%",NA,NA,"If....","movie",7.4,111,1968,24920,"No"
"tt0044741","98%",9,"2023-05-11","Ikiru","movie",8.3,143,1952,85199,"Yes"
"tt0052911","88%",NA,NA,"I'm All Right Jack","movie",7.1,105,1959,4306,"No"
"tt0052918","81%",NA,NA,"Imitation of Life","movie",7.8,125,1959,17818,"No"
"tt0061809","83%",8,"2022-05-26","In Cold Blood","movie",7.9,134,1967,28500,"Yes"
"tt0247425","93%",8,"2021-07-09","In the Bedroom","movie",7.4,131,2001,41894,"Yes"
"tt0061811","95%",8,"2022-02-07","In the Heat of the Night","movie",7.9,110,1967,81838,"Yes"
"tt0026529","94%",NA,NA,"The Informer","movie",7.4,91,1935,7000,"No"
"tt0053946","93%",8,"2021-10-17","Inherit the Wind","movie",8.1,128,1960,32270,"Yes"
"tt0140352","96%",8,"2022-05-09","The Insider","movie",7.8,157,1999,177940,"Yes"
"tt0099850","88%",NA,NA,"Internal Affairs","movie",6.5,115,1990,22070,"No"
"tt0059319","97%",NA,NA,"The Ipcress File","movie",7.2,109,1965,17260,"No"
"tt0025316","99%",8,"2022-07-18","It Happened One Night","movie",8.1,105,1934,110040,"Yes"
"tt0025318","94%",NA,NA,"It's a Gift","movie",7.1,68,1934,5691,"No"
"tt0038650","94%",8,"2021-07-09","It's a Wonderful Life","movie",8.6,130,1946,484611,"Yes"
"tt0050556","80%",NA,NA,"Jailhouse Rock","movie",6.5,96,1957,9671,"No"
"tt0073195","98%",9,"2021-07-09","Jaws","movie",8.1,124,1975,647018,"Yes"
"tt0018037","78%",4,"2023-01-09","The Jazz Singer","movie",6.4,88,1927,10862,"Yes"
"tt0091288","96%",NA,NA,"Jean de Florette","movie",8.1,120,1986,27166,"No"
"tt0116695","84%",7,"2021-07-09","Jerry Maguire","movie",7.3,139,1996,282226,"Yes"
"tt0047136","94%",NA,NA,"Johnny Guitar","movie",7.6,110,1954,19255,"No"
"tt0073219",NA,NA,NA,"Le juge et l'assassin","movie",7.3,128,1976,2268,"No"
"tt0055031","92%",7,"2023-04-19","Judgment at Nuremberg","movie",8.3,179,1961,82957,"Yes"
"tt0099902","100%",NA,NA,"Ju Dou","movie",7.6,95,1990,8884,"No"
"tt0055032","93%",NA,NA,"Jules et Jim","movie",7.7,105,1962,43787,"No"
"tt0059229","79%",7,"2023-10-20","Giulietta degli spiriti","movie",7.5,137,1965,14490,"Yes"
"tt0068786","92%",NA,NA,"Junior Bonner","movie",6.7,100,1972,6726,"No"
"tt0080979","88%",NA,NA,"Kagemusha","movie",7.9,180,1980,37595,"No"
"tt0038669","100%",7,"2021-10-22","The Killers","movie",7.7,103,1946,23173,"Yes"
"tt0087553","93%",NA,NA,"The Killing Fields","movie",7.8,141,1984,58321,"No"
"tt0041546","100%",7,"2023-05-22","Kind Hearts and Coronets","movie",8,106,1949,39219,"Yes"
"tt0049408","93%",NA,NA,"The King and I","movie",7.4,133,1956,27575,"No"
"tt0024216","98%",8,"2021-07-09","King Kong","movie",7.9,100,1933,89630,"Yes"
"tt0067306","67%",NA,NA,"King Lear","movie",7.2,137,1970,925,"No"
"tt0085794","89%",9,"2023-06-08","The King of Comedy","movie",7.8,109,1982,115458,"Yes"
"tt0068805","70%",NA,NA,"The King of Marvin Gardens","movie",6.5,103,1972,5957,"No"
"tt0089424","87%",7,"2022-03-14","Kiss of the Spider Woman","movie",7.3,120,1985,17050,"Yes"
"tt0067309","93%",7,"2023-09-09","Klute","movie",7.1,114,1971,28905,"Yes"
"tt0056291","100%",7,"2023-09-23","Nóz w wodzie","movie",7.4,94,1962,23221,"Yes"
"tt0079417","88%",8,"2023-08-14","Kramer vs. Kramer","movie",7.8,105,1979,152346,"Yes"
"tt0119488","99%",8,"2022-04-21","L.A. Confidential","movie",8.2,138,1997,606465,"Yes"
"tt0071733","100%",NA,NA,"Lacombe Lucien","movie",7.6,138,1974,7614,"No"
"tt0033804","100%",6,"2021-07-09","The Lady Eve","movie",7.7,94,1941,22993,"Yes"
"tt0030341","98%",6,"2022-01-25","The Lady Vanishes","movie",7.7,96,1938,56086,"Yes"
"tt0110296","75%",NA,NA,"Ladybird Ladybird","movie",7.4,101,1994,3756,"No"
"tt0110299","91%",NA,NA,"Lamerica","movie",7.4,116,1994,2357,"No"
"tt0070287","71%",NA,NA,"The Last American Hero","movie",6.4,95,1973,2129,"No"
"tt0093389","89%",6,"2022-07-10","The Last Emperor","movie",7.7,163,1987,109531,"Yes"
"tt0080610","86%",NA,NA,"Le dernier métro","movie",7.3,131,1980,15465,"No"
"tt0067328","100%",8,"2022-02-23","The Last Picture Show","movie",8,118,1971,51463,"Yes"
"tt0110308","94%",NA,NA,"The Last Seduction","movie",7,110,1994,25303,"No"
"tt0070849","83%",NA,NA,"Ultimo tango a Parigi","movie",6.9,129,1972,57311,"No"
"tt0095497","81%",NA,NA,"The Last Temptation of Christ","movie",7.5,164,1988,61654,"No"
"tt0077838","98%",8,"2022-08-03","The Last Waltz","movie",8.1,117,1978,19585,"Yes"
"tt0037008","100%",8,"2021-07-09","Laura","movie",7.9,88,1944,50287,"Yes"
"tt0044829","100%",NA,NA,"The Lavender Hill Mob","movie",7.5,78,1951,15268,"No"
"tt0056172","94%",9,"2021-07-09","Lawrence of Arabia","movie",8.3,218,1962,308445,"Yes"
"tt0104694","80%",7,"2021-07-09","A League of Their Own","movie",7.3,128,1992,118557,"Yes"
"tt0113627","91%",6,"2023-09-13","Leaving Las Vegas","movie",7.5,111,1995,132087,"Yes"
"tt0057091","100%",NA,NA,"Il gattopardo","movie",7.9,186,1963,28230,"No"
"tt0032701","100%",6,"2022-07-04","The Letter","movie",7.5,95,1940,14285,"Yes"
"tt0041587","95%",8,"2023-04-25","A Letter to Three Wives","movie",7.7,103,1949,10479,"Yes"
"tt0053002","88%",NA,NA,"Les liaisons dangereuses","movie",6.8,111,1959,1489,"No"
"tt0036112","97%",9,"2022-08-24","The Life and Death of Colonel Blimp","movie",8,163,1943,15981,"Yes"
"tt0100024","92%",NA,NA,"Life Is Sweet","movie",7.4,103,1990,11099,"No"
"tt0029146","82%",NA,NA,"The Life of Emile Zola","movie",7.2,116,1937,8840,"No"
"tt0039566","92%",7,"2023-06-15","Life with Father","movie",7.1,118,1947,6261,"Yes"
"tt0103994","87%",NA,NA,"Como agua para chocolate","movie",7.1,105,1992,18633,"No"
"tt0046000","100%",NA,NA,"Lili","movie",7.3,81,1953,3871,"No"
"tt0065988","96%",NA,NA,"Little Big Man","movie",7.5,139,1970,37320,"No"
"tt0021079","92%",7,"2023-05-01","Little Caesar","movie",7.2,79,1931,14208,"Yes"
"tt0033836","100%",9,"2022-04-04","The Little Foxes","movie",7.9,116,1941,12815,"Yes"
"tt0046004","93%",NA,NA,"Little Fugitive","movie",7.5,75,1953,2983,"No"
"tt0046006",NA,NA,NA,"The Kidnappers","movie",7.1,93,1953,543,"No"
"tt0095574","100%",NA,NA,"Malenkaya Vera","movie",6.9,128,1988,2120,"No"
"tt0024264","89%",7,"2022-11-29","Little Women","movie",7.2,115,1933,7762,"Yes"
"tt0110367",NA,6,"2021-07-15","Little Women","movie",7.3,115,1994,62310,"Yes"
"tt0026643","100%",NA,NA,"The Lives of a Bengal Lancer","movie",7,109,1935,3186,"No"
"tt0113677","88%",5,"2022-08-19","Living in Oblivion","movie",7.5,90,1995,19809,"Yes"
"tt0085859","100%",NA,NA,"Local Hero","movie",7.3,111,1983,26160,"No"
"tt0082671","100%",NA,NA,"Lola","movie",7.4,115,1981,6714,"No"
"tt0048308","82%",NA,NA,"Lola Montès","movie",7.2,116,1955,5862,"No"
"tt0056193","91%",8,"2021-07-09","Lolita","movie",7.5,153,1962,107135,"Yes"
"tt0116905","94%",NA,NA,"Lone Star","movie",7.4,135,1996,31306,"No"
"tt0056194","70%",6,"2021-09-20","The Loneliness of the Long Distance Runner","movie",7.5,104,1962,9248,"Yes"
"tt0056196","94%",NA,NA,"Long Day's Journey Into Night","movie",7.5,174,1962,5778,"No"
"tt0070334","94%",9,"2023-03-08","The Long Goodbye","movie",7.5,112,1973,35526,"Yes"
"tt0081070","97%",8,"2023-09-15","The Long Good Friday","movie",7.6,114,1980,24635,"Yes"
"tt0032728","100%",6,"2023-05-22","The Long Voyage Home","movie",6.9,105,1940,4807,"Yes"
"tt0056197","87%",NA,NA,"The Longest Day","movie",7.7,178,1962,58393,"No"
"tt0051879","92%",7,"2023-05-24","Look Back in Anger","movie",7,98,1959,4288,"Yes"
"tt0029162","93%",NA,NA,"Lost Horizon","movie",7.6,132,1937,14196,"No"
"tt0089504","97%",NA,NA,"Lost in America","movie",7,91,1985,9896,"No"
"tt0037884","98%",10,"2023-09-01","The Lost Weekend","movie",7.9,101,1945,39486,"Yes"
"tt0067814",NA,NA,NA,"Szerelem","movie",7.9,88,1971,2141,"No"
"tt0031593","86%",7,"2021-07-09","Love Affair","movie",7.3,88,1939,6189,"Yes"
"tt0073312","100%",NA,NA,"Love and Death","movie",7.7,85,1975,40296,"No"
"tt0085843","55%",NA,NA,"Eine Liebe in Deutschland","movie",6.6,132,1983,396,"No"
"tt0050658","85%",NA,NA,"Love in the Afternoon","movie",7.1,130,1957,16775,"No"
"tt0258273","86%",NA,NA,"Lovely & Amazing","movie",6.7,91,2001,7559,"No"
"tt0078771","58%",NA,NA,"L'amour en fuite","movie",7,94,1979,7399,"No"
"tt0055100","91%",NA,NA,"Lover Come Back","movie",7.1,107,1961,8594,"No"
"tt0052556",NA,NA,NA,"Les amants","movie",7.2,90,1958,5843,"No"
"tt0059415","94%",NA,NA,"Lásky jedné plavovlásky","movie",7.5,88,1965,9222,"No"
"tt0066017",NA,NA,NA,"Loving","movie",6.1,89,1970,703,"No"
"tt0049456","85%",NA,NA,"Lust for Life","movie",7.3,122,1956,12325,"No"
"tt0022100","100%",9,"2021-07-09","M - Eine Stadt sucht einen Mörder","movie",8.3,117,1931,165761,"Yes"
"tt0079501","90%",7,"2021-07-09","Mad Max","movie",6.8,88,1979,218012,"Yes"
"tt0110428","93%",NA,NA,"The Madness of King George","movie",7.2,110,1994,17913,"No"
"tt0073822","92%",NA,NA,"Trollflöjten","movie",7.5,135,1975,5135,"No"
"tt0035019","100%",NA,NA,"The Major and the Minor","movie",7.4,100,1942,7447,"No"
"tt0033868","93%",NA,NA,"Major Barbara","movie",6.8,131,1941,1482,"No"
"tt0029192","100%",NA,NA,"Make Way for Tomorrow","movie",8.2,91,1937,9286,"No"
"tt0104797","89%",NA,NA,"Malcolm X","movie",7.7,202,1992,100360,"No"
"tt0033870","100%",8,"2021-07-09","The Maltese Falcon","movie",8,100,1941,164686,"Yes"
"tt0060665","83%",8,"2021-10-14","A Man for All Seasons","movie",7.7,120,1966,36595,"Yes"
"tt0033873","92%",NA,NA,"Man Hunt","movie",7.2,105,1941,6309,"No"
"tt0033874","86%",NA,NA,"The Man Who Came to Dinner","movie",7.5,112,1941,8665,"No"
"tt0076155","82%",NA,NA,"L'homme qui aimait les femmes","movie",7.4,120,1977,7230,"No"
"tt0243133","81%",NA,NA,"The Man Who Wasn't There","movie",7.5,116,2001,113758,"No"
"tt0048347","81%",6,"2022-05-23","The Man with the Golden Arm","movie",7.3,119,1955,12025,"Yes"
"tt0056218","97%",10,"2023-03-05","The Manchurian Candidate","movie",7.9,126,1962,78693,"Yes"
"tt0079522","94%",NA,NA,"Manhattan","movie",7.8,96,1979,145241,"No"
"tt0091480","78%",NA,NA,"Manon des sources","movie",8,113,1986,23595,"No"
"tt0058335","80%",NA,NA,"Matrimonio all'italiana","movie",7.4,102,1964,10783,"No"
"tt0095593","89%",5,"2023-09-21","Married to the Mob","movie",6.2,104,1988,19198,"Yes"
"tt0044888","57%",NA,NA,"The Marrying Kind","movie",6.9,92,1952,1605,"No"
"tt0048356","99%",8,"2023-11-04","Marty","movie",7.7,90,1955,26400,"Yes"
"tt0058331","96%",9,"2021-07-09","Mary Poppins","movie",7.8,139,1964,182505,"Yes"
"tt0066026","84%",NA,NA,"MASH","movie",7.4,116,1970,75943,"No"
"tt0098532",NA,NA,NA,"Tulitikkutehtaan tyttö","movie",7.5,69,1990,10801,"No"
"tt0027951",NA,NA,NA,"Mayerling","movie",7.1,96,1936,939,"No"
"tt0067411","84%",NA,NA,"McCabe & Mrs. Miller","movie",7.6,120,1971,27067,"No"
"tt0070379","96%",NA,NA,"Mean Streets","movie",7.2,112,1973,117140,"No"
"tt0037059","100%",9,"2021-07-09","Meet Me in St. Louis","movie",7.5,113,1944,26549,"Yes"
"tt0081150","91%",NA,NA,"Melvin and Howard","movie",6.8,95,1980,5205,"No"
"tt0063291","92%",NA,NA,"Memorias del subdesarrollo","movie",7.6,97,1968,4636,"No"
"tt0074891",NA,9,"2023-04-20","The Memory of Justice","movie",8.5,278,1976,376,"Yes"
"tt0042727","77%",NA,NA,"The Men","movie",7.1,87,1950,5005,"No"
"tt0092068","80%",NA,NA,"Tenue de soirée","movie",6.9,84,1986,3538,"No"
"tt0100142","93%",7,"2023-09-14","Metropolitan","movie",7.3,98,1990,12110,"Yes"
"tt0031647","93%",NA,NA,"Midnight","movie",7.8,94,1939,5528,"No"
"tt0064665","87%",8,"2022-06-26","Midnight Cowboy","movie",7.8,113,1969,117984,"Yes"
"tt0067433","80%",NA,NA,"Minnie and Moskowitz","movie",7.2,114,1971,5178,"No"
"tt0037077","86%",NA,NA,"The Miracle of Morgan's Creek","movie",7.6,98,1943,7867,"No"
"tt0039628","96%",7,"2021-07-09","Miracle on 34th Street","movie",7.9,96,1947,52577,"Yes"
"tt0056241","96%",NA,NA,"The Miracle Worker","movie",8.1,106,1962,20099,"No"
"tt0026725","85%",NA,NA,"Les Misérables","movie",7.7,108,1935,3853,"No"
"tt0055184","97%",7,"2023-11-05","The Misfits","movie",7.2,125,1961,22830,"Yes"
"tt0084335","94%",NA,NA,"Missing","movie",7.7,122,1982,22790,"No"
"tt0100200","80%",NA,NA,"Mr. & Mrs. Bridge","movie",6.6,126,1990,3411,"No"
"tt0027996","91%",NA,NA,"Mr. Deeds Goes to Town","movie",7.8,115,1936,22824,"No"
"tt0046487","100%",NA,NA,"Les vacances de Monsieur Hulot","movie",7.3,114,1953,19884,"No"
"tt0048380","93%",NA,NA,"Mister Roberts","movie",7.6,123,1955,17986,"No"
"tt0031679","85%",8,"2022-05-21","Mr. Smith Goes to Washington","movie",8.1,129,1939,119838,"Yes"
"tt0035093","95%",NA,NA,"Mrs. Miniver","movie",7.6,134,1942,19092,"No"
"tt0081176","92%",NA,NA,"Mon oncle d'Amérique","movie",7.6,125,1980,6688,"No"
"tt0091538","97%",9,"2023-09-05","Mona Lisa","movie",7.3,104,1986,18273,"Yes"
"tt0039631","97%",6,"2023-10-14","Monsieur Verdoux","movie",7.8,124,1947,18807,"Yes"
"tt0198781","96%",8,"2021-07-09","Monsters, Inc.","movie",8.1,92,2001,959176,"Yes"
"tt0084354","100%",NA,NA,"Moonlighting","movie",7.3,97,1982,3426,"No"
"tt0093565","94%",8,"2021-07-09","Moonstruck","movie",7.1,102,1987,65664,"Yes"
"tt0036172",NA,NA,NA,"The More the Merrier","movie",7.6,104,1943,7282,"No"
"tt0060714","68%",NA,NA,"Morgan: A Suitable Case for Treatment","movie",6.5,97,1966,2084,"No"
"tt0032811","100%",7,"2022-08-22","The Mortal Storm","movie",7.7,100,1940,5895,"Yes"
"tt0117091","88%",NA,NA,"Mother","movie",6.9,104,1996,6669,"No"
"tt0044926","73%",NA,NA,"Moulin Rouge","movie",7,119,1952,6309,"No"
"tt0023240",NA,NA,NA,"The Mouthpiece","movie",7.2,86,1932,567,"No"
"tt0107616","90%",NA,NA,"Much Ado About Nothing","movie",7.3,111,1993,51028,"No"
"tt0166924","84%",7,"2021-07-09","Mulholland Dr.","movie",7.9,147,2001,376738,"Yes"
"tt0067778","94%",NA,NA,"Le souffle au coeur","movie",7.6,118,1971,10669,"No"
"tt0026752","93%",7,"2022-02-23","Mutiny on the Bounty","movie",7.6,132,1935,24428,"Yes"
"tt0091578","98%",NA,NA,"My Beautiful Laundrette","movie",6.8,97,1985,17055,"No"
"tt0038762","100%",NA,NA,"My Darling Clementine","movie",7.7,97,1946,25256,"No"
"tt0082783","92%",7,"2023-06-05","My Dinner with Andre","movie",7.7,110,1981,24960,"Yes"
"tt0058385","95%",7,"2021-08-10","My Fair Lady","movie",7.7,170,1964,100017,"Yes"
"tt0097937","98%",6,"2022-12-02","My Left Foot: The Story of Christy Brown","movie",7.8,103,1989,78490,"Yes"
"tt0089606","100%",NA,NA,"Mitt liv som hund","movie",7.6,101,1985,22188,"No"
"tt0028010","97%",8,"2022-04-04","My Man Godfrey","movie",7.9,94,1936,25941,"Yes"
"tt0064612","95%",NA,NA,"Ma nuit chez Maud","movie",7.8,110,1969,14194,"No"
"tt0102494","79%",NA,NA,"My Own Private Idaho","movie",7,104,1991,60685,"No"
"tt0096863","100%",7,"2023-11-18","Az én XX. századom","movie",7.1,102,1989,1960,"Yes"
"tt0050706","93%",7,"2021-07-14","Mon oncle","movie",7.7,116,1958,23864,"Yes"
"tt0095705","88%",4,"2023-03-05","The Naked Gun: From the Files of Police Squad!","movie",7.6,85,1988,180687,"Yes"
"tt0073440","91%",10,"2023-06-18","Nashville","movie",7.6,160,1975,28057,"Yes"
"tt0077975","90%",6,"2021-09-20","National Lampoon's Animal House","movie",7.4,109,1978,127587,"Yes"
"tt0037120","100%",NA,NA,"National Velvet","movie",7.3,123,1944,7862,"No"
"tt0074958","92%",9,"2022-02-14","Network","movie",8.1,121,1976,167243,"Yes"
"tt0054198","67%",NA,NA,"Pote tin Kyriaki","movie",7.3,91,1960,6033,"No"
"tt0073453","82%",8,"2022-08-18","Night Moves","movie",7.1,100,1975,17269,"Yes"
"tt0048424","95%",9,"2021-07-09","The Night of the Hunter","movie",8,92,1955,95626,"Yes"
"tt0063350","96%",10,"2023-09-12","Night of the Living Dead","movie",7.8,96,1968,136982,"Yes"
"tt0051994","100%",NA,NA,"A Night to Remember","movie",7.9,123,1958,16824,"No"
"tt0087800","95%",8,"2021-07-09","A Nightmare on Elm Street","movie",7.4,91,1984,258163,"Yes"
"tt0074084","55%",6,"2023-11-23","Novecento","movie",7.7,317,1976,26904,"Yes"
"tt0031725","97%",6,"2022-06-16","Ninotchka","movie",7.8,110,1939,22429,"Yes"
"tt0110684","91%",NA,NA,"Nobody's Fool","movie",7.3,110,1994,22143,"No"
"tt0079638","90%",7,"2023-08-28","Norma Rae","movie",7.3,114,1979,12584,"Yes"
"tt0053125","97%",8,"2021-07-09","North by Northwest","movie",8.3,136,1959,341092,"Yes"
"tt0058415",NA,NA,NA,"Nothing But the Best","movie",6.7,99,1964,376,"No"
"tt0038787","96%",7,"2021-07-09","Notorious","movie",7.9,102,1946,105649,"Yes"
"tt0035140","91%",9,"2023-05-24","Now, Voyager","movie",7.9,117,1942,18535,"Yes"
"tt0084423","83%",NA,NA,"La Nuit de Varennes","movie",7.2,150,1982,2486,"No"
"tt0053131","83%",7,"2023-08-27","The Nun's Story","movie",7.5,149,1959,11516,"Yes"
"tt0039677","100%",9,"2022-07-11","Odd Man Out","movie",7.6,116,1947,11068,"Yes"
"tt0031742","100%",7,"2021-07-09","Of Mice and Men","movie",7.8,106,1939,6681,"Yes"
"tt0048445","88%",NA,NA,"Oklahoma!","movie",7,145,1955,13749,"No"
"tt0040662","100%",NA,NA,"Oliver Twist","movie",7.8,116,1948,13381,"No"
"tt0042804","90%",NA,NA,"Los olvidados","movie",8.3,85,1950,21676,"No"
"tt0053137","77%",NA,NA,"On the Beach","movie",7.1,134,1959,14185,"No"
"tt0041716","93%",NA,NA,"On the Town","movie",7.3,98,1949,18496,"No"
"tt0047296","99%",9,"2022-08-06","On the Waterfront","movie",8.1,108,1954,162013,"Yes"
"tt0102592","94%",NA,NA,"One False Move","movie",7.1,105,1991,13434,"No"
"tt0073486","94%",10,"2023-05-07","One Flew Over the Cuckoo's Nest","movie",8.7,133,1975,1052655,"Yes"
"tt0033980","100%",6,"2023-08-28","One Foot in Heaven","movie",6.7,108,1941,1453,"Yes"
"tt0023303","83%",5,"2023-08-13","One Hour with You","movie",7.1,78,1932,2849,"Yes"
"tt0025601","71%",NA,NA,"One Night of Love","movie",5.6,84,1934,723,"No"
"tt0058429","100%",NA,NA,"One Potato, Two Potato","movie",7.2,83,1964,926,"No"
"tt0055256","91%",NA,NA,"One, Two, Three","movie",7.9,104,1961,22598,"No"
"tt0031762","100%",NA,NA,"Only Angels Have Wings","movie",7.6,121,1939,15333,"No"
"tt0038890","100%",8,"2023-09-10","Roma città aperta","movie",8,103,1945,28389,"Yes"
"tt0059549","75%",NA,NA,"Operation Crossbow","movie",6.6,115,1965,5395,"No"
"tt0120777","80%",6,"2022-07-04","The Opposite of Sex","movie",6.4,105,1998,21645,"Yes"
"tt0081283","89%",8,"2021-07-22","Ordinary People","movie",7.7,124,1980,55636,"Yes"
"tt0035160","100%",NA,NA,"Ossessione","movie",7.6,140,1943,8143,"No"
"tt0045251","87%",NA,NA,"The Tragedy of Othello: The Moor of Venice","movie",7.5,90,1951,9299,"No"
"tt0032881","86%",6,"2023-09-20","Our Town","movie",6.5,90,1940,2884,"Yes"
"tt0039689","95%",8,"2022-10-20","Out of the Past","movie",8,97,1947,40135,"Yes"
"tt0075029","90%",NA,NA,"The Outlaw Josey Wales","movie",7.8,135,1976,78496,"No"
"tt0038821",NA,NA,NA,"The Overlanders","movie",6.5,91,1946,503,"No"
"tt0036244","91%",NA,NA,"The Ox-Bow Incident","movie",8,75,1943,24590,"No"
"tt0064782","27%",NA,NA,"Paint Your Wagon","movie",6.6,164,1969,14537,"No"
"tt0038823","100%",NA,NA,"Paisà","movie",7.6,126,1946,9353,"No"
"tt0035169","97%",NA,NA,"The Palm Beach Story","movie",7.5,88,1942,12701,"No"
"tt0071970","90%",8,"2023-06-09","The Parallax View","movie",7.1,102,1974,20925,"Yes"
"tt0087892","77%",NA,NA,"A Passage to India","movie",7.3,164,1984,20109,"No"
"tt0064793","100%",NA,NA,"En passion","movie",7.6,101,1969,10261,"No"
"tt0048473","97%",NA,NA,"Pather Panchali","movie",8.2,125,1955,37148,"No"
"tt0050825","96%",9,"2023-02-02","Paths of Glory","movie",8.4,88,1957,208465,"Yes"
"tt0066206","94%",NA,NA,"Patton","movie",7.9,172,1970,106732,"No"
"tt0059575","84%",NA,NA,"The Pawnbroker","movie",7.7,116,1964,10510,"No"
"tt0069067","50%",NA,NA,"Payday","movie",7.1,103,1973,1007,"No"
"tt0093713","88%",NA,NA,"Pelle erobreren","movie",7.8,157,1987,11625,"No"
"tt0117318","88%",NA,NA,"The People vs. Larry Flynt","movie",7.3,130,1996,99486,"No"
"tt0060827","91%",10,"2023-09-18","Persona","movie",8.1,85,1966,128347,"Yes"
"tt0114117","86%",NA,NA,"Screen Two: Persuasion","tvEpisode",7.6,107,1995,11039,"No"
"tt0067571",NA,NA,NA,"Le petit théâtre de Jean Renoir","tvMovie",7.1,100,1970,273,"No"
"tt0063426","86%",NA,NA,"Petulia","movie",6.9,105,1968,3360,"No"
"tt0032904","100%",8,"2021-07-09","The Philadelphia Story","movie",7.9,112,1940,72704,"Yes"
"tt0253474","95%",8,"2021-07-09","The Pianist","movie",8.5,150,2002,889652,"Yes"
"tt0107822","91%",8,"2023-06-12","The Piano","movie",7.5,121,1993,93652,"Yes"
"tt0046187","92%",8,"2023-10-24","Pickup on South Street","movie",7.6,80,1953,15856,"Yes"
"tt0114134","67%",NA,NA,"The Pillow Book","movie",6.5,126,1995,13483,"No"
"tt0053172","93%",6,"2021-07-09","Pillow Talk","movie",7.4,102,1959,18784,"Yes"
"tt0057413","89%",NA,NA,"The Pink Panther","movie",7,115,1963,55491,"No"
"tt0032910","100%",7,"2021-07-09","Pinocchio","movie",7.5,88,1940,156904,"Yes"
"tt0082912","93%",NA,NA,"Pixote: A Lei do Mais Fraco","movie",7.9,128,1980,8938,"No"
"tt0043924","81%",9,"2022-10-16","A Place in the Sun","movie",7.7,122,1951,24235,"Yes"
"tt0087921","89%",NA,NA,"Places in the Heart","movie",7.4,111,1984,12997,"No"
"tt0091763","87%",7,"2021-10-14","Platoon","movie",8.1,120,1986,431831,"Yes"
"tt0067588","84%",5,"2023-03-21","Play Misty for Me","movie",6.9,102,1971,31106,"Yes"
"tt0105151","98%",6,"2023-09-11","The Player","movie",7.5,124,1992,64681,"Yes"
"tt0062136","98%",NA,NA,"Playtime","movie",7.8,155,1967,25286,"No"
"tt0062138","92%",NA,NA,"Point Blank","movie",7.3,92,1967,22756,"No"
"tt0084516","87%",7,"2021-09-03","Poltergeist","movie",7.3,114,1982,176897,"Yes"
"tt0117359","91%",NA,NA,"Ponette","movie",7.5,97,1996,4713,"No"
"tt0110877","94%",10,"2022-11-06","Il postino","movie",7.8,108,1994,38504,"Yes"
"tt0038854","89%",7,"2022-02-26","The Postman Always Rings Twice","movie",7.4,113,1946,22471,"Yes"
"tt0078111","71%",NA,NA,"Pretty Baby","movie",6.5,110,1978,12452,"No"
"tt0032943","100%",NA,NA,"Pride and Prejudice","movie",7.4,118,1940,9031,"No"
"tt0035211","94%",7,"2022-05-21","The Pride of the Yankees","movie",7.6,128,1942,11722,"Yes"
"tt0082945","92%",NA,NA,"Prince of the City","movie",7.4,167,1981,9264,"No"
"tt0048512","63%",NA,NA,"The Prisoner","movie",6.8,95,1955,1102,"No"
"tt0024473","95%",6,"2022-07-24","The Private Life of Henry VIII","movie",7,97,1933,4735,"Yes"
"tt0089841","85%",7,"2023-06-05","Prizzi's Honor","movie",6.7,130,1985,25897,"Yes"
"tt0063462","90%",7,"2021-07-09","The Producers","movie",7.5,88,1967,58764,"Yes"
"tt0054215","96%",8,"2021-07-09","Psycho","movie",8.5,109,1960,706240,"Yes"
"tt0022286","100%",7,"2022-04-05","The Public Enemy","movie",7.6,83,1931,22695,"Yes"
"tt0110912","92%",8,"2021-07-09","Pulp Fiction","movie",8.9,154,1994,2168862,"Yes"
"tt0089853","92%",7,"2022-03-06","The Purple Rose of Cairo","movie",7.7,82,1985,54191,"Yes"
"tt0030637","94%",9,"2022-08-08","Pygmalion","movie",7.7,96,1938,9419,"Yes"
"tt0079766","100%",NA,NA,"Quadrophenia","movie",7.2,120,1979,20379,"No"
"tt0045061","91%",8,"2023-09-13","The Quiet Man","movie",7.7,129,1952,41431,"Yes"
"tt0081398","94%",8,"2023-09-12","Raging Bull","movie",8.1,129,1980,373059,"Yes"
"tt0082971","95%",9,"2021-07-09","Raiders of the Lost Ark","movie",8.4,115,1981,1020873,"Yes"
"tt0095953","89%",8,"2021-07-09","Rain Man","movie",8,133,1988,537661,"Yes"
"tt0101640","96%",NA,NA,"Da hong denglong gaogao gua","movie",8.1,125,1991,34718,"No"
"tt0093822","91%",NA,NA,"Raising Arizona","movie",7.3,94,1987,147609,"No"
"tt0089881","96%",NA,NA,"Ran","movie",8.2,160,1985,133424,"No"
"tt0102757","67%",NA,NA,"The Rapture","movie",6.3,100,1991,5872,"No"
"tt0042876","98%",7,"2022-07-30","Rashômon","movie",8.2,88,1950,177252,"Yes"
"tt0089885","94%",NA,NA,"Re-Animator","movie",7.2,84,1985,70243,"No"
"tt0047396","98%",9,"2021-07-09","Rear Window","movie",8.5,112,1954,513339,"Yes"
"tt0032976","100%",9,"2021-07-09","Rebecca","movie",8.1,130,1940,144241,"Yes"
"tt0048545","92%",8,"2021-07-09","Rebel Without a Cause","movie",7.6,111,1955,96436,"Yes"
"tt0111495","100%",9,"2022-06-16","Trois couleurs: Rouge","movie",8.1,99,1994,108408,"Yes"
"tt0043961","86%",NA,NA,"The Red Badge of Courage","movie",7.1,69,1951,4780,"No"
"tt0040724","100%",9,"2023-05-23","Red River","movie",7.8,133,1948,33651,"Yes"
"tt0040725","97%",10,"2023-05-18","The Red Shoes","movie",8.1,135,1948,38130,"Yes"
"tt0082979","89%",7,"2023-08-11","Reds","movie",7.3,195,1981,24351,"Yes"
"tt0107943","95%",9,"2023-06-02","The Remains of the Day","movie",7.8,134,1993,81974,"Yes"
"tt0087995","98%",6,"2022-01-12","Repo Man","movie",6.9,92,1984,40047,"Yes"
"tt0059646","95%",9,"2021-07-09","Repulsion","movie",7.6,105,1965,56371,"Yes"
"tt0105236","92%",6,"2021-07-09","Reservoir Dogs","movie",8.3,99,1992,1068909,"Yes"
"tt0084589","100%",NA,NA,"Le retour de Martin Guerre","movie",7.4,112,1982,4724,"No"
"tt0084591","100%",NA,NA,"Reuben, Reuben","movie",6.8,101,1983,1300,"No"
"tt0100486","92%",NA,NA,"Reversal of Fortune","movie",7.2,111,1990,18054,"No"
"tt0049674","84%",NA,NA,"Richard III","movie",7.4,161,1955,5069,"No"
"tt0056412","94%",NA,NA,"Ride the High Country","movie",7.4,94,1962,14598,"No"
"tt0048021","92%",10,"2023-11-15","Du rififi chez les hommes","movie",8.1,118,1955,36334,"Yes"
"tt0086197","96%",8,"2021-07-09","The Right Stuff","movie",7.8,193,1983,64466,"Yes"
"tt0086200","92%",6,"2021-07-09","Risky Business","movie",6.8,99,1983,98053,"Yes"
"tt0091860","88%",6,"2023-10-20","River's Edge","movie",6.9,99,1986,19948,"Yes"
"tt0082694","94%",7,"2021-07-09","Mad Max 2","movie",7.6,96,1981,190240,"Yes"
"tt0093870","90%",6,"2021-07-09","RoboCop","movie",7.6,102,1987,276346,"Yes"
"tt0054248","89%",7,"2023-02-11","Rocco e i suoi fratelli","movie",8.2,179,1960,20778,"Yes"
"tt0098213","100%",6,"2021-09-16","Roger & Me","movie",7.5,91,1989,27349,"Yes"
"tt0046250","97%",10,"2021-07-31","Roman Holiday","movie",8,118,1953,145360,"Yes"
"tt0028203","78%",NA,NA,"Romeo and Juliet","movie",6.5,125,1936,2171,"No"
"tt0063518","95%",NA,NA,"Romeo and Juliet","movie",7.6,138,1968,34168,"No"
"tt0053226","100%",8,"2023-08-31","Room at the Top","movie",7.5,117,1958,7106,"Yes"
"tt0091867","100%",6,"2023-08-31","A Room with a View","movie",7.2,117,1985,46903,"Yes"
"tt0048563","63%",NA,NA,"The Rose Tattoo","movie",6.9,117,1955,4504,"No"
"tt0063522","96%",9,"2021-07-09","Rosemary's Baby","movie",8,137,1968,230935,"Yes"
"tt0090557","96%",NA,NA,"'Round Midnight","movie",7.4,133,1986,5753,"No"
"tt0026955","100%",NA,NA,"Ruggles of Red Gap","movie",7.6,90,1935,4413,"No"
"tt0031885","96%",NA,NA,"La règle du jeu","movie",7.9,110,1939,30802,"No"
"tt0069198","83%",4,"2022-06-05","The Ruling Class","movie",7.3,154,1972,6701,"Yes"
"tt0128445","90%",7,"2021-07-09","Rushmore","movie",7.6,93,1998,195475,"Yes"
"tt0091877","93%",NA,NA,"Ruthless People","movie",6.9,93,1986,30074,"No"
"tt0036323","100%",NA,NA,"Sahara","movie",7.5,97,1943,9529,"No"
"tt0096028","93%",NA,NA,"Salaam Bombay!","movie",7.9,113,1988,9951,"No"
"tt0064921","100%",8,"2023-11-16","Salesman","movie",7.7,91,1969,5629,"Yes"
"tt0056443","100%",NA,NA,"Tsubaki Sanjûrô","movie",8,96,1962,40410,"No"
"tt0047445","100%",NA,NA,"Sanshô dayû","movie",8.4,124,1954,17833,"No"
"tt0054269","87%",NA,NA,"Saturday Night and Sunday Morning","movie",7.5,89,1960,9169,"No"
"tt0076666","82%",7,"2021-07-09","Saturday Night Fever","movie",6.8,118,1977,85634,"Yes"
"tt0120815","93%",9,"2021-07-09","Saving Private Ryan","movie",8.6,169,1998,1465699,"Yes"
"tt0098258","98%",6,"2021-07-09","Say Anything...","movie",7.3,100,1989,94719,"Yes"
"tt0050933","93%",NA,NA,"Sayonara","movie",7,147,1957,7380,"No"
"tt0070644","91%",NA,NA,"Scener ur ett äktenskap","tvMiniSeries",8.5,283,1973,17096,"No"
"tt0108052","98%",8,"2021-07-09","Schindler's List","movie",9,195,1993,1421413,"Yes"
"tt0026970",NA,NA,NA,"The Scoundrel","movie",6.2,76,1935,424,"No"
"tt0040765","100%",NA,NA,"The Search","movie",7.8,104,1948,4709,"No"
"tt0049730","96%",NA,NA,"The Searchers","movie",7.8,119,1956,94723,"No"
"tt0088074","77%",NA,NA,"Secret Honor","movie",7.2,90,1984,3336,"No"
"tt0117589","95%",9,"2022-06-17","Secrets & Lies","movie",8,136,1996,46368,"Yes"
"tt0114388","97%",8,"2021-07-09","Sense and Sensibility","movie",7.7,136,1995,123090,"Yes"
"tt0034167","88%",6,"2023-05-16","Sergeant York","movie",7.7,134,1941,19474,"Yes"
"tt0070666","90%",9,"2023-05-09","Serpico","movie",7.7,130,1973,132048,"Yes"
"tt0057490","89%",10,"2023-06-24","The Servant","movie",7.8,116,1963,13444,"Yes"
"tt0041859","83%",8,"2023-10-25","The Set-Up","movie",7.8,73,1949,9894,"Yes"
"tt0075040","68%",NA,NA,"Pasqualino Settebellezze","movie",7.7,116,1975,6371,"No"
"tt0047472","89%",6,"2022-04-03","Seven Brides for Seven Brothers","movie",7.3,102,1954,26591,"Yes"
"tt0042949","100%",NA,NA,"Seven Days to Noon","movie",7,94,1950,2141,"No"
"tt0047478","100%",8,"2022-09-04","Shichinin no samurai","movie",8.6,207,1954,361005,"Yes"
"tt0058578",NA,NA,NA,"Seven Up!","tvMovie",7.9,40,1964,4151,"No"
"tt0048605","87%",6,"2021-07-09","The Seven Year Itch","movie",7.1,105,1955,41694,"Yes"
"tt0050976","94%",7,"2022-04-05","Det sjunde inseglet","movie",8.1,96,1957,195038,"Yes"
"tt0098724","96%",NA,NA,"Sex, Lies, and Videotape","movie",7.2,100,1989,58260,"No"
"tt0203119","87%",7,"2022-03-07","Sexy Beast","movie",7.3,89,2000,65392,"Yes"
"tt0036342","100%",7,"2021-07-09","Shadow of a Doubt","movie",7.8,108,1943,69329,"Yes"
"tt0067741","88%",NA,NA,"Shaft","movie",6.6,100,1971,20660,"No"
"tt0138097","92%",6,"2021-07-09","Shakespeare in Love","movie",7.1,123,1998,232064,"Yes"
"tt0046303","97%",NA,NA,"Shane","movie",7.6,118,1953,43399,"No"
"tt0041866","92%",NA,NA,"She Wore a Yellow Ribbon","movie",7.2,104,1949,18945,"No"
"tt0091943","100%",NA,NA,"Sherman's March","movie",7.2,157,1985,2676,"No"
"tt0091939","91%",NA,NA,"She's Gotta Have It","movie",6.8,84,1986,16010,"No"
"tt0081505","85%",9,"2021-07-09","The Shining","movie",8.4,146,1980,1084562,"Yes"
"tt0059712","72%",7,"2022-06-05","Ship of Fools","movie",7.1,149,1965,6780,"Yes"
"tt0090015","100%",NA,NA,"Shoah","movie",8.7,566,1985,10168,"No"
"tt0057495","95%",NA,NA,"Shock Corridor","movie",7.3,101,1963,12847,"No"
"tt0038913","100%",NA,NA,"Sciuscià","movie",8,87,1946,7987,"No"
"tt0054389","90%",8,"2022-06-01","Tirez sur le pianiste","movie",7.4,81,1960,20364,"Yes"
"tt0088111","100%",NA,NA,"The Shooting Party","movie",6.8,98,1984,1508,"No"
"tt0075213","87%",8,"2023-09-14","The Shootist","movie",7.6,100,1976,26339,"Yes"
"tt0033045","100%",7,"2021-07-09","The Shop Around the Corner","movie",8,99,1940,36881,"Yes"
"tt0059527","100%",10,"2023-05-11","Obchod na korze","movie",8.2,128,1965,9538,"Yes"
"tt0058586","94%",7,"2023-08-10","A Shot in the Dark","movie",7.4,102,1964,30219,"Yes"
"tt0126029","88%",7,"2021-07-09","Shrek","movie",7.9,90,2001,717981,"Yes"
"tt0091954","88%",6,"2022-01-17","Sid and Nancy","movie",7,112,1986,34246,"Yes"
"tt0057611","88%",NA,NA,"Tystnaden","movie",7.8,96,1963,21020,"No"
"tt0102926","96%",9,"2021-07-09","The Silence of the Lambs","movie",8.6,118,1991,1513339,"Yes"
"tt0049518",NA,NA,NA,"Le monde du silence","movie",7,86,1956,1774,"No"
"tt0050972","100%",NA,NA,"Silk Stockings","movie",6.8,117,1957,4233,"No"
"tt0086312","76%",NA,NA,"Silkwood","movie",7.1,131,1983,21781,"No"
"tt0045152","100%",6,"2021-11-04","Singin' in the Rain","movie",8.3,103,1952,255685,"Yes"
"tt0040795",NA,NA,NA,"Sitting Pretty","movie",7.4,83,1948,2662,"No"
"tt0070707","100%",NA,NA,"Sleeper","movie",7.1,89,1973,44422,"No"
"tt0030764","80%",NA,NA,"A Slight Case of Murder","movie",7,85,1938,2522,"No"
"tt0083096","100%",NA,NA,"Smash Palace","movie",7,108,1981,1142,"No"
"tt0073722","100%",NA,NA,"Smile","movie",7.1,113,1975,2513,"No"
"tt0048641","100%",NA,NA,"Sommarnattens leende","movie",7.7,109,1955,14464,"No"
"tt0040806","100%",NA,NA,"The Snake Pit","movie",7.6,108,1948,8277,"No"
"tt0029583",NA,7,"2021-07-09","Snow White and the Seven Dwarfs","movie",7.6,83,1937,211967,"Yes"
"tt0053291","94%",8,"2021-07-09","Some Like It Hot","movie",8.2,121,1959,279198,"Yes"
"tt0066904","100%",NA,NA,"Le chagrin et la pitié","movie",8.2,251,1969,4037,"No"
"tt0059742","83%",9,"2021-07-09","The Sound of Music","movie",8.1,172,1965,252600,"Yes"
"tt0052225","82%",NA,NA,"South Pacific","movie",6.8,157,1958,9523,"No"
"tt0054331","93%",8,"2021-07-09","Spartacus","movie",7.9,197,1960,141155,"Yes"
"tt0038109","85%",6,"2022-01-07","Spellbound","movie",7.5,111,1945,51307,"Yes"
"tt0038975","87%",8,"2023-10-22","The Spiral Staircase","movie",7.3,83,1946,11034,"Yes"
"tt0245429","97%",8,"2021-07-09","Sen to Chihiro no kamikakushi","movie",8.6,125,2001,822429,"Yes"
"tt0055471","78%",9,"2022-08-15","Splendor in the Grass","movie",7.7,124,1961,22341,"Yes"
"tt0029604","96%",NA,NA,"Stage Door","movie",7.7,92,1937,8897,"No"
"tt0031971","100%",7,"2022-03-29","Stagecoach","movie",7.8,96,1939,52689,"Yes"
"tt0038733","97%",NA,NA,"A Matter of Life and Death","movie",8,104,1946,24096,"No"
"tt0046359","97%",NA,NA,"Stalag 17","movie",8,120,1953,57949,"No"
"tt0029606","100%",7,"2021-07-09","A Star Is Born","movie",7.3,111,1937,10591,"Yes"
"tt0084726","86%",7,"2021-07-09","Star Trek II: The Wrath of Khan","movie",7.7,113,1982,127649,"Yes"
"tt0076759","92%",7,"2022-05-05","Star Wars","movie",8.6,121,1977,1425490,"Yes"
"tt0088172","85%",NA,NA,"Starman","movie",7,115,1984,50677,"No"
"tt0031976","90%",NA,NA,"The Stars Look Down","movie",7,110,1940,1146,"No"
"tt0024610",NA,NA,NA,"State Fair","movie",6.7,99,1933,1037,"No"
"tt0078321","67%",NA,NA,"Stevie","movie",6.9,102,1978,538,"No"
"tt0062695","96%",NA,NA,"Baisers volés","movie",7.5,91,1968,14793,"No"
"tt0088178","100%",8,"2021-07-09","Stop Making Sense","movie",8.7,88,1984,18674,"Yes"
"tt0096180","78%",NA,NA,"Stormy Monday","movie",6.2,93,1988,4354,"No"
"tt0073114","92%",NA,NA,"L'histoire d'Adèle H.","movie",7.2,96,1975,8793,"No"
"tt0038120","77%",NA,NA,"Story of G.I. Joe","movie",7.2,108,1945,3548,"No"
"tt0105197","86%",NA,NA,"Qiu Ju da guan si","movie",7.6,100,1992,6536,"No"
"tt0096336","82%",NA,NA,"Une affaire de femmes","movie",7.5,108,1988,5504,"No"
"tt0250081","53%",NA,NA,"Storytelling","movie",6.8,87,2001,18188,"No"
"tt0047528","98%",7,"2023-06-17","La strada","movie",8,108,1954,65824,"Yes"
"tt0166896","95%",NA,NA,"The Straight Story","movie",8,112,1999,95716,"No"
"tt0078326","82%",NA,NA,"Straight Time","movie",7.4,114,1978,9900,"No"
"tt0088184","96%",NA,NA,"Stranger Than Paradise","movie",7.4,89,1984,39987,"No"
"tt0044079","98%",8,"2022-01-06","Strangers on a Train","movie",7.9,101,1951,139244,"Yes"
"tt0067800","81%",NA,NA,"Straw Dogs","movie",7.4,113,1971,63681,"No"
"tt0044081","97%",9,"2021-07-09","A Streetcar Named Desire","movie",7.9,122,1951,112950,"Yes"
"tt0075276","95%",NA,NA,"Stroszek","movie",7.7,115,1977,15046,"No"
"tt0053318","68%",NA,NA,"Suddenly, Last Summer","movie",7.5,114,1959,16895,"No"
"tt0072226","85%",NA,NA,"The Sugarland Express","movie",6.7,110,1974,18707,"No"
"tt0034240","100%",NA,NA,"Sullivan's Travels","movie",7.9,90,1941,28104,"No"
"tt0091830","93%",NA,NA,"Le rayon vert","movie",7.6,99,1986,10197,"No"
"tt0048673","89%",6,"2021-07-09","Summertime","movie",7.1,102,1955,9782,"Yes"
"tt0067805","86%",6,"2022-03-14","Sunday Bloody Sunday","movie",7,110,1971,6869,"Yes"
"tt0055910","55%",10,"2023-08-29","Les dimanches de Ville d'Avray","movie",7.8,111,1962,4695,"Yes"
"tt0043014","98%",8,"2021-07-09","Sunset Blvd.","movie",8.4,110,1950,232548,"Yes"
"tt0034248","97%",8,"2021-10-02","Suspicion","movie",7.3,99,1941,41404,"Yes"
"tt0120255","98%",NA,NA,"The Sweet Hereafter","movie",7.5,112,1997,36416,"No"
"tt0051036","98%",9,"2022-11-21","Sweet Smell of Success","movie",8,96,1957,34988,"Yes"
"tt0067810","72%",NA,NA,"Sweet Sweetback's Baadasssss Song","movie",5.5,97,1971,5746,"No"
"tt0073817","60%",NA,NA,"Travolti da un insolito destino nell'azzurro mare d'agosto","movie",7.5,114,1974,6695,"No"
"tt0028333","97%",NA,NA,"Swing Time","movie",7.5,103,1936,14397,"No"
"tt0072251","100%",7,"2023-09-11","The Taking of Pelham One Two Three","movie",7.6,104,1974,34250,"Yes"
"tt0287467","91%",NA,NA,"Hable con ella","movie",7.9,112,2002,116443,"No"
"tt0092048","100%",NA,NA,"Tanpopo","movie",7.9,114,1985,21778,"No"
"tt0120265","84%",8,"2023-05-24","Ta'm e guilass","movie",7.7,95,1997,35219,"Yes"
"tt0055506","89%",NA,NA,"A Taste of Honey","movie",7.4,101,1961,6224,"No"
"tt0075314","96%",9,"2021-07-09","Taxi Driver","movie",8.2,114,1976,897718,"Yes"
"tt0093502","75%",NA,NA,"Marusa no onna","movie",7.3,127,1987,2176,"No"
"tt0095597",NA,NA,NA,"Marusa no onna 2","movie",6.7,127,1988,704,"No"
"tt0065079","73%",NA,NA,"Tell Them Willie Boy Is Here","movie",6.3,98,1969,3180,"No"
"tt0078721","68%",4,"2022-07-04","10","movie",6.1,122,1979,19093,"Yes"
"tt0049833","86%",7,"2021-07-09","The Ten Commandments","movie",7.9,220,1956,75708,"Yes"
"tt0086423","84%",NA,NA,"Tender Mercies","movie",7.3,92,1983,11743,"No"
"tt0048705","67%",NA,NA,"The Tender Trap","movie",6.3,111,1955,2825,"No"
"tt0086425","78%",9,"2023-01-12","Terms of Endearment","movie",7.4,132,1983,64240,"Yes"
"tt0040866","82%",NA,NA,"La terra trema","movie",7.8,160,1948,5501,"No"
"tt0080009","81%",NA,NA,"Tess","movie",7.3,186,1979,17886,"No"
"tt0075824","97%",NA,NA,"Cet obscur objet du désir","movie",7.8,103,1977,24311,"No"
"tt0092079","53%",NA,NA,"That's Life!","movie",6,102,1986,1711,"No"
"tt0103074","85%",9,"2021-07-09","Thelma & Louise","movie",7.6,130,1991,167904,"Yes"
"tt0028356","100%",NA,NA,"These Three","movie",7.4,93,1936,2967,"No"
"tt0040872","96%",9,"2023-10-09","They Live by Night","movie",7.4,95,1948,9079,"Yes"
"tt0065088","85%",8,"2021-07-09","They Shoot Horses, Don't They?","movie",7.8,129,1969,20470,"Yes"
"tt0038160","91%",NA,NA,"They Were Expendable","movie",7.2,135,1945,9115,"No"
"tt0029658",NA,NA,NA,"They Won't Forget","movie",7.2,95,1937,1910,"No"
"tt0033152","100%",5,"2023-09-10","The Thief of Bagdad","movie",7.4,106,1940,14190,"Yes"
"tt0096257","100%",NA,NA,"The Thin Blue Line","movie",8,101,1988,25560,"No"
"tt0025878","98%",7,"2021-07-09","The Thin Man","movie",7.9,91,1934,31973,"Yes"
"tt0120863","81%",7,"2021-07-09","The Thin Red Line","movie",7.6,170,1998,196860,"Yes"
"tt0079083","90%",NA,NA,"Die dritte Generation","movie",6.8,111,1979,2745,"No"
"tt0041959","99%",8,"2022-01-01","The Third Man","movie",8.1,104,1949,179090,"Yes"
"tt0026029","96%",8,"2021-07-09","The 39 Steps","movie",7.6,86,1935,60463,"Yes"
"tt0108328","92%",NA,NA,"Thirty Two Short Films About Glenn Gould","movie",7.3,98,1993,3887,"No"
"tt0088258","95%",NA,NA,"This Is Spinal Tap","movie",7.9,82,1984,145072,"No"
"tt0064861","88%",NA,NA,"Que la bête meure","movie",7.6,110,1969,4786,"No"
"tt0057578","95%",NA,NA,"This Sporting Life","movie",7.5,134,1963,7029,"No"
"tt0030865","100%",NA,NA,"Three Comrades","movie",7.1,98,1938,2041,"No"
"tt0073802","88%",8,"2021-07-09","Three Days of the Condor","movie",7.4,117,1975,60889,"Yes"
"tt0050613","95%",8,"2022-08-04","Kumonosu-jô","movie",8.1,110,1957,54975,"Yes"
"tt0042040","96%",NA,NA,"Whisky Galore!","movie",7.1,82,1949,6539,"No"
"tt0078875","84%",7,"2023-09-04","Die Blechtrommel","movie",7.5,142,1979,25431,"Yes"
"tt0035446","96%",6,"2022-02-14","To Be or Not to Be","movie",8.2,99,1942,41651,"Yes"
"tt0048728","94%",8,"2021-07-09","To Catch a Thief","movie",7.4,106,1955,78235,"Yes"
"tt0037382","97%",8,"2021-07-09","To Have and Have Not","movie",7.8,100,1944,37455,"Yes"
"tt0056592","93%",8,"2021-07-09","To Kill a Mockingbird","movie",8.3,129,1962,328428,"Yes"
"tt0110081","86%",NA,NA,"Huo zhe","movie",8.3,133,1994,20031,"No"
"tt0046438","100%",9,"2023-08-10","Tôkyô monogatari","movie",8.1,136,1953,66737,"Yes"
"tt0057590","82%",5,"2022-03-12","Tom Jones","movie",6.4,129,1963,14010,"Yes"
"tt0084805","90%",NA,NA,"Tootsie","movie",7.4,116,1982,112872,"No"
"tt0027125","100%",6,"2021-07-09","Top Hat","movie",7.7,101,1935,20366,"Yes"
"tt0065112","69%",6,"2021-07-09","Topaz","movie",6.2,143,1969,19255,"Yes"
"tt0058672","90%",6,"2022-02-06","Topkapi","movie",6.9,120,1964,10452,"Yes"
"tt0100802","82%",7,"2022-04-30","Total Recall","movie",7.5,113,1990,348227,"Yes"
"tt0052311","95%",9,"2023-01-02","Touch of Evil","movie",8,95,1958,108566,"Yes"
"tt0114709","100%",9,"2021-07-09","Toy Story","movie",8.3,81,1995,1047934,"Yes"
"tt0181865","92%",5,"2021-07-09","Traffic","movie",7.6,147,2000,217240,"Yes"
"tt0059825","93%",8,"2022-11-29","The Train","movie",7.8,133,1964,18247,"Yes"
"tt0117951","91%",7,"2023-03-06","Trainspotting","movie",8.1,93,1996,714907,"Yes"
"tt0040897","100%",7,"2022-04-06","The Treasure of the Sierra Madre","movie",8.2,126,1948,130653,"Yes"
"tt0038190","94%",NA,NA,"A Tree Grows in Brooklyn","movie",8,129,1945,8270,"No"
"tt0077138","94%",NA,NA,"L'albero degli zoccoli","movie",7.8,186,1978,6748,"No"
"tt0090203","100%",NA,NA,"The Trip to Bountiful","movie",7.4,108,1985,5182,"No"
"tt0066491","97%",NA,NA,"Tristana","movie",7.4,99,1970,12614,"No"
"tt0023622","89%",NA,NA,"Trouble in Paradise","movie",7.9,83,1932,15881,"No"
"tt0048750","87%",5,"2021-10-02","The Trouble with Harry","movie",7,99,1955,40608,"Yes"
"tt0065126","89%",6,"2023-09-14","True Grit","movie",7.4,128,1969,50527,"Yes"
"tt0098528","63%",NA,NA,"True Love","movie",6,104,1989,807,"No"
"tt0103130","80%",NA,NA,"Trust","movie",7.4,107,1990,12044,"No"
"tt0054412","75%",NA,NA,"Tunes of Glory","movie",7.5,107,1960,4452,"No"
"tt0050083","100%",9,"2021-07-09","12 Angry Men","movie",9,96,1957,843687,"Yes"
"tt0041996","96%",NA,NA,"Twelve O'Clock High","movie",7.7,132,1949,15545,"No"
"tt0025919","86%",6,"2022-07-16","Twentieth Century","movie",7.3,91,1934,7126,"Yes"
"tt0066989","88%",NA,NA,"Les deux Anglaises et le continent","movie",7.2,130,1971,5771,"No"
"tt0062622","92%",10,"2021-07-09","2001: A Space Odyssey","movie",8.3,149,1968,705485,"Yes"
"tt0054749","88%",NA,NA,"La ciociara","movie",7.7,101,1960,12192,"No"
"tt0046478","100%",9,"2023-09-29","Ugetsu monogatari","movie",8.2,96,1953,25276,"Yes"
"tt0069436","90%",NA,NA,"Ulzana's Raid","movie",7,103,1972,6353,"No"
"tt0045274","97%",9,"2023-10-05","Umberto D.","movie",8.2,89,1952,27603,"Yes"
"tt0096332","85%",NA,NA,"The Unbearable Lightness of Being","movie",7.3,171,1988,38133,"No"
"tt0105695","96%",7,"2023-06-29","Unforgiven","movie",8.2,130,1992,429702,"Yes"
"tt0114814","88%",8,"2021-07-09","The Usual Suspects","movie",8.5,106,1995,1127974,"Yes"
"tt0111590","89%",NA,NA,"Vanya on 42nd Street","movie",7.3,119,1994,5084,"No"
"tt0084855","89%",8,"2023-09-07","The Verdict","movie",7.7,129,1982,44829,"Yes"
"tt0052357","94%",8,"2021-07-09","Vertigo","movie",8.3,128,1958,420101,"Yes"
"tt0086541","78%",7,"2021-07-09","Videodrome","movie",7.2,87,1983,100798,"Yes"
"tt0078467","78%",NA,NA,"Violette Nozière","movie",7.1,124,1978,2484,"No"
"tt0055601","96%",NA,NA,"Viridiana","movie",8.1,91,1961,25776,"No"
"tt0045296","61%",NA,NA,"Viva Zapata!","movie",7.3,113,1952,12227,"No"
"tt0039969",NA,NA,NA,"The Voice of the Turtle","movie",6.8,103,1947,787,"No"
"tt0046268","100%",8,"2022-01-25","Le salaire de la peur","movie",8.2,131,1953,65146,"Yes"
"tt0243017","81%",NA,NA,"Waking Life","movie",7.7,99,2001,66348,"No"
"tt0067959","84%",NA,NA,"Walkabout","movie",7.6,100,1971,26942,"No"
"tt0038235",NA,NA,NA,"A Walk in the Sun","movie",6.9,117,1945,4010,"No"
"tt0059894","93%",NA,NA,"The War Game","tvMovie",8,48,1966,7178,"No"
"tt0098621","85%",NA,NA,"The War of the Roses","movie",6.8,116,1989,56453,"No"
"tt0080120","87%",7,"2023-10-01","The Warriors","movie",7.5,93,1979,108573,"Yes"
"tt0036515","80%",NA,NA,"Watch on the Rhine","movie",7.1,114,1943,4820,"No"
"tt0105789","94%",NA,NA,"The Waterdance","movie",6.7,106,1992,4163,"No"
"tt0070903","63%",7,"2022-01-18","The Way We Were","movie",7,118,1973,26873,"Yes"
"tt0062480","93%",6,"2023-08-25","Week End","movie",6.9,105,1967,15570,"Yes"
"tt0114906","90%",8,"2022-05-31","Welcome to the Dollhouse","movie",7.4,88,1995,36628,"Yes"
"tt0033603","100%",NA,NA,"La fille du puisatier","movie",7.3,170,1940,673,"No"
"tt0055614","93%",8,"2021-12-29","West Side Story","movie",7.6,153,1961,119356,"Yes"
"tt0094315","64%",7,"2023-08-10","The Whales of August","movie",7.1,90,1987,5191,"Yes"
"tt0056687","92%",9,"2021-07-09","What Ever Happened to Baby Jane?","movie",8,134,1962,60497,"Yes"
"tt0108550","90%",8,"2021-07-09","What's Eating Gilbert Grape","movie",7.7,118,1993,250075,"Yes"
"tt0069495","89%",6,"2022-08-06","What's Up, Doc?","movie",7.7,94,1972,26275,"Yes"
"tt0098635","91%",6,"2022-01-29","When Harry Met Sally...","movie",7.7,95,1989,236227,"Yes"
"tt0042041","97%",9,"2022-12-12","White Heat","movie",8.1,114,1949,35133,"Yes"
"tt0096438","97%",8,"2021-07-09","Who Framed Roger Rabbit","movie",7.7,104,1988,213145,"Yes"
"tt0061184","95%",10,"2023-07-24","Who's Afraid of Virginia Woolf?","movie",8,131,1966,78921,"Yes"
"tt0065214","90%",8,"2023-07-29","The Wild Bunch","movie",7.9,145,1969,89225,"Yes"
"tt0064285","100%",NA,NA,"L'enfant sauvage","movie",7.5,83,1970,8768,"No"
"tt0111019","100%",NA,NA,"Les roseaux sauvages","movie",7.3,110,1994,6470,"No"
"tt0050986","94%",8,"2022-01-11","Smultronstället","movie",8.1,91,1957,112965,"Yes"
"tt0037465","89%",NA,NA,"Wilson","movie",6.4,154,1944,1671,"No"
"tt0093191","98%",6,"2023-05-19","Der Himmel über Berlin","movie",7.9,128,1987,75302,"Yes"
"tt0080140","88%",6,"2023-07-09","Wise Blood","movie",6.9,106,1979,6342,"Yes"
"tt0032138","98%",10,"2021-07-09","The Wizard of Oz","movie",8.1,102,1939,420677,"Yes"
"tt0058625","100%",10,"2023-09-11","Suna no onna","movie",8.5,147,1964,21980,"Yes"
"tt0035567","89%",6,"2021-07-09","Woman of the Year","movie",7.1,114,1942,10812,"Yes"
"tt0032143","94%",NA,NA,"The Women","movie",7.7,133,1939,14657,"No"
"tt0066579",NA,NA,NA,"Women in Love","movie",7.1,131,1969,8400,"No"
"tt0095675","90%",NA,NA,"Mujeres al borde de un ataque de ""nervios""","movie",7.5,88,1988,45432,"No"
"tt0066580","100%",8,"2023-06-29","Woodstock","movie",8.1,184,1970,18243,"Yes"
"tt0096463","84%",6,"2021-07-09","Working Girl","movie",6.8,113,1988,61254,"Yes"
"tt0052572","96%",9,"2023-08-28","Apur Sansar","movie",8.5,105,1959,16128,"Yes"
"tt0058756","91%",NA,NA,"The World of Henry Orient","movie",6.6,106,1964,3766,"No"
"tt0049966","83%",NA,NA,"Written on the Wind","movie",7.4,99,1956,13076,"No"
"tt0032145","96%",8,"2021-07-09","Wuthering Heights","movie",7.5,104,1939,19410,"Yes"
"tt0035575","90%",NA,NA,"Yankee Doodle Dandy","movie",7.6,126,1942,16665,"No"
"tt0086617","88%",NA,NA,"The Year of Living Dangerously","movie",7.1,115,1982,22553,"No"
"tt0039111","100%",6,"2023-08-14","The Yearling","movie",7.2,128,1946,6324,"Yes"
"tt0063823","95%",6,"2021-07-09","Yellow Submarine","movie",7.4,88,1968,27663,"Yes"
"tt0244316",NA,NA,NA,"Yi yi","movie",8.1,173,2000,27494,"No"
"tt0055630","95%",9,"2022-11-14","Yôjinbô","movie",8.2,110,1961,129094,"Yes"
"tt0203230","95%",NA,NA,"You Can Count on Me","movie",7.5,111,2000,31063,"No"
"tt0029808","100%",8,"2022-02-21","You Only Live Once","movie",7.2,86,1937,7492,"Yes"
"tt0072431","94%",8,"2021-07-09","Young Frankenstein","movie",8,106,1974,166699,"Yes"
"tt0032155","100%",7,"2023-03-29","Young Mr. Lincoln","movie",7.5,100,1939,9024,"Yes"
"tt0245574","92%",NA,NA,"Y tu mamá también","movie",7.7,106,2001,127698,"No"
"tt0065234","94%",7,"2022-10-11","Z","movie",8.2,127,1969,30796,"Yes"
"tt0024803","93%",NA,NA,"Zéro de conduite: Jeunes diables au collège","short",7.2,44,1933,9219,"No"
