"Position","Const","Created","Modified","Description","Title","URL","Title.Type","IMDb.Rating","Runtime..mins.","Year","Genres","Num.Votes","Release.Date","Directors"
1,"tt0031951","2021-08-14","2021-08-14",NA,"Son of Frankenstein","https://www.imdb.com/title/tt0031951/","movie",7.1,99,1939,"Drama, Horror, Sci-Fi",10872,"1939-01-13","Rowland V. Lee"
2,"tt6217926","2021-08-14","2021-08-14",NA,"Annette","https://www.imdb.com/title/tt6217926/","movie",6.3,141,2021,"Drama, Musical, Romance",20750,"2021-07-06","Leos Carax"
3,"tt9243804","2021-08-14","2021-08-14",NA,"The Green Knight","https://www.imdb.com/title/tt9243804/","movie",6.6,130,2021,"Adventure, Drama, Fantasy",104353,"2021-07-29","David Lowery"
4,"tt2452150","2021-08-14","2021-08-14",NA,"Respect","https://www.imdb.com/title/tt2452150/","movie",6.6,145,2021,"Biography, Drama, Music",15873,"2021-08-12","Liesl Tommy"
5,"tt0099685","2021-08-14","2021-08-14",NA,"GoodFellas","https://www.imdb.com/title/tt0099685/","movie",8.7,145,1990,"Biography, Crime, Drama",1175702,"1990-09-09","Martin Scorsese"
6,"tt6334354","2021-08-14","2021-08-14",NA,"The Suicide Squad","https://www.imdb.com/title/tt6334354/","movie",7.2,132,2021,"Action, Adventure, Comedy, Sci-Fi",362043,"2021-07-28","James Gunn"
7,"tt0046250","2021-08-14","2021-08-14",NA,"Roman Holiday","https://www.imdb.com/title/tt0046250/","movie",8,118,1953,"Comedy, Romance",141099,"1953-08-20","William Wyler"
8,"tt10633456","2021-08-14","2021-08-14",NA,"Minari","https://www.imdb.com/title/tt10633456/","movie",7.4,115,2020,"Drama",84574,"2020-01-26","Lee Isaac Chung"
9,"tt0033870","2021-08-14","2021-08-14",NA,"The Maltese Falcon","https://www.imdb.com/title/tt0033870/","movie",8,100,1941,"Crime, Film-Noir, Mystery, Romance",160923,"1941-10-03","John Huston"
10,"tt9214832","2021-08-14","2021-08-14",NA,"Emma.","https://www.imdb.com/title/tt9214832/","movie",6.7,124,2020,"Comedy, Drama, Romance",56777,"2020-02-13","Autumn de Wilde"
11,"tt8327492","2021-08-14","2021-08-14",NA,"Tito e os Pássaros","https://www.imdb.com/title/tt8327492/","movie",6.7,73,2018,"Animation, Action, Drama, Family, Fantasy, Sci-Fi",692,"2018-06-11","Gustavo Steinberg, André Catoto, Gabriel Bitar"
12,"tt4595882","2021-08-14","2021-08-14",NA,"Can You Ever Forgive Me?","https://www.imdb.com/title/tt4595882/","movie",7.1,106,2018,"Biography, Comedy, Crime, Drama",53593,"2018-09-01","Marielle Heller"
13,"tt7808498","2021-08-14","2021-08-14",NA,"Boy Howdy: The Story of Creem Magazine","https://www.imdb.com/title/tt7808498/","movie",6.9,75,2019,"Documentary, History, Music",296,"2019-03-10","Scott Crawford"
14,"tt0048424","2021-08-14","2021-08-14",NA,"The Night of the Hunter","https://www.imdb.com/title/tt0048424/","movie",8,92,1955,"Crime, Drama, Film-Noir, Thriller",91396,"1955-07-26","Charles Laughton"
15,"tt4935462","2021-08-14","2021-08-14",NA,"Amazing Grace","https://www.imdb.com/title/tt4935462/","movie",7.5,89,2018,"Documentary, Music",4821,"2018-11-12","Sydney Pollack, Alan Elliott"
16,"tt0081505","2021-08-14","2021-08-14",NA,"The Shining","https://www.imdb.com/title/tt0081505/","movie",8.4,146,1980,"Drama, Horror",1035464,"1980-05-23","Stanley Kubrick"
17,"tt0074119","2021-08-14","2021-08-14",NA,"All the President's Men","https://www.imdb.com/title/tt0074119/","movie",7.9,138,1976,"Drama, History, Thriller",118473,"1976-04-04","Alan J. Pakula"
18,"tt0078748","2021-08-14","2021-08-14",NA,"Alien","https://www.imdb.com/title/tt0078748/","movie",8.5,117,1979,"Horror, Sci-Fi",892886,"1979-05-25","Ridley Scott"
19,"tt8637428","2021-08-14","2021-08-14",NA,"The Farewell","https://www.imdb.com/title/tt8637428/","movie",7.5,100,2019,"Comedy, Drama",66436,"2019-01-25","Lulu Wang"
20,"tt3281548","2021-08-14","2021-08-14",NA,"Little Women","https://www.imdb.com/title/tt3281548/","movie",7.8,135,2019,"Drama, Romance",213464,"2019-12-07","Greta Gerwig"
21,"tt10011336","2021-08-14","2021-08-14",NA,"Lucky Grandma","https://www.imdb.com/title/tt10011336/","movie",6.3,87,2019,"Comedy, Crime, Drama",1689,"2019-04-28","Sasie Sealy"
22,"tt12680508","2021-08-14","2021-08-14",NA,"Minor Premise","https://www.imdb.com/title/tt12680508/","movie",5.3,95,2020,"Drama, Sci-Fi, Thriller",4617,"2020-08-29","Eric Schultz"
23,"tt6920798","2021-08-14","2021-08-14",NA,"The Bloodhound","https://www.imdb.com/title/tt6920798/","movie",4.9,72,2020,"Mystery, Thriller",618,"2020-12-01","Patrick Picard"
24,"tt10457128","2021-08-14","2021-08-14",NA,"Été 85","https://www.imdb.com/title/tt10457128/","movie",6.9,101,2020,"Drama, Romance",10740,"2020-07-02","François Ozon"
25,"tt11422728","2021-08-14","2021-08-14",NA,"Summer of Soul (...Or, When the Revolution Could Not Be Televised)","https://www.imdb.com/title/tt11422728/","movie",8,118,2021,"Documentary, Music",12510,"2021-01-28","Questlove"
26,"tt10741846","2021-08-14","2021-08-14",NA,"Rita Moreno: Just a Girl Who Decided to Go for It","https://www.imdb.com/title/tt10741846/","movie",7.7,90,2021,"Documentary, Biography",824,"2021-01-29","Mariem Pérez Riera"
27,"tt0073195","2021-08-14","2021-08-14",NA,"Jaws","https://www.imdb.com/title/tt0073195/","movie",8.1,124,1975,"Adventure, Thriller",615902,"1975-06-20","Steven Spielberg"
28,"tt0034583","2021-08-14","2021-08-14",NA,"Casablanca","https://www.imdb.com/title/tt0034583/","movie",8.5,102,1942,"Drama, Romance, War",577702,"1942-11-26","Michael Curtiz"
29,"tt0080684","2021-08-14","2021-08-14",NA,"The Empire Strikes Back","https://www.imdb.com/title/tt0080684/","movie",8.7,124,1980,"Action, Adventure, Fantasy, Sci-Fi",1305611,"1980-05-17","Irvin Kershner"
30,"tt0033467","2021-08-14","2021-08-14",NA,"Citizen Kane","https://www.imdb.com/title/tt0033467/","movie",8.3,119,1941,"Drama, Mystery",446544,"1941-05-01","Orson Welles"
31,"tt3228774","2021-08-14","2021-08-14",NA,"Cruella","https://www.imdb.com/title/tt3228774/","movie",7.3,134,2021,"Adventure, Comedy, Crime, Drama",239941,"2021-05-18","Craig Gillespie"
32,"tt6458228","2021-08-14","2021-08-14",NA,"Il peccato","https://www.imdb.com/title/tt6458228/","movie",6.8,134,2019,"Biography, Drama, History",1176,"2019-10-27","Andrey Konchalovskiy"
33,"tt0064816","2021-08-14","2021-08-14",NA,"La piscine","https://www.imdb.com/title/tt0064816/","movie",7.1,122,1969,"Crime, Drama, Romance",11199,"1969-01-31","Jacques Deray"
34,"tt8772262","2021-08-14","2021-08-14",NA,"Midsommar","https://www.imdb.com/title/tt8772262/","movie",7.1,148,2019,"Drama, Horror, Mystery, Thriller",338108,"2019-06-24","Ari Aster"
35,"tt10366460","2021-08-17","2021-08-17",NA,"CODA","https://www.imdb.com/title/tt10366460/","movie",8,111,2021,"Comedy, Drama, Music",140329,"2021-01-29","Sian Heder"
36,"tt0112697","2021-08-17","2021-08-17",NA,"Clueless","https://www.imdb.com/title/tt0112697/","movie",6.9,97,1995,"Comedy, Romance",225549,"1995-07-07","Amy Heckerling"
37,"tt0032904","2021-08-17","2021-08-17",NA,"The Philadelphia Story","https://www.imdb.com/title/tt0032904/","movie",7.9,112,1940,"Comedy, Romance",70766,"1940-12-05","George Cukor"
38,"tt0056172","2021-08-17","2021-08-17",NA,"Lawrence of Arabia","https://www.imdb.com/title/tt0056172/","movie",8.3,218,1962,"Adventure, Biography, Drama, War",297777,"1962-12-10","David Lean"
39,"tt0083658","2021-08-17","2021-08-17",NA,"Blade Runner","https://www.imdb.com/title/tt0083658/","movie",8.1,117,1982,"Action, Drama, Sci-Fi, Thriller",779451,"1982-06-25","Ridley Scott"
40,"tt0116282","2021-08-21","2021-08-21",NA,"Fargo","https://www.imdb.com/title/tt0116282/","movie",8.1,98,1996,"Crime, Thriller",686158,"1996-03-08","Ethan Coen, Joel Coen"
41,"tt9526784","2021-08-31","2021-08-31",NA,"Sniegu juz nigdy nie bedzie","https://www.imdb.com/title/tt9526784/","movie",6.5,116,2020,"Comedy, Drama, Mystery",2441,"2020-09-06","Malgorzata Szumowska, Michal Englert"
42,"tt14551164","2021-09-01","2021-09-01",NA,"Can You Bring It: Bill T. Jones and D-Man in the Waters","https://www.imdb.com/title/tt14551164/","movie",8,94,2020,"Documentary",28,"2020-11-21","Rosalynde LeBlanc, Tom Hurwitz"
43,"tt0065531","2021-09-09","2021-09-09",NA,"Le cercle rouge","https://www.imdb.com/title/tt0065531/","movie",7.9,140,1970,"Crime, Drama, Thriller",26237,"1970-10-20","Jean-Pierre Melville"
44,"tt8635092","2021-09-11","2021-09-11",NA,"Everybody's Talking About Jamie","https://www.imdb.com/title/tt8635092/","movie",6.5,115,2021,"Biography, Comedy, Drama, Musical",7155,"2021-05-28","Dan Gillespie Sells, Jonathan Butterell, Tom MacRae"
45,"tt0062622","2021-09-11","2021-09-11",NA,"2001: A Space Odyssey","https://www.imdb.com/title/tt0062622/","movie",8.3,149,1968,"Adventure, Sci-Fi",677184,"1968-04-02","Stanley Kubrick"
46,"tt0088178","2021-09-17","2021-09-17",NA,"Stop Making Sense","https://www.imdb.com/title/tt0088178/","movie",8.6,88,1984,"Documentary, Music",15852,"1984-04-24","Jonathan Demme"
47,"tt9115530","2021-09-17","2021-09-17",NA,"The Eyes of Tammy Faye","https://www.imdb.com/title/tt9115530/","movie",6.6,126,2021,"Biography, Drama, Romance",35362,"2021-09-12","Michael Showalter"
48,"tt14035242","2021-09-17","2021-09-17",NA,"Una película de policías","https://www.imdb.com/title/tt14035242/","movie",7,107,2021,"Documentary, Action, Crime, Drama, Thriller",1984,"2021-06-12","Alonso Ruizpalacios"
49,"tt0057012","2021-09-17","2021-09-17",NA,"Dr. Strangelove or: How I Learned to Stop Worrying and Love the Bomb","https://www.imdb.com/title/tt0057012/","movie",8.4,95,1964,"Comedy, War",495909,"1964-01-29","Stanley Kubrick"
50,"tt0082340","2021-09-18","2021-09-18",NA,"Escape from New York","https://www.imdb.com/title/tt0082340/","movie",7.1,99,1981,"Action, Adventure, Sci-Fi",146978,"1981-04-01","John Carpenter"
51,"tt0086525","2021-09-19","2021-09-19",NA,"Valley Girl","https://www.imdb.com/title/tt0086525/","movie",6.4,99,1983,"Comedy, Romance",16513,"1983-04-22","Martha Coolidge"
52,"tt0084787","2021-09-21","2021-09-21",NA,"The Thing","https://www.imdb.com/title/tt0084787/","movie",8.2,109,1982,"Horror, Mystery, Sci-Fi",432424,"1982-06-25","John Carpenter"
53,"tt0053472","2021-10-01","2021-10-01",NA,"À bout de souffle","https://www.imdb.com/title/tt0053472/","movie",7.7,90,1960,"Crime, Drama",83787,"1960-03-16","Jean-Luc Godard"
54,"tt9812474","2021-10-10","2021-10-10",NA,"Dýrið","https://www.imdb.com/title/tt9812474/","movie",6.3,106,2021,"Drama, Fantasy, Horror",30788,"2021-07-13","Valdimar Jóhannsson"
55,"tt9881630","2021-10-10","2021-10-10",NA,"Nahuel y el Libro Mágico","https://www.imdb.com/title/tt9881630/","movie",6.5,98,2020,"Animation, Adventure, Family, Fantasy",244,"2020-06-15","German Acuña"
56,"tt10944760","2021-10-11","2021-10-11",NA,"Titane","https://www.imdb.com/title/tt10944760/","movie",6.6,108,2021,"Drama, Horror, Sci-Fi, Thriller",48475,"2021-07-13","Julia Ducournau"
57,"tt0042643","2021-10-15","2021-10-15",NA,"The Killer That Stalked New York","https://www.imdb.com/title/tt0042643/","movie",6.4,79,1950,"Drama, Film-Noir, Thriller",1656,"1950-10-06","Earl McEvoy"
58,"tt0040366","2021-10-15","2021-10-15",NA,"Force of Evil","https://www.imdb.com/title/tt0040366/","movie",7.2,79,1948,"Crime, Drama, Film-Noir",7185,"1948-12-25","Abraham Polonsky"
59,"tt0039482","2021-10-15","2021-10-15",NA,"I Walk Alone","https://www.imdb.com/title/tt0039482/","movie",7,97,1947,"Crime, Drama, Film-Noir",3031,"1947-12-31","Byron Haskin"
60,"tt0037829","2021-10-16","2021-10-16",NA,"Jealousy","https://www.imdb.com/title/tt0037829/","movie",6.2,71,1945,"Film-Noir, Mystery",219,"1945-07-23","Gustav Machatý"
61,"tt0042953","2021-10-16","2021-10-16",NA,"Shakedown","https://www.imdb.com/title/tt0042953/","movie",7.1,80,1950,"Crime, Drama, Film-Noir, Music, Mystery, Romance, Thriller",523,"1950-09-01","Joseph Pevney"
62,"tt0034740","2021-10-16","2021-10-16",NA,"Fly-By-Night","https://www.imdb.com/title/tt0034740/","movie",6.5,74,1942,"Comedy, Drama, Film-Noir, Music, Mystery, Romance, Thriller",346,"1942-01-19","Robert Siodmak"
63,"tt0042206","2021-10-17","2021-10-17",NA,"Armored Car Robbery","https://www.imdb.com/title/tt0042206/","movie",6.9,67,1950,"Action, Adventure, Crime, Film-Noir, Thriller",2835,"1950-06-08","Richard Fleischer"
64,"tt0040934","2021-10-17","2021-10-17",NA,"The Velvet Touch","https://www.imdb.com/title/tt0040934/","movie",6.8,100,1948,"Crime, Drama, Film-Noir, Music, Mystery, Romance, Thriller",1210,"1948-07-13","Jack Gage"
65,"tt0038965","2021-10-17","2021-10-17",NA,"Somewhere in the Night","https://www.imdb.com/title/tt0038965/","movie",7.1,110,1946,"Crime, Drama, Film-Noir, Mystery, Romance",3211,"1946-05-19","Joseph L. Mankiewicz"
66,"tt0040740","2021-10-17","2021-10-17",NA,"Road House","https://www.imdb.com/title/tt0040740/","movie",7.2,95,1948,"Action, Drama, Film-Noir, Romance, Thriller",2894,"1948-11-04","Jean Negulesco"
67,"tt0040427","2021-10-17","2021-10-17",NA,"He Walked by Night","https://www.imdb.com/title/tt0040427/","movie",7.1,79,1948,"Crime, Film-Noir, Thriller",6266,"1948-11-24","Alfred L. Werker, Anthony Mann"
68,"tt7230750","2021-10-20","2021-10-20",NA,"The Velvet Underground","https://www.imdb.com/title/tt7230750/","movie",7.4,121,2021,"Documentary, Music",4567,"2021-07-07","Todd Haynes"
69,"tt0047263","2021-10-20","2021-10-20",NA,"Naked Alibi","https://www.imdb.com/title/tt0047263/","movie",6.5,86,1954,"Crime, Drama, Film-Noir, Thriller",1137,"1954-10-01","Jerry Hopper"
70,"tt0042530","2021-10-20","2021-10-20",NA,"Gun Crazy","https://www.imdb.com/title/tt0042530/","movie",7.6,87,1950,"Crime, Drama, Film-Noir, Romance, Thriller",13797,"1950-01-20","Joseph H. Lewis"
71,"tt0039335","2021-10-21","2021-10-21",NA,"A Double Life","https://www.imdb.com/title/tt0039335/","movie",7,104,1947,"Crime, Drama, Film-Noir",3616,"1947-12-25","George Cukor"
72,"tt0038057","2021-10-21","2021-10-21",NA,"Scarlet Street","https://www.imdb.com/title/tt0038057/","movie",7.8,102,1945,"Crime, Drama, Film-Noir, Thriller",17630,"1945-12-25","Fritz Lang"
73,"tt0038669","2021-10-22","2021-10-22",NA,"The Killers","https://www.imdb.com/title/tt0038669/","movie",7.7,103,1946,"Crime, Drama, Film-Noir, Mystery",22201,"1946-08-28","Robert Siodmak"
74,"tt0045631","2021-10-22","2021-10-22",NA,"City That Never Sleeps","https://www.imdb.com/title/tt0045631/","movie",6.7,90,1953,"Crime, Drama, Film-Noir, Thriller",1517,"1953-06-12","John H. Auer"
75,"tt0040823","2021-10-23","2021-10-23",NA,"Sorry, Wrong Number","https://www.imdb.com/title/tt0040823/","movie",7.3,89,1948,"Drama, Film-Noir, Mystery, Thriller",11671,"1948-09-01","Anatole Litvak"
76,"tt0038409","2021-10-23","2021-10-23",NA,"The Chase","https://www.imdb.com/title/tt0038409/","movie",6.5,86,1946,"Crime, Film-Noir, Romance, Thriller",2208,"1946-11-17","Arthur Ripley"
77,"tt0041922","2021-10-24","2021-10-24",NA,"The Story of Molly X","https://www.imdb.com/title/tt0041922/","movie",6.6,82,1949,"Crime, Drama, Film-Noir, Mystery",192,"1949-11-30","Crane Wilbur"
78,"tt0042960","2021-10-24","2021-10-24",NA,"Side Street","https://www.imdb.com/title/tt0042960/","movie",7.1,83,1950,"Crime, Drama, Film-Noir, Thriller",3144,"1950-03-23","Anthony Mann"
79,"tt0039463","2021-10-24","2021-10-24",NA,"High Tide","https://www.imdb.com/title/tt0039463/","movie",6.4,72,1947,"Crime, Drama, Film-Noir, Mystery",535,"1947-09-13","John Reinhardt"
80,"tt0043075","2021-10-24","2021-10-24",NA,"The Sound of Fury","https://www.imdb.com/title/tt0043075/","movie",7.2,91,1950,"Crime, Drama, Film-Noir, Thriller",1738,"1950-11-15","Cy Endfield"
81,"tt0047417","2021-10-24","2021-10-24",NA,"Riot in Cell Block 11","https://www.imdb.com/title/tt0047417/","movie",7,80,1954,"Crime, Drama, Film-Noir",2244,"1954-02-18","Don Siegel"
82,"tt0040607","2021-10-24","2021-10-24",NA,"Moonrise","https://www.imdb.com/title/tt0040607/","movie",7.1,90,1948,"Crime, Drama, Film-Noir, Romance, Thriller",2748,"1948-09-09","Frank Borzage"
83,"tt0039311","2021-10-24","2021-10-24",NA,"Desert Fury","https://www.imdb.com/title/tt0039311/","movie",6.5,96,1947,"Crime, Drama, Film-Noir, Romance, Thriller",1818,"1947-07-23","Lewis Allen"
84,"tt0042208","2021-10-24","2021-10-24",NA,"The Asphalt Jungle","https://www.imdb.com/title/tt0042208/","movie",7.8,112,1950,"Crime, Drama, Film-Noir, Thriller",28113,"1950-05-12","John Huston"
85,"tt8847712","2021-10-25","2021-10-25",NA,"The French Dispatch","https://www.imdb.com/title/tt8847712/","movie",7.1,107,2021,"Comedy, Drama, Romance",128164,"2021-07-12","Wes Anderson"
86,"tt0010323","2021-10-25","2021-10-25",NA,"Das Cabinet des Dr. Caligari","https://www.imdb.com/title/tt0010323/","movie",8,76,1920,"Horror, Mystery, Thriller",65769,"1920-02-26","Robert Wiene"
87,"tt0082010","2021-10-25","2021-10-25",NA,"An American Werewolf in London","https://www.imdb.com/title/tt0082010/","movie",7.5,97,1981,"Comedy, Horror",111359,"1981-08-21","John Landis"
88,"tt0017136","2021-10-25","2021-10-25",NA,"Metropolis","https://www.imdb.com/title/tt0017136/","movie",8.3,153,1927,"Drama, Sci-Fi",176602,"1927-01-10","Fritz Lang"
89,"tt0076786","2021-10-25","2021-10-25",NA,"Suspiria","https://www.imdb.com/title/tt0076786/","movie",7.3,99,1977,"Crime, Horror",96995,"1977-02-01","Dario Argento"
90,"tt0082933","2021-10-28","2021-10-28",NA,"Possession","https://www.imdb.com/title/tt0082933/","movie",7.3,124,1981,"Drama, Horror",35235,"1981-05-25","Andrzej Zulawski"
91,"tt0023649","2021-10-30","2021-10-30",NA,"Vampyr","https://www.imdb.com/title/tt0023649/","movie",7.4,75,1932,"Fantasy, Horror",19096,"1932-05-06","Carl Theodor Dreyer"
92,"tt12536294","2021-11-05","2021-11-05",NA,"Spencer","https://www.imdb.com/title/tt12536294/","movie",6.6,117,2021,"Biography, Drama",70834,"2021-09-03","Pablo Larraín"
93,"tt0016392","2021-11-05","2021-11-05",NA,"Die Stadt ohne Juden","https://www.imdb.com/title/tt0016392/","movie",6.3,91,1924,"Drama",391,"1924-05-05","H.K. Breslauer"
94,"tt12789558","2021-11-11","2021-11-11",NA,"Belfast","https://www.imdb.com/title/tt12789558/","movie",7.3,98,2021,"Biography, Drama",78504,"2021-09-02","Kenneth Branagh"
95,"tt6823148","2021-11-17","2021-11-17",NA,"Benedetta","https://www.imdb.com/title/tt6823148/","movie",6.7,131,2021,"Biography, Drama, History, Romance",21262,"2021-07-09","Paul Verhoeven"
96,"tt0065780","2021-11-17","2021-11-17",NA,"Gimme Shelter","https://www.imdb.com/title/tt0065780/","movie",7.8,91,1970,"Documentary, Music, Thriller",12293,"1970-12-06","David Maysles, Charlotte Zwerin, Albert Maysles"
97,"tt0060231","2021-11-17","2021-11-17",NA,"Charlie Is My Darling","https://www.imdb.com/title/tt0060231/","movie",7.2,60,1966,"Documentary, Music",240,"1966-10-15","Peter Whitehead"
98,"tt9320140","2021-11-19","2021-11-19",NA,"The Man with the Answers","https://www.imdb.com/title/tt9320140/","movie",6.8,80,2021,"Drama, Romance",3014,"2021-02-27","Stelios Kammitsis"
99,"tt7475578","2021-11-19","2021-11-19",NA,"Munich: The Edge of War","https://www.imdb.com/title/tt7475578/","movie",6.8,130,2021,"Biography, Drama, History, Thriller",32544,"2021-10-13","Christian Schwochow"
100,"tt14068864","2021-11-19","2021-11-19",NA,"Les magnétiques","https://www.imdb.com/title/tt14068864/","movie",6.5,98,2021,"Drama, History",743,"2021-07-09","Vincent Maël Cardona"
101,"tt14775784","2021-11-19","2021-11-19",NA,"Große Freiheit","https://www.imdb.com/title/tt14775784/","movie",7.5,116,2021,"Drama",5513,"2021-07-08","Sebastian Meise"
102,"tt0015841","2021-11-19","2021-11-19",NA,"The Freshman","https://www.imdb.com/title/tt0015841/","movie",7.5,77,1925,"Comedy, Family, Music, Romance, Sport",5738,"1925-08-17","Fred C. Newmeyer, Sam Taylor"
103,"tt8430054","2021-12-01","2021-12-01",NA,"Flugt","https://www.imdb.com/title/tt8430054/","movie",7.9,89,2021,"Documentary, Animation, Biography, Drama",17635,"2021-01-28","Jonas Poher Rasmussen"
104,"tt0104940","2021-12-04","2021-12-04",NA,"The Muppet Christmas Carol","https://www.imdb.com/title/tt0104940/","movie",7.7,85,1992,"Comedy, Drama, Family, Fantasy, Musical",63717,"1992-12-06","Brian Henson"
105,"tt0095016","2021-12-04","2021-12-04",NA,"Die Hard","https://www.imdb.com/title/tt0095016/","movie",8.2,132,1988,"Action, Thriller",893667,"1988-07-12","John McTiernan"
106,"tt13846526","2021-12-11","2021-12-11",NA,"La place d'une autre","https://www.imdb.com/title/tt13846526/","movie",6.4,112,2021,"Drama",261,"2021-08-09","Aurélia Georges"
107,"tt11286314","2021-12-17","2021-12-17",NA,"Don't Look Up","https://www.imdb.com/title/tt11286314/","movie",7.2,138,2021,"Comedy, Drama, Sci-Fi",548092,"2021-12-05","Adam McKay"
108,"tt0055614","2021-12-18","2021-12-18",NA,"West Side Story","https://www.imdb.com/title/tt0055614/","movie",7.6,153,1961,"Crime, Drama, Musical, Romance",116194,"1961-10-18","Jerome Robbins, Robert Wise"
109,"tt0118749","2021-12-18","2021-12-18",NA,"Boogie Nights","https://www.imdb.com/title/tt0118749/","movie",7.9,155,1997,"Drama",270224,"1997-09-11","Paul Thomas Anderson"
110,"tt0054731","2021-12-19","2021-12-19",NA,"Cash on Demand","https://www.imdb.com/title/tt0054731/","movie",7.4,89,1961,"Crime, Drama, Mystery, Thriller",2448,"1961-12-20","Quentin Lawrence"
111,"tt4995540","2021-12-21","2021-12-21",NA,"Being the Ricardos","https://www.imdb.com/title/tt4995540/","movie",6.5,131,2021,"Biography, Drama",42505,"2021-12-02","Aaron Sorkin"
112,"tt11271038","2021-12-27","2021-12-27",NA,"Licorice Pizza","https://www.imdb.com/title/tt11271038/","movie",7.2,133,2021,"Comedy, Drama, Romance",123032,"2021-11-20","Paul Thomas Anderson"
113,"tt10095582","2021-12-30","2021-12-30",NA,"The Tragedy of Macbeth","https://www.imdb.com/title/tt10095582/","movie",7.1,105,2021,"Drama, Mystery, Thriller",35735,"2021-09-24","Joel Coen"
114,"tt11777738","2022-01-07","2022-01-07",NA,"Ghahreman","https://www.imdb.com/title/tt11777738/","movie",7.5,127,2021,"Drama",26190,"2021-07-13","Asghar Farhadi"
115,"tt7131622","2022-01-07","2022-01-07",NA,"Once Upon a Time in... Hollywood","https://www.imdb.com/title/tt7131622/","movie",7.6,161,2019,"Comedy, Drama",760644,"2019-05-21","Quentin Tarantino"
116,"tt3581652","2022-01-13","2022-01-13",NA,"West Side Story","https://www.imdb.com/title/tt3581652/","movie",7.2,156,2021,"Crime, Drama, Musical, Romance",86370,"2021-11-29","Steven Spielberg"
117,"tt2382320","2022-01-23","2022-01-23",NA,"No Time to Die","https://www.imdb.com/title/tt2382320/","movie",7.3,163,2021,"Action, Adventure, Thriller",411106,"2021-09-28","Cary Joji Fukunaga"
118,"tt10986222","2022-01-23","2022-01-23",NA,"C'mon C'mon","https://www.imdb.com/title/tt10986222/","movie",7.4,109,2021,"Drama",33236,"2021-09-02","Mike Mills"
119,"tt13648212","2022-01-23","2022-01-23",NA,"Zgjoi","https://www.imdb.com/title/tt13648212/","movie",7.1,84,2021,"Drama",3501,"2021-01-31","Blerta Basholli"
120,"tt0318069","2022-01-23","2022-01-23",NA,"Shatranj-e baad","https://www.imdb.com/title/tt0318069/","movie",7.4,99,1976,"Drama, Mystery, Thriller",1386,"1976-11-30","Mohammad Reza Aslani"
121,"tt12618926","2022-01-23","2022-01-23",NA,"Madres paralelas","https://www.imdb.com/title/tt12618926/","movie",7.1,123,2021,"Drama",31661,"2021-09-01","Pedro Almodóvar"
122,"tt14039582","2022-01-23","2022-01-23",NA,"Doraibu mai kâ","https://www.imdb.com/title/tt14039582/","movie",7.6,179,2021,"Drama",54957,"2021-07-11","Ryûsuke Hamaguchi"
123,"tt13646976","2022-01-24","2022-01-24",NA,"Bring Your Own Brigade","https://www.imdb.com/title/tt13646976/","movie",7.2,119,2021,"Documentary",327,"2021-01-29","Lucy Walker"
124,"tt9784798","2022-01-24","2022-01-24",NA,"Judas and the Black Messiah","https://www.imdb.com/title/tt9784798/","movie",7.4,126,2021,"Biography, Drama, History",83596,"2021-02-01","Shaka King"
125,"tt0079470","2022-02-02","2022-02-02",NA,"Life of Brian","https://www.imdb.com/title/tt0079470/","movie",8,94,1979,"Comedy",404945,"1979-08-17","Terry Jones"
126,"tt0071853","2022-02-02","2022-02-02",NA,"Monty Python and the Holy Grail","https://www.imdb.com/title/tt0071853/","movie",8.2,91,1975,"Adventure, Comedy, Fantasy",547194,"1975-03-14","Terry Jones, Terry Gilliam"
127,"tt9639470","2022-02-03","2022-02-03",NA,"Last Night in Soho","https://www.imdb.com/title/tt9639470/","movie",7,116,2021,"Drama, Horror, Mystery, Thriller",145284,"2021-09-04","Edgar Wright"
128,"tt3797512","2022-02-03","2022-02-03",NA,"Barb and Star Go to Vista Del Mar","https://www.imdb.com/title/tt3797512/","movie",6.3,107,2021,"Comedy",18512,"2021-02-12","Josh Greenbaum"
129,"tt1160419","2022-02-03","2022-02-03",NA,"Dune: Part One","https://www.imdb.com/title/tt1160419/","movie",8,155,2021,"Action, Adventure, Drama, Sci-Fi",654154,"2021-09-03","Denis Villeneuve"
130,"tt11214590","2022-02-03","2022-02-03",NA,"House of Gucci","https://www.imdb.com/title/tt11214590/","movie",6.6,158,2021,"Biography, Crime, Drama",141863,"2021-11-09","Ridley Scott"
131,"tt9620288","2022-02-03","2022-02-03",NA,"King Richard","https://www.imdb.com/title/tt9620288/","movie",7.5,144,2021,"Biography, Drama, Sport",118875,"2021-09-02","Reinaldo Marcus Green"
132,"tt9100054","2022-02-03","2022-02-03",NA,"The Lost Daughter","https://www.imdb.com/title/tt9100054/","movie",6.7,121,2021,"Drama",67890,"2021-09-02","Maggie Gyllenhaal"
133,"tt8721424","2022-02-03","2022-02-03",NA,"tick, tick...BOOM!","https://www.imdb.com/title/tt8721424/","movie",7.5,120,2021,"Biography, Comedy, Drama, Musical",109489,"2021-11-10","Lin-Manuel Miranda"
134,"tt0469494","2022-02-03","2022-02-03",NA,"There Will Be Blood","https://www.imdb.com/title/tt0469494/","movie",8.2,158,2007,"Drama",595051,"2007-09-27","Paul Thomas Anderson"
135,"tt13617580","2022-02-03","2022-02-03",NA,"Zalava","https://www.imdb.com/title/tt13617580/","movie",6.3,93,2021,"Drama, Horror",408,"2021-02-09","Arsalan Amiri"
136,"tt0119256","2022-02-03","2022-02-03",NA,"Sydney","https://www.imdb.com/title/tt0119256/","movie",7.1,102,1996,"Crime, Drama",52131,"1996-01-20","Paul Thomas Anderson"
137,"tt7657566","2022-02-08","2022-02-08",NA,"Death on the Nile","https://www.imdb.com/title/tt7657566/","movie",6.3,127,2022,"Crime, Drama, Mystery",156656,"2022-02-09","Kenneth Branagh"
138,"tt10370710","2022-02-10","2022-02-10",NA,"Verdens verste menneske","https://www.imdb.com/title/tt10370710/","movie",7.8,128,2021,"Comedy, Drama, Romance",75546,"2021-02-04","Joachim Trier"
139,"tt8102806","2022-02-17","2022-02-17",NA,"The Night","https://www.imdb.com/title/tt8102806/","movie",5.5,105,2020,"Horror, Mystery, Thriller",3055,"2020-01-18","Kourosh Ahari"
140,"tt12542008","2022-02-17","2022-02-17",NA,"Redemption of a Rogue","https://www.imdb.com/title/tt12542008/","movie",6,95,2020,"Comedy, Drama",525,"2020-07-11","Philip Doherty"
141,"tt13796488","2022-02-18","2022-02-18",NA,"When We Were Bullies","https://www.imdb.com/title/tt13796488/","short",5.5,36,2021,"Documentary, Short",1133,"2021-01-28","Jay Rosenblatt"
142,"tt14608922","2022-02-18","2022-02-18",NA,"Three Songs for Benazir","https://www.imdb.com/title/tt14608922/","short",6.3,22,2021,"Documentary, Short",2659,"2021-06-02","Gulistan Mirzaei, Elizabeth Mirzaei"
143,"tt14513236","2022-02-18","2022-02-18",NA,"The Queen of Basketball","https://www.imdb.com/title/tt14513236/","short",7.2,22,2021,"Documentary, Short, Biography, Sport",1381,"2021-06-10","Ben Proudfoot"
144,"tt15339848","2022-02-18","2022-02-18",NA,"Lead Me Home","https://www.imdb.com/title/tt15339848/","short",6.3,39,2021,"Short, Documentary",3918,"2021-09-03","Pedro Kos, Jon Shenk"
145,"tt12771540","2022-02-18","2022-02-18",NA,"Audible","https://www.imdb.com/title/tt12771540/","short",6.7,39,2021,"Documentary, Short, Sport",2513,"2021-04-29","Matthew Ogens"
146,"tt9464038","2022-02-18","2022-02-18",NA,"The Windshield Wiper","https://www.imdb.com/title/tt9464038/","short",6.8,15,2021,"Animation, Short, Fantasy, Romance",2617,"2021-07-13","Alberto Mielgo"
147,"tt11332850","2022-02-18","2022-02-18",NA,"Robin Robin","https://www.imdb.com/title/tt11332850/","short",7,32,2021,"Animation, Short, Adventure, Comedy, Family, Musical",6340,"2021-10-09","Daniel Ojari, Michael Please"
148,"tt14825972","2022-02-18","2022-02-18",NA,"BoksBalet","https://www.imdb.com/title/tt14825972/","short",6.7,15,2020,"Animation, Short, Romance, Sport",894,"2020-03-12","Anton Dyakov"
149,"tt14825950","2022-02-18","2022-02-18",NA,"Bestia","https://www.imdb.com/title/tt14825950/","short",7,16,2021,"Animation, Short, History, Horror, Thriller",1637,"2021-06-14","Hugo Covarrubias"
150,"tt14293560","2022-02-18","2022-02-18",NA,"Affairs of the Art","https://www.imdb.com/title/tt14293560/","short",6.1,16,2021,"Animation, Short, Comedy, Fantasy",1401,"2021-01-29","Joanna Quinn"
151,"tt11924384","2022-02-18","2022-02-18",NA,"The Long Goodbye","https://www.imdb.com/title/tt11924384/","short",7.2,13,2020,"Short, Drama, Mystery, Thriller",2877,"2020-03-05","Aneil Karia"
152,"tt12299764","2022-02-18","2022-02-18",NA,"Sukienka","https://www.imdb.com/title/tt12299764/","short",6.7,30,2020,"Short, Drama",1163,"2020-06-02","Tadeusz Lysiak"
153,"tt11383280","2022-02-18","2022-02-18",NA,"Please Hold","https://www.imdb.com/title/tt11383280/","short",7.2,19,2020,"Short, Comedy, Drama, Sci-Fi",1822,"2020-09-25","K.D. Dávila"
154,"tt15289736","2022-02-18","2022-02-18",NA,"On My Mind","https://www.imdb.com/title/tt15289736/","short",6.6,18,2021,"Short, Drama",901,"2021-07-10","Martin Strange-Hansen"
155,"tt7914938","2022-02-18","2022-02-18",NA,"Ala kachuu","https://www.imdb.com/title/tt7914938/","short",7.6,38,2020,"Short, Drama",748,"2020-08-06","Maria Brendle"
156,"tt8633462","2022-02-22","2022-02-22",NA,"Quo vadis, Aida?","https://www.imdb.com/title/tt8633462/","movie",8,101,2020,"Drama, History, War",35097,"2020-09-03","Jasmila Zbanic"
157,"tt11873472","2022-03-03","2022-03-03",NA,"Neptune Frost","https://www.imdb.com/title/tt11873472/","movie",6.6,105,2021,"Musical, Sci-Fi",775,"2021-07-12","Anisia Uzeyman, Saul Williams"
158,"tt0106308","2022-03-03","2022-03-03",NA,"Army of Darkness","https://www.imdb.com/title/tt0106308/","movie",7.4,81,1992,"Comedy, Horror",182233,"1992-10-09","Sam Raimi"
159,"tt0071360","2022-03-09","2022-03-09",NA,"The Conversation","https://www.imdb.com/title/tt0071360/","movie",7.8,113,1974,"Drama, Mystery, Thriller",114502,"1974-04-07","Francis Ford Coppola"
160,"tt0076759","2022-03-18","2022-03-18",NA,"Star Wars","https://www.imdb.com/title/tt0076759/","movie",8.6,121,1977,"Action, Adventure, Fantasy, Sci-Fi",1378013,"1977-05-25","George Lucas"
161,"tt0086190","2022-03-18","2022-03-18",NA,"Star Wars: Episode VI - Return of the Jedi","https://www.imdb.com/title/tt0086190/","movie",8.3,131,1983,"Action, Adventure, Fantasy, Sci-Fi",1064907,"1983-05-23","Richard Marquand"
162,"tt14114802","2022-03-19","2022-03-19",NA,"The Outfit","https://www.imdb.com/title/tt14114802/","movie",7.1,105,2022,"Crime, Drama, Mystery, Thriller",49047,"2022-02-14","Graham Moore"
163,"tt13622884","2022-03-20","2022-03-20",NA,"Mlungu Wam","https://www.imdb.com/title/tt13622884/","movie",5.2,92,2021,"Horror",398,"2021-09-09","Jenna Cato Bass"
164,"tt0092067","2022-03-29","2022-03-29",NA,"Tenkû no shiro Rapyuta","https://www.imdb.com/title/tt0092067/","movie",8,125,1986,"Animation, Adventure, Family, Fantasy",169768,"1986-08-02","Hayao Miyazaki"
165,"tt0119698","2022-03-29","2022-03-29",NA,"Mononoke-hime","https://www.imdb.com/title/tt0119698/","movie",8.4,134,1997,"Animation, Action, Adventure, Fantasy",400791,"1997-07-12","Hayao Miyazaki"
166,"tt0087544","2022-03-29","2022-03-29",NA,"Kaze no tani no Naushika","https://www.imdb.com/title/tt0087544/","movie",8,117,1984,"Animation, Adventure, Sci-Fi",172127,"1984-03-11","Hayao Miyazaki"
167,"tt0096283","2022-03-29","2022-03-29",NA,"Tonari no Totoro","https://www.imdb.com/title/tt0096283/","movie",8.1,86,1988,"Animation, Comedy, Family, Fantasy",346437,"1988-04-16","Hayao Miyazaki"
168,"tt0095327","2022-03-29","2022-03-29",NA,"Hotaru no haka","https://www.imdb.com/title/tt0095327/","movie",8.5,89,1988,"Animation, Drama, War",282407,"1988-04-16","Isao Takahata"
169,"tt1791528","2022-04-02","2022-04-02",NA,"Inherent Vice","https://www.imdb.com/title/tt1791528/","movie",6.6,148,2014,"Comedy, Crime, Drama, Mystery, Romance",106636,"2014-10-04","Paul Thomas Anderson"
170,"tt8296030","2022-04-02","2022-04-02",NA,"You Won't Be Alone","https://www.imdb.com/title/tt8296030/","movie",6.3,108,2022,"Drama, Horror",8043,"2022-01-22","Goran Stolevski"
171,"tt0093970","2022-04-05","2022-04-05",NA,"Sign 'o' the Times","https://www.imdb.com/title/tt0093970/","movie",8,85,1987,"Documentary, Music",2311,"1987-11-20","Albert Magnoli, Prince, David Hogan"
172,"tt0070723","2022-04-05","2022-04-05",NA,"Soylent Green","https://www.imdb.com/title/tt0070723/","movie",7,97,1973,"Crime, Mystery, Sci-Fi, Thriller",66821,"1973-04-18","Richard Fleischer"
173,"tt0012027","2022-04-05","2022-04-05",NA,"Camille","https://www.imdb.com/title/tt0012027/","movie",6.5,72,1921,"Drama, Romance",1024,"1921-09-11","Ray C. Smallwood"
174,"tt15721828","2022-04-05","2022-04-05",NA,"This Much I Know to Be True","https://www.imdb.com/title/tt15721828/","movie",7.7,105,2022,"Documentary, Music",1383,"2022-02-12","Andrew Dominik"
175,"tt0064665","2022-04-07","2022-04-07",NA,"Midnight Cowboy","https://www.imdb.com/title/tt0064665/","movie",7.8,113,1969,"Drama",113502,"1969-05-25","John Schlesinger"
176,"tt0070917","2022-04-10","2022-04-10",NA,"The Wicker Man","https://www.imdb.com/title/tt0070917/","movie",7.5,88,1973,"Horror, Mystery, Thriller",83509,"1973-12-06","Robin Hardy"
177,"tt0090756","2022-04-10","2022-04-10",NA,"Blue Velvet","https://www.imdb.com/title/tt0090756/","movie",7.7,120,1986,"Crime, Drama, Mystery, Thriller",203686,"1986-08-30","David Lynch"
178,"tt0066921","2022-04-10","2022-04-10",NA,"A Clockwork Orange","https://www.imdb.com/title/tt0066921/","movie",8.3,136,1971,"Crime, Sci-Fi",839121,"1971-12-19","Stanley Kubrick"
179,"tt0248845","2022-04-10","2022-04-10",NA,"Hedwig and the Angry Inch","https://www.imdb.com/title/tt0248845/","movie",7.7,95,2001,"Comedy, Drama, Music, Musical",36245,"2001-01-19","John Cameron Mitchell"
180,"tt0100332","2022-04-10","2022-04-10",NA,"Paris Is Burning","https://www.imdb.com/title/tt0100332/","movie",8.2,71,1990,"Documentary",16140,"1990-04-06","Jennie Livingston"
181,"tt0046534","2022-04-10","2022-04-10",NA,"The War of the Worlds","https://www.imdb.com/title/tt0046534/","movie",7,85,1953,"Action, Sci-Fi, Thriller",36750,"1953-04-03","Byron Haskin"
182,"tt0100802","2022-04-10","2022-04-10",NA,"Total Recall","https://www.imdb.com/title/tt0100802/","movie",7.5,113,1990,"Action, Adventure, Sci-Fi",337147,"1990-05-31","Paul Verhoeven"
183,"tt0050783","2022-04-10","2022-04-10",NA,"Le notti di Cabiria","https://www.imdb.com/title/tt0050783/","movie",8.1,110,1957,"Drama",49965,"1957-05-11","Federico Fellini"
184,"tt0069049","2022-04-18","2022-04-18",NA,"The Other Side of the Wind","https://www.imdb.com/title/tt0069049/","movie",6.7,122,2018,"Drama",7595,"2018-08-31","Orson Welles"
185,"tt5186714","2022-04-19","2022-04-19",NA,"Forushande","https://www.imdb.com/title/tt5186714/","movie",7.7,124,2016,"Drama, Thriller",61728,"2016-05-21","Asghar Farhadi"
186,"tt11138512","2022-04-21","2022-04-21",NA,"The Northman","https://www.imdb.com/title/tt11138512/","movie",7.1,137,2022,"Action, Adventure, Drama, Fantasy, History, Thriller",219978,"2022-04-01","Robert Eggers"
187,"tt0156887","2022-04-23","2022-04-23",NA,"Pâfekuto burû","https://www.imdb.com/title/tt0156887/","movie",8,81,1997,"Animation, Crime, Drama, Mystery, Thriller",80832,"1997-08-05","Satoshi Kon"
188,"tt0059573","2022-04-29","2022-04-29",NA,"A Patch of Blue","https://www.imdb.com/title/tt0059573/","movie",8,105,1965,"Drama, Music, Romance",9005,"1965-12-10","Guy Green"
189,"tt0047034","2022-04-29","2022-04-29",NA,"Gojira","https://www.imdb.com/title/tt0047034/","movie",7.5,96,1954,"Horror, Sci-Fi",35107,"1954-11-03","Ishirô Honda"
190,"tt0105435","2022-04-30","2022-04-30",NA,"Sneakers","https://www.imdb.com/title/tt0105435/","movie",7.1,126,1992,"Comedy, Crime, Drama, Mystery, Thriller",60103,"1992-09-09","Phil Alden Robinson"
191,"tt10749786","2022-05-05","2022-05-05",NA,"Atlantis","https://www.imdb.com/title/tt10749786/","movie",6.8,108,2019,"Drama, War",2403,"2019-09-04","Valentyn Vasyanovych"
192,"tt12494638","2022-05-06","2022-05-06",NA,"Ha'berech","https://www.imdb.com/title/tt12494638/","movie",6.3,109,2021,"Drama, Music",1270,"2021-07-07","Nadav Lapid"
193,"tt11204094","2022-05-06","2022-05-06",NA,"The Duke","https://www.imdb.com/title/tt11204094/","movie",6.9,95,2020,"Biography, Comedy, Crime, Drama",10452,"2020-09-04","Roger Michell"
194,"tt0033729","2022-05-10","2022-05-10",NA,"How Green Was My Valley","https://www.imdb.com/title/tt0033729/","movie",7.7,118,1941,"Drama, Family",24888,"1941-10-28","John Ford"
195,"tt13880104","2022-05-12","2022-05-12",NA,"L'événement","https://www.imdb.com/title/tt13880104/","movie",7.4,100,2021,"Drama",8875,"2021-09-05","Audrey Diwan"
196,"tt11703710","2022-05-18","2022-05-18",NA,"Downton Abbey: A New Era","https://www.imdb.com/title/tt11703710/","movie",7.4,124,2022,"Drama, Romance",24974,"2022-04-27","Simon Curtis"
197,"tt0031679","2022-05-19","2022-05-19",NA,"Mr. Smith Goes to Washington","https://www.imdb.com/title/tt0031679/","movie",8.1,129,1939,"Comedy, Drama",116778,"1939-10-17","Frank Capra"
198,"tt0149896","2022-05-21","2022-05-21",NA,"Bix: 'Ain't None of Them Play Like Him Yet'","https://www.imdb.com/title/tt0149896/","movie",8.5,116,1981,"Documentary, Biography, Music",47,"1981-10-31","Brigitte Berman"
199,"tt5776858","2022-05-24","2022-05-24",NA,"Phantom Thread","https://www.imdb.com/title/tt5776858/","movie",7.4,130,2017,"Drama, Romance",136271,"2017-12-11","Paul Thomas Anderson"
200,"tt0061811","2022-05-28","2022-05-28",NA,"In the Heat of the Night","https://www.imdb.com/title/tt0061811/","movie",7.9,110,1967,"Drama, Mystery, Thriller",78401,"1967-08-02","Norman Jewison"
201,"tt3169706","2022-05-29","2022-05-29",NA,"Pride","https://www.imdb.com/title/tt3169706/","movie",7.8,119,2014,"Biography, Comedy, Drama, History, Romance",58770,"2014-05-23","Matthew Warchus"
202,"tt14549466","2022-05-31","2022-05-31",NA,"Crimes of the Future","https://www.imdb.com/title/tt14549466/","movie",5.9,107,2022,"Drama, Horror, Sci-Fi",32354,"2022-05-23","David Cronenberg"
203,"tt8178634","2022-06-01","2022-06-01",NA,"RRR (Rise Roar Revolt)","https://www.imdb.com/title/tt8178634/","movie",7.9,187,2022,"Action, Adventure, Drama",138601,"2022-03-24","S.S. Rajamouli"
204,"tt0074916","2022-06-06","2022-06-06",NA,"Mr. Klein","https://www.imdb.com/title/tt0074916/","movie",7.5,123,1976,"Crime, Drama, Mystery, Thriller, War",7983,"1976-05-22","Joseph Losey"
205,"tt3704428","2022-06-10","2022-06-10",NA,"Elvis","https://www.imdb.com/title/tt3704428/","movie",7.3,159,2022,"Biography, Drama, Music",188962,"2022-05-25","Baz Luhrmann"
206,"tt0073582","2022-06-14","2022-06-14",NA,"Profondo rosso","https://www.imdb.com/title/tt0073582/","movie",7.5,127,1975,"Horror, Mystery, Thriller",39552,"1975-03-07","Dario Argento"
207,"tt0093870","2022-06-20","2022-06-20",NA,"RoboCop","https://www.imdb.com/title/tt0093870/","movie",7.6,102,1987,"Action, Crime, Sci-Fi, Thriller",264419,"1987-07-17","Paul Verhoeven"
208,"tt15724240","2022-06-20","2022-06-20",NA,"The Lost Record","https://www.imdb.com/title/tt15724240/","movie",7,76,2021,"Music, Fantasy",11,"2021-08-31","Alexandra Cabral, Ian Svenonius"
209,"tt0078797","2022-06-21","2022-06-21",NA,"Arrebato","https://www.imdb.com/title/tt0078797/","movie",6.9,115,1979,"Drama, Fantasy, Horror, Mystery",2969,"1979-03-02","Iván Zulueta"
210,"tt0084827","2022-06-21","2022-06-21",NA,"Tron","https://www.imdb.com/title/tt0084827/","movie",6.7,96,1982,"Action, Adventure, Sci-Fi",124037,"1982-07-09","Steven Lisberger"
211,"tt0078788","2022-06-21","2022-06-21",NA,"Apocalypse Now","https://www.imdb.com/title/tt0078788/","movie",8.5,147,1979,"Drama, Mystery, War",675174,"1979-05-19","Francis Ford Coppola"
212,"tt0089218","2022-06-21","2022-06-21",NA,"The Goonies","https://www.imdb.com/title/tt0089218/","movie",7.7,114,1985,"Adventure, Comedy, Family",280137,"1985-06-07","Richard Donner"
213,"tt0087469","2022-06-21","2022-06-21",NA,"Indiana Jones and the Temple of Doom","https://www.imdb.com/title/tt0087469/","movie",7.5,118,1984,"Action, Adventure",496483,"1984-05-08","Steven Spielberg"
214,"tt0039192","2022-06-21","2022-06-21",NA,"Black Narcissus","https://www.imdb.com/title/tt0039192/","movie",7.7,101,1947,"Drama",25757,"1947-04-24","Michael Powell, Emeric Pressburger"
215,"tt0114746","2022-06-21","2022-06-21",NA,"Twelve Monkeys","https://www.imdb.com/title/tt0114746/","movie",8,129,1995,"Mystery, Sci-Fi, Thriller",624807,"1995-12-08","Terry Gilliam"
216,"tt0087182","2022-06-21","2022-06-21",NA,"Dune","https://www.imdb.com/title/tt0087182/","movie",6.3,137,1984,"Action, Adventure, Sci-Fi",164298,"1984-12-03","David Lynch"
217,"tt0068361","2022-06-21","2022-06-21",NA,"Le charme discret de la bourgeoisie","https://www.imdb.com/title/tt0068361/","movie",7.8,102,1972,"Comedy",44273,"1972-09-15","Luis Buñuel"
218,"tt0166924","2022-06-21","2022-06-21",NA,"Mulholland Dr.","https://www.imdb.com/title/tt0166924/","movie",7.9,147,2001,"Drama, Mystery, Thriller",362679,"2001-05-16","David Lynch"
219,"tt0068646","2022-06-21","2022-06-21",NA,"The Godfather","https://www.imdb.com/title/tt0068646/","movie",9.2,175,1972,"Crime, Drama",1882515,"1972-03-14","Francis Ford Coppola"
220,"tt0092890","2022-06-21","2022-06-21",NA,"Dirty Dancing","https://www.imdb.com/title/tt0092890/","movie",7,100,1987,"Drama, Music, Romance",238916,"1987-08-17","Emile Ardolino"
221,"tt0055913","2022-06-21","2022-06-21",NA,"Divorzio all'italiana","https://www.imdb.com/title/tt0055913/","movie",8,105,1961,"Comedy, Drama, Romance",13259,"1961-12-20","Pietro Germi"
222,"tt7155286","2022-06-22","2022-06-22",NA,"Freedom Uncut","https://www.imdb.com/title/tt7155286/","movie",8.2,87,2022,"Documentary, Music",421,"2022-06-16","David Austin, George Michael"
223,"tt0058331","2022-06-24","2022-06-24",NA,"Mary Poppins","https://www.imdb.com/title/tt0058331/","movie",7.8,139,1964,"Comedy, Family, Fantasy, Musical",176584,"1964-08-27","Robert Stevenson"
224,"tt0347149","2022-06-29","2022-06-29",NA,"Hauru no ugoku shiro","https://www.imdb.com/title/tt0347149/","movie",8.2,119,2004,"Animation, Adventure, Family, Fantasy",403542,"2004-09-05","Hayao Miyazaki"
225,"tt11700260","2022-06-29","2022-06-29",NA,"Competencia oficial","https://www.imdb.com/title/tt11700260/","movie",7.1,115,2021,"Comedy, Drama",11069,"2021-09-04","Gastón Duprat, Mariano Cohn"
226,"tt0061735","2022-06-30","2022-06-30",NA,"Guess Who's Coming to Dinner","https://www.imdb.com/title/tt0061735/","movie",7.8,108,1967,"Comedy, Drama",46420,"1967-12-11","Stanley Kramer"
227,"tt0053779","2022-07-01","2022-07-01",NA,"La dolce vita","https://www.imdb.com/title/tt0053779/","movie",8,174,1960,"Comedy, Drama",74790,"1960-02-03","Federico Fellini"
228,"tt0048281","2022-07-01","2022-07-01",NA,"The Ladykillers","https://www.imdb.com/title/tt0048281/","movie",7.6,91,1955,"Comedy, Crime",30112,"1955-12-08","Alexander Mackendrick"
229,"tt10505316","2022-07-05","2022-07-05",NA,"Illusions perdues","https://www.imdb.com/title/tt10505316/","movie",7.4,149,2021,"Drama, Romance",4887,"2021-09-05","Xavier Giannoli"
230,"tt0059742","2022-07-05","2022-07-05",NA,"The Sound of Music","https://www.imdb.com/title/tt0059742/","movie",8.1,172,1965,"Biography, Drama, Family, Musical, Romance",240876,"1965-03-02","Robert Wise"
231,"tt0061107","2022-07-05","2022-07-05",NA,"Torn Curtain","https://www.imdb.com/title/tt0061107/","movie",6.6,128,1966,"Drama, Romance, Thriller",27856,"1966-07-14","Alfred Hitchcock"
232,"tt0047296","2022-07-05","2022-07-05",NA,"On the Waterfront","https://www.imdb.com/title/tt0047296/","movie",8.1,108,1954,"Crime, Drama, Thriller",157093,"1954-06-22","Elia Kazan"
233,"tt0042958","2022-07-05","2022-07-05",NA,"Shûbun","https://www.imdb.com/title/tt0042958/","movie",7.2,104,1950,"Drama",4314,"1950-04-26","Akira Kurosawa"
234,"tt0055630","2022-07-05","2022-07-05",NA,"Yôjinbô","https://www.imdb.com/title/tt0055630/","movie",8.2,110,1961,"Action, Drama, Thriller",124559,"1961-04-25","Akira Kurosawa"
235,"tt0042876","2022-07-05","2022-07-05",NA,"Rashômon","https://www.imdb.com/title/tt0042876/","movie",8.2,88,1950,"Crime, Drama, Mystery",170929,"1950-08-26","Akira Kurosawa"
236,"tt0050613","2022-07-05","2022-07-05",NA,"Kumonosu-jô","https://www.imdb.com/title/tt0050613/","movie",8.1,110,1957,"Drama, History",53319,"1957-01-15","Akira Kurosawa"
237,"tt0057565","2022-07-05","2022-07-05",NA,"Tengoku to jigoku","https://www.imdb.com/title/tt0057565/","movie",8.4,143,1963,"Crime, Drama, Mystery, Thriller",46705,"1963-03-01","Akira Kurosawa"
238,"tt0025316","2022-07-09","2022-07-09",NA,"It Happened One Night","https://www.imdb.com/title/tt0025316/","movie",8.1,105,1934,"Comedy, Romance",106029,"1934-02-18","Frank Capra"
239,"tt0025919","2022-07-09","2022-07-09",NA,"Twentieth Century","https://www.imdb.com/title/tt0025919/","movie",7.3,91,1934,"Comedy, Romance",6858,"1934-05-03","Howard Hawks"
240,"tt0028010","2022-07-09","2022-07-09",NA,"My Man Godfrey","https://www.imdb.com/title/tt0028010/","movie",8,94,1936,"Comedy, Drama, Romance",24807,"1936-09-01","Gregory La Cava"
241,"tt0025878","2022-07-09","2022-07-09",NA,"The Thin Man","https://www.imdb.com/title/tt0025878/","movie",7.9,91,1934,"Comedy, Crime, Mystery, Romance",30888,"1934-05-25","W.S. Van Dyke"
242,"tt0028597","2022-07-09","2022-07-09",NA,"The Awful Truth","https://www.imdb.com/title/tt0028597/","movie",7.7,90,1937,"Comedy, Romance",20286,"1937-10-20","Leo McCarey"
243,"tt0028816","2022-07-09","2022-07-09",NA,"Easy Living","https://www.imdb.com/title/tt0028816/","movie",7.5,88,1937,"Comedy, Romance",3855,"1937-07-07","Mitchell Leisen"
244,"tt0029947","2022-07-09","2022-07-09",NA,"Bringing Up Baby","https://www.imdb.com/title/tt0029947/","movie",7.8,102,1938,"Comedy",63030,"1938-02-16","Howard Hawks"
245,"tt0032599","2022-07-09","2022-07-09",NA,"His Girl Friday","https://www.imdb.com/title/tt0032599/","movie",7.8,92,1940,"Comedy, Drama, Romance",60229,"1940-01-11","Howard Hawks"
246,"tt0031725","2022-07-09","2022-07-09",NA,"Ninotchka","https://www.imdb.com/title/tt0031725/","movie",7.8,110,1939,"Comedy, Romance",21637,"1939-11-09","Ernst Lubitsch"
247,"tt0035446","2022-07-09","2022-07-09",NA,"To Be or Not to Be","https://www.imdb.com/title/tt0035446/","movie",8.2,99,1942,"Comedy, Romance, War",38882,"1942-02-19","Ernst Lubitsch"
248,"tt0033804","2022-07-09","2022-07-09",NA,"The Lady Eve","https://www.imdb.com/title/tt0033804/","movie",7.7,94,1941,"Comedy, Romance",22218,"1941-02-26","Preston Sturges"
249,"tt0033373","2022-07-09","2022-07-09",NA,"Ball of Fire","https://www.imdb.com/title/tt0033373/","movie",7.7,111,1941,"Comedy, Romance",13187,"1941-12-30","Howard Hawks"
250,"tt0041870","2022-07-09","2022-07-09",NA,"Shizukanaru kettô","https://www.imdb.com/title/tt0041870/","movie",7.4,95,1949,"Drama",3590,"1949-03-13","Akira Kurosawa"
251,"tt0040979","2022-07-09","2022-07-09",NA,"Yoidore tenshi","https://www.imdb.com/title/tt0040979/","movie",7.7,98,1948,"Crime, Drama, Romance, Thriller",12464,"1948-04-27","Akira Kurosawa"
252,"tt0041699","2022-07-09","2022-07-09",NA,"Nora inu","https://www.imdb.com/title/tt0041699/","movie",7.8,122,1949,"Crime, Drama, Film-Noir, Mystery, Thriller",17716,"1949-10-17","Akira Kurosawa"
253,"tt0047478","2022-07-09","2022-07-09",NA,"Shichinin no samurai","https://www.imdb.com/title/tt0047478/","movie",8.6,207,1954,"Action, Drama",349462,"1954-04-26","Akira Kurosawa"
254,"tt0105619","2022-07-09","2022-07-09",NA,"Dung fong sam hap","https://www.imdb.com/title/tt0105619/","movie",6.5,88,1993,"Action, Fantasy, Thriller",3615,"1993-02-12","Johnnie To"
255,"tt0108606","2022-07-09","2022-07-09",NA,"Yin doi hou hap zyun","https://www.imdb.com/title/tt0108606/","movie",5.8,101,1993,"Action, Sci-Fi, Thriller",1276,"1993-09-30","Siu-Tung Ching, Johnnie To"
256,"tt0049261","2022-07-09","2022-07-09",NA,"Giant","https://www.imdb.com/title/tt0049261/","movie",7.6,201,1956,"Drama, Western",40092,"1956-10-10","George Stevens"
257,"tt3398268","2022-07-13","2022-07-13",NA,"Omoide no Marnie","https://www.imdb.com/title/tt3398268/","movie",7.7,103,2014,"Animation, Drama, Family, Mystery",42527,"2014-07-19","Hiromasa Yonebayashi"
258,"tt0057549","2022-07-13","2022-07-13",NA,"Symphonie pour un massacre","https://www.imdb.com/title/tt0057549/","movie",7.2,115,1963,"Crime, Drama",483,"1963-04-23","Jacques Deray"
259,"tt0040705","2022-07-17","2022-07-17",NA,"Portrait of Jennie","https://www.imdb.com/title/tt0040705/","movie",7.6,86,1948,"Drama, Fantasy, Mystery, Romance",7124,"1948-12-25","William Dieterle"
260,"tt15339456","2022-07-17","2022-07-17",NA,"Marcel the Shell with Shoes On","https://www.imdb.com/title/tt15339456/","movie",7.8,90,2021,"Animation, Comedy, Drama, Family, Fantasy",14382,"2021-09-03","Dean Fleischer Camp"
261,"tt0275277","2022-07-18","2022-07-18",NA,"Cowboy Bebop: Tengoku no tobira","https://www.imdb.com/title/tt0275277/","movie",7.8,115,2001,"Animation, Action, Crime, Drama, Sci-Fi",50100,"2001-09-01","Shin'ichirô Watanabe, Hiroyuki Okiura, Yoshiyuki Takei, Tensai Okamura"
262,"tt0039208","2022-07-21","2022-07-21",NA,"Boomerang!","https://www.imdb.com/title/tt0039208/","movie",7.2,88,1947,"Crime, Drama, Film-Noir, Romance",4815,"1947-01-26","Elia Kazan"
263,"tt0057840","2022-07-22","2022-07-22",NA,"The Americanization of Emily","https://www.imdb.com/title/tt0057840/","movie",7.3,115,1964,"Comedy, Drama, Romance, War",5344,"1964-10-27","Arthur Hiller"
264,"tt0039536","2022-07-22","2022-07-22",NA,"Kiss of Death","https://www.imdb.com/title/tt0039536/","movie",7.4,99,1947,"Crime, Drama, Film-Noir, Thriller",8882,"1947-08-13","Henry Hathaway"
265,"tt0037795","2022-07-26","2022-07-26",NA,"The House on 92nd Street","https://www.imdb.com/title/tt0037795/","movie",6.6,88,1945,"Crime, Drama, Film-Noir, Mystery, Thriller, War",3085,"1945-09-26","Henry Hathaway"
266,"tt11976532","2022-07-28","2022-07-28",NA,"Vengeance","https://www.imdb.com/title/tt11976532/","movie",6.8,107,2022,"Comedy, Mystery, Thriller",24366,"2022-06-12","B.J. Novak"
267,"tt8595016","2022-07-29","2022-07-29",NA,"My Old School","https://www.imdb.com/title/tt8595016/","movie",7.2,104,2022,"Documentary, Animation, Comedy, Drama",1255,"2022-01-23","Jono McLeod"
268,"tt0041600","2022-07-29","2022-07-29",NA,"Lost Boundaries","https://www.imdb.com/title/tt0041600/","movie",7,99,1949,"Drama",485,"1949-06-30","Alfred L. Werker"
269,"tt5151570","2022-08-04","2022-08-04",NA,"Mrs. Harris Goes to Paris","https://www.imdb.com/title/tt5151570/","movie",7.1,115,2022,"Comedy, Drama",15383,"2022-07-07","Anthony Fabian"
270,"tt0048254","2022-08-05","2022-08-05",NA,"Killer's Kiss","https://www.imdb.com/title/tt0048254/","movie",6.6,67,1955,"Crime, Drama, Film-Noir, Thriller",24638,"1955-09-21","Stanley Kubrick"
271,"tt0069495","2022-08-05","2022-08-05",NA,"What's Up, Doc?","https://www.imdb.com/title/tt0069495/","movie",7.7,94,1972,"Comedy, Romance",24828,"1972-03-09","Peter Bogdanovich"
272,"tt0066892","2022-09-03","2022-09-03",NA,"Carnal Knowledge","https://www.imdb.com/title/tt0066892/","movie",6.9,98,1971,"Comedy, Drama",13637,"1971-06-30","Mike Nichols"
273,"tt9198364","2022-09-10","2022-09-10",NA,"Three Thousand Years of Longing","https://www.imdb.com/title/tt9198364/","movie",6.7,108,2022,"Drama, Fantasy, Romance",39341,"2022-05-20","George Miller"
274,"tt0051207","2022-09-11","2022-09-11",NA,"The Wrong Man","https://www.imdb.com/title/tt0051207/","movie",7.4,105,1956,"Drama, Film-Noir",29417,"1956-12-13","Alfred Hitchcock"
275,"tt22033936","2022-09-12","2022-09-12",NA,"National Theatre Live: Straight Line Crazy","https://www.imdb.com/title/tt22033936/","movie",8.2,180,2022,"Drama",49,"2022-09-30","Nicholas Hytner"
276,"tt0338564","2022-09-16","2022-09-16",NA,"Mou gaan dou","https://www.imdb.com/title/tt0338564/","movie",8,101,2002,"Action, Crime, Drama, Mystery, Thriller",126723,"2002-12-12","Andrew Lau, Alan Mak"
277,"tt13640696","2022-09-20","2022-09-20",NA,"See How They Run","https://www.imdb.com/title/tt13640696/","movie",6.5,98,2022,"Comedy, Crime, Mystery",50662,"2022-09-08","Tom George"
278,"tt10731256","2022-09-21","2022-09-21",NA,"Don't Worry Darling","https://www.imdb.com/title/tt10731256/","movie",6.2,123,2022,"Drama, Thriller",105585,"2022-09-05","Olivia Wilde"
279,"tt9883832","2022-09-27","2022-09-27",NA,"Moonage Daydream","https://www.imdb.com/title/tt9883832/","movie",7.8,135,2022,"Documentary, Music",9559,"2022-05-23","Brett Morgen"
280,"tt0039941","2022-10-12","2022-10-12",NA,"The Unsuspected","https://www.imdb.com/title/tt0039941/","movie",7.2,103,1947,"Drama, Film-Noir, Music, Mystery, Romance, Thriller",3411,"1947-10-02","Michael Curtiz"
281,"tt0039937","2022-10-12","2022-10-12",NA,"The Unfaithful","https://www.imdb.com/title/tt0039937/","movie",6.8,109,1947,"Crime, Drama, Film-Noir, Mystery",1482,"1947-01-28","Vincent Sherman"
282,"tt0039881","2022-10-12","2022-10-12",NA,"T-Men","https://www.imdb.com/title/tt0039881/","movie",6.9,92,1947,"Crime, Film-Noir, Thriller",3707,"1947-12-25","Anthony Mann"
283,"tt0039896","2022-10-12","2022-10-12",NA,"They Won't Believe Me","https://www.imdb.com/title/tt0039896/","movie",7.2,95,1947,"Drama, Film-Noir, Romance",2806,"1947-07-10","Irving Pichel"
284,"tt0044075","2022-10-12","2022-10-12",NA,"Storm Warning","https://www.imdb.com/title/tt0044075/","movie",7.2,93,1951,"Crime, Drama, Film-Noir",1936,"1951-01-17","Stuart Heisler"
285,"tt0045161","2022-10-12","2022-10-12",NA,"The Sniper","https://www.imdb.com/title/tt0045161/","movie",7.1,88,1952,"Crime, Drama, Film-Noir, Thriller",3494,"1952-03-12","Edward Dmytryk"
286,"tt0040766","2022-10-12","2022-10-12",NA,"Secret Beyond the Door...","https://www.imdb.com/title/tt0040766/","movie",6.7,99,1947,"Drama, Film-Noir, Mystery, Romance, Thriller",5256,"1947-12-24","Fritz Lang"
287,"tt0039757","2022-10-12","2022-10-12",NA,"The Red House","https://www.imdb.com/title/tt0039757/","movie",6.7,100,1947,"Drama, Film-Noir, Mystery, Thriller",4537,"1947-02-06","Delmer Daves"
288,"tt0039748","2022-10-12","2022-10-12",NA,"Railroaded!","https://www.imdb.com/title/tt0039748/","movie",6.6,72,1947,"Crime, Drama, Film-Noir",1700,"1947-09-25","Anthony Mann"
289,"tt0043938","2022-10-12","2022-10-12",NA,"The Prowler","https://www.imdb.com/title/tt0043938/","movie",7.2,92,1951,"Drama, Film-Noir, Thriller",3653,"1951-05-23","Joseph Losey"
290,"tt0039725","2022-10-12","2022-10-12",NA,"Possessed","https://www.imdb.com/title/tt0039725/","movie",7.1,108,1947,"Crime, Drama, Film-Noir, Thriller",5643,"1947-05-29","Curtis Bernhardt"
291,"tt0043924","2022-10-12","2022-10-12",NA,"A Place in the Sun","https://www.imdb.com/title/tt0043924/","movie",7.7,122,1951,"Drama, Romance",23352,"1951-04-05","George Stevens"
292,"tt0039689","2022-10-12","2022-10-12",NA,"Out of the Past","https://www.imdb.com/title/tt0039689/","movie",8,97,1947,"Crime, Drama, Film-Noir, Romance, Thriller",38454,"1947-11-25","Jacques Tourneur"
293,"tt0040671","2022-10-12","2022-10-12",NA,"Open Secret","https://www.imdb.com/title/tt0040671/","movie",6.4,68,1948,"Crime, Drama, Film-Noir, Thriller",305,"1948-01-31","John Reinhardt"
294,"tt0043879","2022-10-12","2022-10-12",NA,"On Dangerous Ground","https://www.imdb.com/title/tt0043879/","movie",7.2,82,1951,"Drama, Film-Noir",7472,"1951-12-12","Ida Lupino, Nicholas Ray"
295,"tt0053133","2022-10-12","2022-10-12",NA,"Odds Against Tomorrow","https://www.imdb.com/title/tt0053133/","movie",7.4,96,1959,"Crime, Drama, Thriller",4953,"1959-10-13","Robert Wise"
296,"tt0039661","2022-10-12","2022-10-12",NA,"Nightmare Alley","https://www.imdb.com/title/tt0039661/","movie",7.7,110,1947,"Drama, Film-Noir",12622,"1947-10-09","Edmund Goulding"
297,"tt0039589","2022-10-12","2022-10-12",NA,"Lured","https://www.imdb.com/title/tt0039589/","movie",7,102,1947,"Crime, Drama, Film-Noir, Music, Mystery, Romance, Thriller",4144,"1947-08-28","Douglas Sirk"
298,"tt0040525","2022-10-12","2022-10-12",NA,"The Lady from Shanghai","https://www.imdb.com/title/tt0040525/","movie",7.5,87,1947,"Crime, Drama, Film-Noir, Mystery, Thriller",31336,"1947-12-24","Orson Welles"
299,"tt0039313","2022-10-12","2022-10-12",NA,"Desperate","https://www.imdb.com/title/tt0039313/","movie",6.8,73,1947,"Crime, Film-Noir, Thriller",2306,"1947-06-04","Anthony Mann"
300,"tt0038453","2022-10-12","2022-10-12",NA,"The Dark Corner","https://www.imdb.com/title/tt0038453/","movie",7.1,99,1946,"Crime, Drama, Film-Noir, Romance",4808,"1946-05-08","Henry Hathaway"
301,"tt0039286","2022-10-12","2022-10-12",NA,"Crossfire","https://www.imdb.com/title/tt0039286/","movie",7.3,86,1947,"Crime, Drama, Film-Noir, Mystery",9040,"1947-07-22","Edward Dmytryk"
302,"tt0039224","2022-10-12","2022-10-12",NA,"Brute Force","https://www.imdb.com/title/tt0039224/","movie",7.6,98,1947,"Crime, Drama, Film-Noir, Thriller",10778,"1947-07-08","Jules Dassin"
303,"tt0039211","2022-10-12","2022-10-12",NA,"Born to Kill","https://www.imdb.com/title/tt0039211/","movie",7.2,92,1947,"Crime, Drama, Film-Noir, Thriller",5582,"1947-04-30","Robert Wise"
304,"tt0039204","2022-10-12","2022-10-12",NA,"Body and Soul","https://www.imdb.com/title/tt0039204/","movie",7.6,104,1947,"Drama, Film-Noir, Sport",5085,"1947-11-06","Robert Rossen"
305,"tt0040112","2022-10-12","2022-10-12",NA,"The Argyle Secrets","https://www.imdb.com/title/tt0040112/","movie",6.3,64,1948,"Drama, Mystery, Romance, Thriller",497,"1948-05-07","Cy Endfield"
306,"tt0041113","2022-10-12","2022-10-12",NA,"All the King's Men","https://www.imdb.com/title/tt0041113/","movie",7.4,110,1949,"Drama, Film-Noir",15512,"1949-11-08","Robert Rossen"
307,"tt0040071","2022-10-12","2022-10-12",NA,"The Accused","https://www.imdb.com/title/tt0040071/","movie",6.8,101,1949,"Drama, Film-Noir, Romance, Thriller",1002,"1949-01-12","William Dieterle"
308,"tt14444726","2022-10-15","2022-10-15",NA,"Tár","https://www.imdb.com/title/tt14444726/","movie",7.5,158,2022,"Drama, Music",51202,"2022-09-01","Todd Field"
309,"tt7322224","2022-10-15","2022-10-15",NA,"Triangle of Sadness","https://www.imdb.com/title/tt7322224/","movie",7.4,147,2022,"Comedy, Drama",96178,"2022-05-21","Ruben Östlund"
310,"tt15301048","2022-10-20","2022-10-20",NA,"Argentina, 1985","https://www.imdb.com/title/tt15301048/","movie",7.6,140,2022,"Biography, Crime, Drama, History",21555,"2022-09-03","Santiago Mitre"
311,"tt11813216","2022-11-02","2022-11-02",NA,"The Banshees of Inisherin","https://www.imdb.com/title/tt11813216/","movie",7.8,114,2022,"Comedy, Drama",156419,"2022-09-05","Martin McDonagh"
312,"tt10343028","2022-11-02","2022-11-02",NA,"Armageddon Time","https://www.imdb.com/title/tt10343028/","movie",6.5,114,2022,"Drama",9948,"2022-05-19","James Gray"
313,"tt16377862","2022-11-11","2022-11-11",NA,"All That Breathes","https://www.imdb.com/title/tt16377862/","movie",7,97,2022,"Documentary",2687,"2022-01-21","Shaunak Sen"
314,"tt14176542","2022-11-20","2022-11-20",NA,"Bardo, falsa crónica de unas cuantas verdades","https://www.imdb.com/title/tt14176542/","movie",6.7,159,2022,"Comedy, Drama",11564,"2022-09-01","Alejandro G. Iñárritu"
315,"tt1488589","2022-11-26","2022-11-26",NA,"Guillermo del Toro's Pinocchio","https://www.imdb.com/title/tt1488589/","movie",7.6,117,2022,"Animation, Drama, Family, Fantasy, Musical",85969,"2022-10-15","Guillermo del Toro, Mark Gustafson"
316,"tt0083190","2022-11-27","2022-11-27",NA,"Thief","https://www.imdb.com/title/tt0083190/","movie",7.4,123,1981,"Action, Crime, Drama, Thriller",34143,"1981-03-27","Michael Mann"
317,"tt14402146","2022-12-10","2022-12-10",NA,"Empire of Light","https://www.imdb.com/title/tt14402146/","movie",6.6,115,2022,"Drama, Romance",11251,"2022-09-03","Sam Mendes"
318,"tt19652910","2022-12-14","2022-12-14",NA,"Eo","https://www.imdb.com/title/tt19652910/","movie",6.8,88,2022,"Drama",6676,"2022-05-19","Jerzy Skolimowski"
319,"tt14208870","2022-12-21","2022-12-21",NA,"The Fabelmans","https://www.imdb.com/title/tt14208870/","movie",7.6,151,2022,"Drama",67891,"2022-09-10","Steven Spielberg"
320,"tt10640346","2022-12-28","2022-12-28",NA,"Babylon","https://www.imdb.com/title/tt10640346/","movie",7.3,189,2022,"Comedy, Drama, History",86092,"2022-12-15","Damien Chazelle"
321,"tt13056052","2023-01-05","2023-01-05",NA,"Beurokeo","https://www.imdb.com/title/tt13056052/","movie",7.2,129,2022,"Comedy, Crime, Drama",9559,"2022-05-26","Kore-eda Hirokazu"
322,"tt11992694","2023-01-09","2023-01-09",NA,"Corsage","https://www.imdb.com/title/tt11992694/","movie",6.6,114,2022,"Biography, Drama, History",5992,"2022-05-20","Marie Kreutzer"
323,"tt9051908","2023-01-12","2023-01-12",NA,"Living","https://www.imdb.com/title/tt9051908/","movie",7.4,102,2022,"Drama",8045,"2022-01-21","Oliver Hermanus"
324,"tt0055728","2023-01-12","2023-01-12",NA,"Advise & Consent","https://www.imdb.com/title/tt0055728/","movie",7.7,139,1962,"Drama, Thriller",7217,"1962-05-08","Otto Preminger"
325,"tt21307994","2023-01-16","2023-01-16",NA,"Skinamarink","https://www.imdb.com/title/tt21307994/","movie",5.1,100,2022,"Horror",7885,"2022-07-25","Kyle Edward Ball"
326,"tt13669038","2023-01-21","2023-01-21",NA,"Women Talking","https://www.imdb.com/title/tt13669038/","movie",7,104,2022,"Drama",14461,"2022-09-02","Sarah Polley"
327,"tt0036855","2023-01-31","2023-01-31",NA,"Gaslight","https://www.imdb.com/title/tt0036855/","movie",7.8,114,1944,"Crime, Drama, Mystery, Romance, Thriller",30599,"1944-05-04","George Cukor"
328,"tt1016150","2023-02-01","2023-02-01",NA,"Im Westen nichts Neues","https://www.imdb.com/title/tt1016150/","movie",7.8,148,2022,"Action, Drama, War",159613,"2022-09-12","Edward Berger"
329,"tt0094625","2023-02-03","2023-02-03",NA,"Akira","https://www.imdb.com/title/tt0094625/","movie",8,124,1988,"Animation, Action, Drama, Fantasy, Sci-Fi, Thriller",190703,"1988-07-16","Katsuhiro Ôtomo"
330,"tt9660502","2023-02-06","2023-02-06",NA,"Close","https://www.imdb.com/title/tt9660502/","movie",7.9,104,2022,"Drama",12721,"2022-05-26","Lukas Dhont"
331,"tt0031885","2023-02-17","2023-02-17",NA,"La règle du jeu","https://www.imdb.com/title/tt0031885/","movie",7.9,110,1939,"Comedy, Drama",29850,"1939-07-08","Jean Renoir"
332,"tt0070334","2023-02-17","2023-02-17",NA,"The Long Goodbye","https://www.imdb.com/title/tt0070334/","movie",7.5,112,1973,"Comedy, Crime, Drama, Mystery, Thriller",32839,"1973-03-07","Robert Altman"
333,"tt19770238","2023-02-17","2023-02-17",NA,"Aftersun","https://www.imdb.com/title/tt19770238/","movie",7.7,102,2022,"Drama",45382,"2022-05-21","Charlotte Wells"
334,"tt15255876","2023-02-17","2023-02-17",NA,"Emily the Criminal","https://www.imdb.com/title/tt15255876/","movie",6.7,97,2022,"Crime, Drama, Thriller",37095,"2022-01-24","John Patton Ford"
335,"tt21374850","2023-02-17","2023-02-17",NA,"All the Beauty and the Bloodshed","https://www.imdb.com/title/tt21374850/","movie",7.7,122,2022,"Documentary",2120,"2022-09-03","Laura Poitras"
336,"tt12477480","2023-02-17","2023-02-17",NA,"Heojil kyolshim","https://www.imdb.com/title/tt12477480/","movie",7.3,139,2022,"Crime, Drama, Mystery, Romance, Thriller",36026,"2022-05-23","Park Chan-wook"
337,"tt16227014","2023-02-17","2023-02-17",NA,"Fire of Love","https://www.imdb.com/title/tt16227014/","movie",7.6,98,2022,"Documentary, Biography",9394,"2022-01-20","Sara Dosa"
338,"tt16376494","2023-02-17","2023-02-17",NA,"Descendant","https://www.imdb.com/title/tt16376494/","movie",7.1,109,2022,"Documentary, History",1091,"2022-01-22","Margaret Brown"
339,"tt8633464","2023-02-17","2023-02-17",NA,"After Yang","https://www.imdb.com/title/tt8633464/","movie",6.7,96,2021,"Drama, Sci-Fi",17335,"2021-07-08","Kogonada"
340,"tt20205236","2023-02-17","2023-02-17",NA,"Khers nist","https://www.imdb.com/title/tt20205236/","movie",7.5,106,2022,"Drama",1038,"2022-09-09","Jafar Panahi"
341,"tt20115114","2023-02-19","2023-02-19",NA,"An Ostrich Told Me the World Is Fake and I Think I Believe It","https://www.imdb.com/title/tt20115114/","short",7.2,11,2022,"Animation, Short, Comedy, Fantasy",1054,"2022-06-07","Lachlan Pendragon"
342,"tt22667880","2023-02-19","2023-02-19",NA,"The Boy, the Mole, the Fox and the Horse","https://www.imdb.com/title/tt22667880/","short",7.8,32,2022,"Animation, Short, Adventure, Comedy, Drama, Family, Fantasy",8921,"2022-09-23","Charlie Mackesy, Peter Baynton"
343,"tt20240228","2023-02-19","2023-02-19",NA,"The Flying Sailor","https://www.imdb.com/title/tt20240228/","short",6,8,2022,"Animation, Short",1500,"2022-06-13","Wendy Tilby, Amanda Forbis"
344,"tt19781688","2023-02-19","2023-02-19",NA,"Ice Merchants","https://www.imdb.com/title/tt19781688/","short",7.5,14,2022,"Animation, Short, Drama, Fantasy",1487,"2022-05-24","João Gonzalez"
345,"tt17663790","2023-02-19","2023-02-19",NA,"My Year of Dicks","https://www.imdb.com/title/tt17663790/","short",7.2,24,2022,"Animation, Short, Comedy, Romance",1535,"2022-03-13","Sara Gunnarsdóttir"
346,"tt17162620","2023-02-20","2023-02-20",NA,"Haulout","https://www.imdb.com/title/tt17162620/","short",7.2,25,2022,"Documentary, Short",985,"2022-02-28","Maxim Arbugaev, Evgenia Arbugaeva"
347,"tt15026956","2023-02-20","2023-02-20",NA,"How Do You Measure a Year?","https://www.imdb.com/title/tt15026956/","short",6.8,29,2021,"Documentary, Short",380,"2021-08-13","Jay Rosenblatt"
348,"tt20784118","2023-02-20","2023-02-20",NA,"Stranger at the Gate","https://www.imdb.com/title/tt20784118/","short",6.7,29,2022,"Documentary, Short",1119,"2022-06-11","Joshua Seftel"
349,"tt23628262","2023-02-20","2023-02-20",NA,"The Elephant Whisperers","https://www.imdb.com/title/tt23628262/","short",7.3,41,2022,"Documentary, Short",3256,"2022-12-08","Kartiki Gonsalves"
350,"tt16379454","2023-02-20","2023-02-20",NA,"The Martha Mitchell Effect","https://www.imdb.com/title/tt16379454/","short",6.6,40,2022,"Documentary, Short, History",2033,"2022-01-17","Anne Alvergue, Debra McClutchy"
351,"tt0037988","2023-02-22","2023-02-22",NA,"The Picture of Dorian Gray","https://www.imdb.com/title/tt0037988/","movie",7.5,110,1945,"Drama, Fantasy, Horror, Mystery, Romance, Thriller",13658,"1945-03-01","Albert Lewin"
352,"tt0056218","2023-03-05","2023-03-05",NA,"The Manchurian Candidate","https://www.imdb.com/title/tt0056218/","movie",7.9,126,1962,"Drama, Thriller",76763,"1962-10-24","John Frankenheimer"
353,"tt0065571","2023-03-07","2023-03-07",NA,"Il conformista","https://www.imdb.com/title/tt0065571/","movie",7.9,113,1970,"Drama",31553,"1970-07-01","Bernardo Bertolucci"
