"Const","Writer","Actors","Plot","Language","Country","Awards","Poster","Rotten Tomatoes","Your.Rating","Date.Rated","Title","URL","Title.Type","IMDb.Rating","Runtime..mins.","Year","Genres","Num.Votes","Release.Date","Directors","AFI","Theater","Service","Decade","Seen"
"tt0033467","Herman J. Mankiewicz, Orson Welles, John Houseman","Orson Welles, Joseph Cotten, Dorothy Comingore","Following the death of publishing tycoon Charles Foster Kane, reporters scramble to uncover the meaning of his final utterance; 'Rosebud'.","English, Italian","United States","Won 1 Oscar. 11 wins & 13 nominations total","https://m.media-amazon.com/images/M/MV5BYjBiOTYxZWItMzdiZi00NjlkLWIzZTYtYmFhZjhiMTljOTdkXkEyXkFqcGdeQXVyNzkwMjQ5NzM@._V1_SX300.jpg","99%",8,"2021-07-09","Citizen Kane","https://www.imdb.com/title/tt0033467/","movie",8.3,119,1941,"Drama, Mystery",455251,"1941-05-01","Orson Welles","2021-08-14",NA,NA,"1940s","Yes"
"tt0034583","Julius J. Epstein, Philip G. Epstein, Howard Koch","Humphrey Bogart, Ingrid Bergman, Paul Henreid","A cynical expatriate American cafe owner struggles to decide whether or not to help his former lover and her fugitive husband escape the Nazis in French Morocco.","English, French, German, Italian","United States","Won 3 Oscars. 10 wins & 9 nominations total","https://m.media-amazon.com/images/M/MV5BY2IzZGY2YmEtYzljNS00NTM5LTgwMzUtMzM1NjQ4NGI0OTk0XkEyXkFqcGdeQXVyNDYyMDk5MTU@._V1_SX300.jpg","99%",9,"2021-07-09","Casablanca","https://www.imdb.com/title/tt0034583/","movie",8.5,102,1942,"Drama, Romance, War",590543,"1942-11-26","Michael Curtiz","2021-08-14",NA,NA,"1940s","Yes"
"tt0068646","Mario Puzo, Francis Ford Coppola","Marlon Brando, Al Pacino, James Caan","The Godfather follows Vito Corleone, Don of the Corleone family, as he passes the mantle to his unwilling son, Michael.","English, Italian, Latin","United States","Won 3 Oscars. 31 wins & 30 nominations total","https://m.media-amazon.com/images/M/MV5BM2MyNjYxNmUtYTAwNi00MTYxLWJmNWYtYzZlODY3ZTk3OTFlXkEyXkFqcGdeQXVyNzkwMjQ5NzM@._V1_SX300.jpg","97%",8,"2021-07-09","The Godfather","https://www.imdb.com/title/tt0068646/","movie",9.2,175,1972,"Crime, Drama",1944112,"1972-03-14","Francis Ford Coppola","2022-06-21",NA,"Prime","1970s","Yes"
"tt0031381","Margaret Mitchell, Sidney Howard, Oliver H.P. Garrett","Clark Gable, Vivien Leigh, Thomas Mitchell","The manipulative daughter of a Georgia plantation owner conducts a turbulent romance with a roguish profiteer during the American Civil War and Reconstruction periods.","English","United States","Won 10 Oscars. 21 wins & 12 nominations total","https://m.media-amazon.com/images/M/MV5BYjUyZWZkM2UtMzYxYy00ZmQ3LWFmZTQtOGE2YjBkNjA3YWZlXkEyXkFqcGdeQXVyNzkwMjQ5NzM@._V1_SX300.jpg","90%",7,"2022-01-16","Gone with the Wind","https://www.imdb.com/title/tt0031381/","movie",8.2,238,1939,"Drama, Romance, War",325915,"1939-12-15","Sam Wood, George Cukor, Victor Fleming",NA,NA,NA,"1930s","Yes"
"tt0056172","Robert Bolt, Michael Wilson","Peter O'Toole, Alec Guinness, Anthony Quinn","The story of T.E. Lawrence, the English officer who successfully united and led the diverse, often warring, Arab tribes during World War I in order to fight the Turks.","English, Arabic, Turkish","United Kingdom","Won 7 Oscars. 31 wins & 14 nominations total","https://m.media-amazon.com/images/M/MV5BYWY5ZjhjNGYtZmI2Ny00ODM0LWFkNzgtZmI1YzA2N2MxMzA0XkEyXkFqcGdeQXVyNjUwNzk3NDc@._V1_SX300.jpg","94%",9,"2021-07-09","Lawrence of Arabia","https://www.imdb.com/title/tt0056172/","movie",8.3,218,1962,"Adventure, Biography, Drama, War",304939,"1962-12-10","David Lean","2021-08-17",NA,NA,"1960s","Yes"
"tt0032138","Noel Langley, Florence Ryerson, Edgar Allan Woolf","Judy Garland, Frank Morgan, Ray Bolger","Young Dorothy Gale and her dog are swept away by a tornado from their Kansas farm to the magical Land of Oz, and embark on a quest with three new friends to see the Wizard, who can return her to her home and fulfill the others' wishe","English","United States","Won 2 Oscars. 13 wins & 16 nominations total","https://m.media-amazon.com/images/M/MV5BNjUyMTc4MDExMV5BMl5BanBnXkFtZTgwNDg0NDIwMjE@._V1_SX300.jpg","98%",10,"2021-07-09","The Wizard of Oz","https://www.imdb.com/title/tt0032138/","movie",8.1,102,1939,"Adventure, Family, Fantasy, Musical",415578,"1939-08-10","Mervyn LeRoy, Norman Taurog, King Vidor, George Cukor, Richard Thorpe, Victor Fleming",NA,"2022-06-05",NA,"1930s","Yes"
"tt0061722","Calder Willingham, Buck Henry, Charles Webb","Dustin Hoffman, Anne Bancroft, Katharine Ross","A disillusioned college graduate finds himself torn between his older lover and her daughter.","English","United States","Won 1 Oscar. 21 wins & 21 nominations total","https://m.media-amazon.com/images/M/MV5BMTQ0ODc4MDk4Nl5BMl5BanBnXkFtZTcwMTEzNzgzNA@@._V1_SX300.jpg","87%",8,"2021-07-09","The Graduate","https://www.imdb.com/title/tt0061722/","movie",8,106,1967,"Comedy, Drama, Romance",282833,"1967-12-20","Mike Nichols",NA,NA,"Prime","1960s","Yes"
"tt0047296","Budd Schulberg, Malcolm Johnson, Robert Siodmak","Marlon Brando, Karl Malden, Lee J. Cobb","An ex-prize fighter turned New Jersey longshoreman struggles to stand up to his corrupt union bosses, including his older brother, as he starts to connect with the grieving sister of one of the syndicate's victims.","English","United States","Won 8 Oscars. 30 wins & 9 nominations total","https://m.media-amazon.com/images/M/MV5BY2I0MWFiZDMtNWQyYy00Njk5LTk3MDktZjZjNTNmZmVkYjkxXkEyXkFqcGdeQXVyNjc1NTYyMjg@._V1_SX300.jpg","99%",9,"2022-08-06","On the Waterfront","https://www.imdb.com/title/tt0047296/","movie",8.1,108,1954,"Crime, Drama, Thriller",160349,"1954-06-22","Elia Kazan","2022-07-05",NA,NA,"1950s","Yes"
"tt0108052","Thomas Keneally, Steven Zaillian","Liam Neeson, Ralph Fiennes, Ben Kingsley","In German-occupied Poland during World War II, industrialist Oskar Schindler gradually becomes concerned for his Jewish workforce after witnessing their persecution by the Nazis.","English, Hebrew, German, Polish, Latin","United States","Won 7 Oscars. 91 wins & 49 nominations total","https://m.media-amazon.com/images/M/MV5BNDE4OTMxMTctNmRhYy00NWE2LTg3YzItYTk3M2UwOTU5Njg4XkEyXkFqcGdeQXVyNjU0OTQ0OTY@._V1_SX300.jpg","98%",8,"2021-07-09","Schindler's List","https://www.imdb.com/title/tt0108052/","movie",9,195,1993,"Biography, Drama, History",1403741,"1993-11-30","Steven Spielberg",NA,NA,NA,"1990s","Yes"
"tt0045152","Betty Comden, Adolph Green","Gene Kelly, Donald O'Connor, Debbie Reynolds","A silent film star falls for a chorus girl just as he and his delusionally jealous screen partner are trying to make the difficult transition to talking pictures in 1920s Hollywood.","English","United States","Nominated for 2 Oscars. 7 wins & 9 nominations total","https://m.media-amazon.com/images/M/MV5BZDRjNGViMjQtOThlMi00MTA3LThkYzQtNzJkYjBkMGE0YzE1XkEyXkFqcGdeQXVyNDYyMDk5MTU@._V1_SX300.jpg","100%",6,"2021-11-04","Singin' in the Rain","https://www.imdb.com/title/tt0045152/","movie",8.3,103,1952,"Comedy, Musical, Romance",252468,"1952-03-27","Gene Kelly, Stanley Donen","2023-07-18",NA,NA,"1950s","Yes"
"tt0038650","Frances Goodrich, Albert Hackett, Frank Capra","James Stewart, Donna Reed, Lionel Barrymore","An angel is sent from Heaven to help a desperately frustrated businessman by showing him what life would have been like if he had never existed.","English, French","United States","Nominated for 5 Oscars. 6 wins & 6 nominations total","https://m.media-amazon.com/images/M/MV5BZjc4NDZhZWMtNGEzYS00ZWU2LThlM2ItNTA0YzQ0OTExMTE2XkEyXkFqcGdeQXVyNjUwMzI2NzU@._V1_SX300.jpg","94%",8,"2021-07-09","It's a Wonderful Life","https://www.imdb.com/title/tt0038650/","movie",8.6,130,1946,"Drama, Family, Fantasy, Romance",477833,"1946-12-20","Frank Capra",NA,NA,"Prime","1940s","Yes"
"tt0043014","Charles Brackett, Billy Wilder, D.M. Marshman Jr.","William Holden, Gloria Swanson, Erich von Stroheim","A screenwriter develops a dangerous relationship with a faded film star determined to make a triumphant return.","English","United States","Won 3 Oscars. 18 wins & 20 nominations total","https://m.media-amazon.com/images/M/MV5BMTU0NTkyNzYwMF5BMl5BanBnXkFtZTgwMDU0NDk5MTI@._V1_SX300.jpg","98%",8,"2021-07-09","Sunset Blvd.","https://www.imdb.com/title/tt0043014/","movie",8.4,110,1950,"Drama, Film-Noir",229845,"1950-08-04","Billy Wilder",NA,NA,NA,"1950s","Yes"
"tt0050212","Pierre Boulle, Carl Foreman, Michael Wilson","William Holden, Alec Guinness, Jack Hawkins","British POWs are forced to build a railway bridge across the river Kwai for their Japanese captors in occupied Burma, not knowing that the allied forces are planning a daring commando raid through the jungle to destroy it.","English, Japanese, Thai","United Kingdom, United States","Won 7 Oscars. 30 wins & 8 nominations total","https://m.media-amazon.com/images/M/MV5BOGY5NmNlMmQtYzRlYy00NGQ5LWFkYjYtNzExZmQyMTg0ZDA0XkEyXkFqcGdeQXVyNDIzMzcwNjc@._V1_SX300.jpg","96%",7,"2021-09-16","The Bridge on the River Kwai","https://www.imdb.com/title/tt0050212/","movie",8.1,161,1957,"Adventure, Drama, War",227958,"1957-10-02","David Lean",NA,NA,NA,"1950s","Yes"
"tt0053291","Billy Wilder, I.A.L. Diamond, Robert Thoeren","Marilyn Monroe, Tony Curtis, Jack Lemmon","After two male musicians witness a mob hit, they flee the state in an all-female band disguised as women, but further complications set in.","English","United States","Won 1 Oscar. 15 wins & 15 nominations total","https://m.media-amazon.com/images/M/MV5BNzAyOGIxYjAtMGY2NC00ZTgyLWIwMWEtYzY0OWQ4NDFjOTc5XkEyXkFqcGdeQXVyNjU0OTQ0OTY@._V1_SX300.jpg","94%",8,"2021-07-09","Some Like It Hot","https://www.imdb.com/title/tt0053291/","movie",8.2,121,1959,"Comedy, Music, Romance",276255,"1959-03-19","Billy Wilder",NA,NA,NA,"1950s","Yes"
"tt0076759","George Lucas","Mark Hamill, Harrison Ford, Carrie Fisher","Luke Skywalker joins forces with a Jedi Knight, a cocky pilot, a Wookiee and two droids to save the galaxy from the Empire's world-destroying battle station, while also attempting to rescue Princess Leia from the mysterious Darth Vad","English","United States","Won 7 Oscars. 63 wins & 29 nominations total","https://m.media-amazon.com/images/M/MV5BNzVlY2MwMjktM2E4OS00Y2Y3LWE3ZjctYzhkZGM3YzA1ZWM2XkEyXkFqcGdeQXVyNzkwMjQ5NzM@._V1_SX300.jpg","92%",7,"2022-05-05","Star Wars","https://www.imdb.com/title/tt0076759/","movie",8.6,121,1977,"Action, Adventure, Fantasy, Sci-Fi",1410430,"1977-05-25","George Lucas","2022-03-18",NA,NA,"1970s","Yes"
"tt0042192","Joseph L. Mankiewicz, Mary Orr","Bette Davis, Anne Baxter, George Sanders","A seemingly timid but secretly ruthless ingénue insinuates herself into the lives of an aging Broadway star and her circle of theater friends.","English, French","United States","Won 6 Oscars. 26 wins & 20 nominations total","https://m.media-amazon.com/images/M/MV5BMTY2MTAzODI5NV5BMl5BanBnXkFtZTgwMjM4NzQ0MjE@._V1_SX300.jpg","99%",9,"2023-07-14","All About Eve","https://www.imdb.com/title/tt0042192/","movie",8.2,138,1950,"Drama",135506,"1950-10-13","Joseph L. Mankiewicz",NA,NA,NA,"1950s","Yes"
"tt0043265","C.S. Forester, James Agee, John Huston","Humphrey Bogart, Katharine Hepburn, Robert Morley","In WWI East Africa, a gin-swilling Canadian riverboat captain is persuaded by a strait-laced English missionary to undertake a trip up a treacherous river and use his boat to attack a German gunship.","English, German, Swahili","United Kingdom, United States","Won 1 Oscar. 5 wins & 8 nominations total","https://m.media-amazon.com/images/M/MV5BYzM3YjE2NGMtODY3Zi00NTY0LWE4Y2EtMTE5YzNmM2U1NTg2XkEyXkFqcGdeQXVyMTY5Nzc4MDY@._V1_SX300.jpg","98%",8,"2021-07-09","The African Queen","https://www.imdb.com/title/tt0043265/","movie",7.7,105,1951,"Adventure, Drama, Romance, War",82184,"1951-12-26","John Huston",NA,NA,NA,"1950s","Yes"
"tt0054215","Joseph Stefano, Robert Bloch","Anthony Perkins, Janet Leigh, Vera Miles","A Phoenix secretary embezzles $40,000 from her employer's client, goes on the run, and checks into a remote motel run by a young man under the domination of his mother.","English","United States","Nominated for 4 Oscars. 7 wins & 14 nominations total","https://m.media-amazon.com/images/M/MV5BNTQwNDM1YzItNDAxZC00NWY2LTk0M2UtNDIwNWI5OGUyNWUxXkEyXkFqcGdeQXVyNzkwMjQ5NzM@._V1_SX300.jpg","96%",8,"2021-07-09","Psycho","https://www.imdb.com/title/tt0054215/","movie",8.5,109,1960,"Horror, Mystery, Thriller",696682,"1960-06-16","Alfred Hitchcock",NA,NA,NA,"1960s","Yes"
"tt0071315","Robert Towne, Roman Polanski","Jack Nicholson, Faye Dunaway, John Huston","A private detective hired to expose an adulterer in 1930s Los Angeles finds himself caught up in a web of deceit, corruption, and murder.","English, Cantonese, Spanish","United States","Won 1 Oscar. 21 wins & 24 nominations total","https://m.media-amazon.com/images/M/MV5BOGMwYmY5ZmEtMzY1Yi00OWJiLTk1Y2MtMzI2MjBhYmZkNTQ0XkEyXkFqcGdeQXVyNzkwMjQ5NzM@._V1_SX300.jpg","99%",8,"2022-01-13","Chinatown","https://www.imdb.com/title/tt0071315/","movie",8.2,130,1974,"Drama, Mystery, Thriller",338968,"1974-06-19","Roman Polanski",NA,NA,"Prime","1970s","Yes"
"tt0073486","Lawrence Hauben, Bo Goldman, Ken Kesey","Jack Nicholson, Louise Fletcher, Michael Berryman","A criminal pleads insanity and is admitted to a mental institution, where he rebels against the oppressive nurse and rallies up the scared patients.","English","United States","Won 5 Oscars. 38 wins & 16 nominations total","https://m.media-amazon.com/images/M/MV5BZjA0OWVhOTAtYWQxNi00YzNhLWI4ZjYtNjFjZTEyYjJlNDVlL2ltYWdlL2ltYWdlXkEyXkFqcGdeQXVyMTQxNzMzNDI@._V1_SX300.jpg","94%",10,"2023-05-07","One Flew Over the Cuckoo's Nest","https://www.imdb.com/title/tt0073486/","movie",8.7,133,1975,"Drama",1041173,"1975-11-19","Milos Forman",NA,NA,NA,"1970s","Yes"
"tt0032551","Nunnally Johnson, John Steinbeck","Henry Fonda, Jane Darwell, John Carradine","An Oklahoma family driven off their farm by the poverty and hopelessness of the Dust Bowl joins the westward migration to California, suffering the misfortunes of the homeless in the Great Depression.","English","United States","Won 2 Oscars. 10 wins & 5 nominations total","https://m.media-amazon.com/images/M/MV5BNzJiOGI2MjctYjUyMS00ZjkzLWE2ZmUtOTg4NTZkOTNhZDc1L2ltYWdlXkEyXkFqcGdeQXVyNjc1NTYyMjg@._V1_SX300.jpg","100%",7,"2023-08-29","The Grapes of Wrath","https://www.imdb.com/title/tt0032551/","movie",8.1,129,1940,"Drama",97326,"1940-01-24","John Ford",NA,NA,NA,"1940s","Yes"
"tt0062622","Stanley Kubrick, Arthur C. Clarke","Keir Dullea, Gary Lockwood, William Sylvester","The Monoliths push humanity to reach for the stars; after their discovery in Africa generations ago, the mysterious objects lead mankind on an awesome journey to Jupiter, with the help of H.A.L. 9000: the world's greatest supercomput","English, Russian, French","United Kingdom, United States","Won 1 Oscar. 16 wins & 12 nominations total","https://m.media-amazon.com/images/M/MV5BMmNlYzRiNDctZWNhMi00MzI4LThkZTctMTUzMmZkMmFmNThmXkEyXkFqcGdeQXVyNzkwMjQ5NzM@._V1_SX300.jpg","92%",10,"2021-07-09","2001: A Space Odyssey","https://www.imdb.com/title/tt0062622/","movie",8.3,149,1968,"Adventure, Sci-Fi",695861,"1968-04-02","Stanley Kubrick","2021-09-11",NA,NA,"1960s","Yes"
"tt0033870","John Huston, Dashiell Hammett","Humphrey Bogart, Mary Astor, Gladys George","San Francisco private detective Sam Spade takes on a case that involves him with three eccentric criminals, a gorgeous liar, and their quest for a priceless statuette, with the stakes rising after his partner is murdered.","English","United States","Nominated for 3 Oscars. 5 wins & 3 nominations total","https://m.media-amazon.com/images/M/MV5BZjIwNGM1ZTUtOThjYS00NDdiLTk2ZDYtNGY5YjJkNzliM2JjL2ltYWdlL2ltYWdlXkEyXkFqcGdeQXVyMDI2NDg0NQ@@._V1_SX300.jpg","100%",8,"2021-07-09","The Maltese Falcon","https://www.imdb.com/title/tt0033870/","movie",8,100,1941,"Crime, Film-Noir, Mystery, Romance",163546,"1941-10-03","John Huston","2021-08-14",NA,NA,"1940s","Yes"
"tt0081398","Jake LaMotta, Joseph Carter, Peter Savage","Robert De Niro, Cathy Moriarty, Joe Pesci","The life of boxer Jake LaMotta, whose violence and temper that led him to the top in the ring destroyed his life outside of it.","English","United States","Won 2 Oscars. 24 wins & 28 nominations total","https://m.media-amazon.com/images/M/MV5BYjRmODkzNDItMTNhNi00YjJlLTg0ZjAtODlhZTM0YzgzYThlXkEyXkFqcGdeQXVyNzQ1ODk3MTQ@._V1_SX300.jpg","94%",NA,NA,"Raging Bull","https://www.imdb.com/title/tt0081398/","movie",8.1,129,1980,"Biography, Drama, Sport",368044,"1980-11-13","Martin Scorsese",NA,NA,NA,"1980s","No"
"tt0083866","Melissa Mathison","Henry Thomas, Drew Barrymore, Peter Coyote","A troubled child summons the courage to help a friendly alien escape Earth and return to his home world.","English","United States","Won 4 Oscars. 52 wins & 36 nominations total","https://m.media-amazon.com/images/M/MV5BMTQ2ODFlMDAtNzdhOC00ZDYzLWE3YTMtNDU4ZGFmZmJmYTczXkEyXkFqcGdeQXVyMTQxNzMzNDI@._V1_SX300.jpg","99%",8,"2021-07-09","E.T. the Extra-Terrestrial","https://www.imdb.com/title/tt0083866/","movie",7.9,115,1982,"Adventure, Family, Sci-Fi",425497,"1982-05-26","Steven Spielberg",NA,NA,NA,"1980s","Yes"
"tt0057012","Stanley Kubrick, Terry Southern, Peter George","Peter Sellers, George C. Scott, Sterling Hayden","An insane American general orders a bombing attack on the Soviet Union, triggering a path to nuclear holocaust that a war room full of politicians and generals frantically tries to stop.","English, Russian","United Kingdom, United States","Nominated for 4 Oscars. 14 wins & 11 nominations total","https://m.media-amazon.com/images/M/MV5BZWI3ZTMxNjctMjdlNS00NmUwLWFiM2YtZDUyY2I3N2MxYTE0XkEyXkFqcGdeQXVyNzkwMjQ5NzM@._V1_SX300.jpg","98%",8,"2021-09-19","Dr. Strangelove or: How I Learned to Stop Worrying and Love the Bomb","https://www.imdb.com/title/tt0057012/","movie",8.4,95,1964,"Comedy, War",505682,"1964-01-29","Stanley Kubrick","2021-09-17",NA,NA,"1960s","Yes"
"tt0061418","David Newman, Robert Benton, Robert Towne","Warren Beatty, Faye Dunaway, Michael J. Pollard","Bored waitress Bonnie Parker falls in love with an ex-con named Clyde Barrow and together they start a violent crime spree through the country, stealing cars and robbing banks.","English","United States","Won 2 Oscars. 23 wins & 30 nominations total","https://m.media-amazon.com/images/M/MV5BOTViZmMwOGEtYzc4Yy00ZGQ1LWFkZDQtMDljNGZlMjAxMjhiXkEyXkFqcGdeQXVyNzM0MTUwNTY@._V1_SX300.jpg","88%",8,"2021-09-17","Bonnie and Clyde","https://www.imdb.com/title/tt0061418/","movie",7.7,111,1967,"Action, Biography, Crime, Drama",117609,"1967-08-04","Arthur Penn",NA,NA,NA,"1960s","Yes"
"tt0078788","John Milius, Francis Ford Coppola, Michael Herr","Martin Sheen, Marlon Brando, Robert Duvall","A U.S. Army officer serving in Vietnam is tasked with assassinating a renegade Special Forces Colonel who sees himself as a god.","English, French, Vietnamese","United States","Won 2 Oscars. 21 wins & 33 nominations total","https://m.media-amazon.com/images/M/MV5BMDdhODg0MjYtYzBiOS00ZmI5LWEwZGYtZDEyNDU4MmQyNzFkXkEyXkFqcGdeQXVyNzkwMjQ5NzM@._V1_SX300.jpg","98%",9,"2021-07-09","Apocalypse Now","https://www.imdb.com/title/tt0078788/","movie",8.4,147,1979,"Drama, Mystery, War",690251,"1979-05-19","Francis Ford Coppola","2022-06-21",NA,NA,"1970s","Yes"
"tt0031679","Sidney Buchman, Lewis R. Foster, Myles Connolly","James Stewart, Jean Arthur, Claude Rains","A naive youth leader is appointed to fill a vacancy in the U.S. Senate. His idealistic plans promptly collide with corruption at home and subterfuge from his hero in Washington, but he tries to forge ahead despite attacks on his char","English","United States","Won 1 Oscar. 6 wins & 16 nominations total","https://m.media-amazon.com/images/M/MV5BZTYwYjYxYzgtMDE1Ni00NzU4LWJlMTEtODQ5YmJmMGJhZjI5L2ltYWdlXkEyXkFqcGdeQXVyMDI2NDg0NQ@@._V1_SX300.jpg","85%",8,"2022-05-21","Mr. Smith Goes to Washington","https://www.imdb.com/title/tt0031679/","movie",8.1,129,1939,"Comedy, Drama",118785,"1939-10-17","Frank Capra","2022-05-19",NA,NA,"1930s","Yes"
"tt0040897","John Huston, B. Traven","Humphrey Bogart, Walter Huston, Tim Holt","Two down-on-their-luck Americans searching for work in 1920s Mexico convince an old prospector to help them mine for gold in the Sierra Madre Mountains.","English, Spanish","United States","Won 3 Oscars. 16 wins & 8 nominations total","https://m.media-amazon.com/images/M/MV5BOTJlZWMxYzEtMjlkMS00ODE0LThlM2ItMDI3NGQ2YjhmMzkxXkEyXkFqcGdeQXVyMDI2NDg0NQ@@._V1_SX300.jpg","100%",7,"2022-04-06","The Treasure of the Sierra Madre","https://www.imdb.com/title/tt0040897/","movie",8.2,126,1947,"Adventure, Drama, Western",129423,"1947-12-31","John Huston",NA,NA,NA,"1940s","Yes"
"tt0075686","Woody Allen, Marshall Brickman","Woody Allen, Diane Keaton, Tony Roberts","Alvy Singer, a divorced Jewish comedian, reflects on his relationship with ex-lover Annie Hall, an aspiring nightclub singer, which ended abruptly just like his previous marriages.","English, German","United States","Won 4 Oscars. 31 wins & 8 nominations total","https://m.media-amazon.com/images/M/MV5BZDg1OGQ4YzgtM2Y2NS00NjA3LWFjYTctMDRlMDI3NWE1OTUyXkEyXkFqcGdeQXVyMjUzOTY1NTc@._V1_SX300.jpg","96%",8,"2023-08-23","Annie Hall","https://www.imdb.com/title/tt0075686/","movie",8,93,1977,"Comedy, Romance",272303,"1977-03-27","Woody Allen",NA,NA,NA,"1970s","Yes"
"tt0071562","Francis Ford Coppola, Mario Puzo","Al Pacino, Robert De Niro, Robert Duvall","The early life and career of Vito Corleone in 1920s New York City is portrayed, while his son, Michael, expands and tightens his grip on the family crime syndicate.","English, Italian, Spanish, Latin, Sicilian","United States","Won 6 Oscars. 17 wins & 20 nominations total","https://m.media-amazon.com/images/M/MV5BMWMwMGQzZTItY2JlNC00OWZiLWIyMDctNDk2ZDQ2YjRjMWQ0XkEyXkFqcGdeQXVyNzkwMjQ5NzM@._V1_SX300.jpg","96%",9,"2021-07-09","The Godfather Part II","https://www.imdb.com/title/tt0071562/","movie",9,202,1974,"Crime, Drama",1320806,"1974-12-12","Francis Ford Coppola",NA,NA,NA,"1970s","Yes"
"tt0044706","Carl Foreman, John W. Cunningham","Gary Cooper, Grace Kelly, Thomas Mitchell","A town Marshal, despite the disagreements of his newlywed bride and the townspeople around him, must face a gang of deadly killers alone at high noon when the gang leader, an outlaw he sent up years ago, arrives on the noon train.","English, Spanish","United States","Won 4 Oscars. 17 wins & 11 nominations total","https://m.media-amazon.com/images/M/MV5BOWIzZGUxZmItOThkMS00Y2QxLTg0MTYtMDdhMjRlNTNlYTI3L2ltYWdlXkEyXkFqcGdeQXVyNjc1NTYyMjg@._V1_SX300.jpg","95%",NA,NA,"High Noon","https://www.imdb.com/title/tt0044706/","movie",8,85,1952,"Drama, Thriller, Western",107934,"1952-05-01","Fred Zinnemann",NA,NA,NA,"1950s","No"
"tt0056592","Harper Lee, Horton Foote","Gregory Peck, John Megna, Frank Overton","Atticus Finch, a widowed lawyer in Depression-era Alabama, defends a black man against an undeserved rape charge, and his children against prejudice.","English","United States","Won 3 Oscars. 14 wins & 16 nominations total","https://m.media-amazon.com/images/M/MV5BNmVmYzcwNzMtMWM1NS00MWIyLThlMDEtYzUwZDgzODE1NmE2XkEyXkFqcGdeQXVyNzkwMjQ5NzM@._V1_SX300.jpg","93%",8,"2021-07-09","To Kill a Mockingbird","https://www.imdb.com/title/tt0056592/","movie",8.3,129,1962,"Crime, Drama",325561,"1962-12-25","Robert Mulligan",NA,NA,NA,"1960s","Yes"
"tt0025316","Robert Riskin, Samuel Hopkins Adams","Clark Gable, Claudette Colbert, Walter Connolly","A renegade reporter trailing a young runaway heiress for a big story joins her on a bus heading from Florida to New York, and they end up stuck with each other when the bus leaves them behind at one of the stops.","English","United States","Won 5 Oscars. 11 wins & 2 nominations total","https://m.media-amazon.com/images/M/MV5BYzJmMWE5NjAtNWMyZS00NmFiLWIwMDgtZDE2NzczYWFhNzIzXkEyXkFqcGdeQXVyNjc1NTYyMjg@._V1_SX300.jpg","99%",8,"2022-07-18","It Happened One Night","https://www.imdb.com/title/tt0025316/","movie",8.1,105,1934,"Comedy, Romance",108692,"1934-02-18","Frank Capra","2022-07-09",NA,NA,"1930s","Yes"
"tt0064665","Waldo Salt, James Leo Herlihy","Dustin Hoffman, Jon Voight, Sylvia Miles","A naive hustler travels from Texas to New York City to seek personal fortune, finding a new friend in the process.","English, Italian","United States","Won 3 Oscars. 28 wins & 16 nominations total","https://m.media-amazon.com/images/M/MV5BNTgwZmIzMmYtZjE3Yy00NzgzLTgxNmUtNjlmZDlkMzlhOTJkXkEyXkFqcGdeQXVyNjUwNzk3NDc@._V1_SX300.jpg","87%",8,"2022-06-26","Midnight Cowboy","https://www.imdb.com/title/tt0064665/","movie",7.8,113,1969,"Drama",116451,"1969-05-25","John Schlesinger","2022-04-07",NA,NA,"1960s","Yes"
"tt0036868","Robert E. Sherwood, MacKinlay Kantor","Myrna Loy, Dana Andrews, Fredric March","Three World War II veterans, two of them traumatized or disabled, return home to the American midwest to discover that they and their families have been irreparably changed.","English","United States","Won 8 Oscars. 21 wins & 3 nominations total","https://m.media-amazon.com/images/M/MV5BY2RmNTRjYzctODI4Ni00MzQyLWEyNTAtNjU0N2JkMTNhNjJkXkEyXkFqcGdeQXVyNjU0OTQ0OTY@._V1_SX300.jpg","98%",9,"2022-03-26","The Best Years of Our Lives","https://www.imdb.com/title/tt0036868/","movie",8.1,170,1946,"Drama, Romance, War",68153,"1946-11-21","William Wyler",NA,NA,"Prime","1940s","Yes"
"tt0036775","Billy Wilder, Raymond Chandler, James M. Cain","Fred MacMurray, Barbara Stanwyck, Edward G. Robinson","A Los Angeles insurance representative lets an alluring housewife seduce him into a scheme of insurance fraud and murder that arouses the suspicion of his colleague, an insurance investigator.","English","United States","Nominated for 7 Oscars. 2 wins & 9 nominations total","https://m.media-amazon.com/images/M/MV5BZGRiNGQ0NzUtZjczMS00ZjIzLWI4NjAtY2ZiNTM2MGQxZGFiXkEyXkFqcGdeQXVyMzg1ODEwNQ@@._V1_SX300.jpg","97%",9,"2022-11-13","Double Indemnity","https://www.imdb.com/title/tt0036775/","movie",8.3,107,1944,"Crime, Drama, Film-Noir, Mystery, Thriller",162822,"1944-04-24","Billy Wilder",NA,NA,NA,"1940s","Yes"
"tt0059113","Boris Pasternak, Robert Bolt","Omar Sharif, Julie Christie, Geraldine Chaplin","The life of a Russian physician and poet who, although married to another, falls in love with a political activist's wife and experiences hardship during World War I and then the October Revolution.","English, Russian, French","Italy, United Kingdom, United States","Won 5 Oscars. 21 wins & 13 nominations total","https://m.media-amazon.com/images/M/MV5BNzdmZTk4MTktZmExNi00OWEwLTgxZDctNTE4NWMwNjc1Nzg2XkEyXkFqcGdeQXVyNjc1NTYyMjg@._V1_SX300.jpg","84%",7,"2022-03-15","Doctor Zhivago","https://www.imdb.com/title/tt0059113/","movie",7.9,197,1965,"Drama, Romance, War",80150,"1965-12-22","David Lean",NA,NA,NA,"1960s","Yes"
"tt0053125","Ernest Lehman","Cary Grant, Eva Marie Saint, James Mason","A New York City advertising executive goes on the run after being mistaken for a government agent by a group of foreign spies, and falls for a woman whose loyalties he begins to doubt.","English, French","United States","Nominated for 3 Oscars. 8 wins & 10 nominations total","https://m.media-amazon.com/images/M/MV5BZDA3NDExMTUtMDlhOC00MmQ5LWExZGUtYmI1NGVlZWI4OWNiXkEyXkFqcGdeQXVyNjc1NTYyMjg@._V1_SX300.jpg","97%",8,"2021-07-09","North by Northwest","https://www.imdb.com/title/tt0053125/","movie",8.3,136,1959,"Action, Adventure, Mystery, Thriller",338072,"1959-07-01","Alfred Hitchcock",NA,NA,NA,"1950s","Yes"
"tt0055614","Ernest Lehman, Arthur Laurents, Jerome Robbins","Natalie Wood, George Chakiris, Richard Beymer","Two youngsters from rival New York City gangs fall in love, but tensions between their respective friends build toward tragedy.","English, Spanish","United States","Won 10 Oscars. 28 wins & 10 nominations total","https://m.media-amazon.com/images/M/MV5BMTM0NDAxOTI5MF5BMl5BanBnXkFtZTcwNjI4Mjg3NA@@._V1_SX300.jpg","93%",8,"2021-12-29","West Side Story","https://www.imdb.com/title/tt0055614/","movie",7.6,153,1961,"Crime, Drama, Musical, Romance",118429,"1961-10-18","Jerome Robbins, Robert Wise","2021-12-18",NA,"Prime","1960s","Yes"
"tt0047396","John Michael Hayes, Cornell Woolrich","James Stewart, Grace Kelly, Wendell Corey","A wheelchair-bound photographer spies on his neighbors from his Greenwich Village courtyard apartment window, and becomes convinced one of them has committed murder, despite the skepticism of his fashion-model girlfriend.","English","United States","Nominated for 4 Oscars. 6 wins & 13 nominations total","https://m.media-amazon.com/images/M/MV5BNGUxYWM3M2MtMGM3Mi00ZmRiLWE0NGQtZjE5ODI2OTJhNTU0XkEyXkFqcGdeQXVyMTQxNzMzNDI@._V1_SX300.jpg","98%",9,"2021-07-09","Rear Window","https://www.imdb.com/title/tt0047396/","movie",8.5,112,1954,"Mystery, Thriller",507719,"1954-08-01","Alfred Hitchcock",NA,NA,NA,"1950s","Yes"
"tt0024216","James Ashmore Creelman, Ruth Rose, Merian C. Cooper","Fay Wray, Robert Armstrong, Bruce Cabot","A film crew goes to a tropical island for an exotic location shoot and discovers a colossal ape who takes a shine to their female blonde star. He is then captured and brought back to New York City for public exhibition.","English","United States","3 wins & 7 nominations","https://m.media-amazon.com/images/M/MV5BZTY3YjYxZGQtMTM2YS00ZmYwLWFlM2QtOWFlMTU1NTAyZDQ2XkEyXkFqcGdeQXVyNTgyNTA4MjM@._V1_SX300.jpg","98%",8,"2021-07-09","King Kong","https://www.imdb.com/title/tt0024216/","movie",7.9,100,1933,"Adventure, Horror, Sci-Fi",88695,"1933-03-02","Ernest B. Schoedsack, Merian C. Cooper","2023-04-26",NA,NA,"1930s","Yes"
"tt0004972","Thomas Dixon Jr., D.W. Griffith, Frank E. Woods","Lillian Gish, Mae Marsh, Henry B. Walthall","The Stoneman family finds its friendship with the Camerons affected by the Civil War, both fighting in opposite armies. The development of the war in their lives plays through to Lincoln's assassination and the birth of the Ku Klux K","None","United States","2 wins","https://m.media-amazon.com/images/M/MV5BNWZlNjg5ZTYtM2JiMi00MDZkLTlmOWQtYmMzMGY2NDc0NjdjXkEyXkFqcGdeQXVyMzg1ODEwNQ@@._V1_SX300.jpg","93%",NA,NA,NA,NA,NA,NA,NA,NA,NA,NA,NA,NA,NA,NA,NA,"NAs","No"
"tt0044081","Tennessee Williams, Oscar Saul","Vivien Leigh, Marlon Brando, Kim Hunter","Disturbed Blanche DuBois moves in with her sister in New Orleans and is tormented by her brutish brother-in-law while her reality crumbles around her.","English, Spanish","United States","Won 4 Oscars. 17 wins & 15 nominations total","https://m.media-amazon.com/images/M/MV5BNzk2M2Y3MzYtNGMzMi00Y2FjLTkwODQtNmExYWU3ZWY3NzExXkEyXkFqcGdeQXVyNTA4NzY1MzY@._V1_SX300.jpg","97%",9,"2021-07-09","A Streetcar Named Desire","https://www.imdb.com/title/tt0044081/","movie",7.9,122,1951,"Drama",112071,"1951-09-09","Elia Kazan",NA,NA,NA,"1950s","Yes"
"tt0066921","Stanley Kubrick, Anthony Burgess","Malcolm McDowell, Patrick Magee, Michael Bates","In the future, a sadistic gang leader is imprisoned and volunteers for a conduct-aversion experiment, but it doesn't go as planned.","English","United Kingdom, United States","Nominated for 4 Oscars. 12 wins & 24 nominations total","https://m.media-amazon.com/images/M/MV5BMTY3MjM1Mzc4N15BMl5BanBnXkFtZTgwODM0NzAxMDE@._V1_SX300.jpg","87%",10,"2021-07-09","A Clockwork Orange","https://www.imdb.com/title/tt0066921/","movie",8.3,136,1971,"Crime, Sci-Fi",857775,"1971-12-19","Stanley Kubrick","2022-04-10",NA,NA,"1970s","Yes"
"tt0075314","Paul Schrader","Robert De Niro, Jodie Foster, Cybill Shepherd","A mentally unstable veteran works as a nighttime taxi driver in New York City, where the perceived decadence and sleaze fuels his urge for violent action.","English, Spanish","United States","Nominated for 4 Oscars. 22 wins & 20 nominations total","https://m.media-amazon.com/images/M/MV5BM2M1MmVhNDgtNmI0YS00ZDNmLTkyNjctNTJiYTQ2N2NmYzc2XkEyXkFqcGdeQXVyNzkwMjQ5NzM@._V1_SX300.jpg","96%",9,"2021-07-09","Taxi Driver","https://www.imdb.com/title/tt0075314/","movie",8.2,114,1976,"Crime, Drama",881732,"1976-02-08","Martin Scorsese",NA,NA,NA,"1970s","Yes"
"tt0073195","Peter Benchley, Carl Gottlieb","Roy Scheider, Robert Shaw, Richard Dreyfuss","When a killer shark unleashes chaos on a beach community off Long Island, it's up to a local sheriff, a marine biologist, and an old seafarer to hunt the beast down.","English","United States","Won 3 Oscars. 15 wins & 20 nominations total","https://m.media-amazon.com/images/M/MV5BMmVmODY1MzEtYTMwZC00MzNhLWFkNDMtZjAwM2EwODUxZTA5XkEyXkFqcGdeQXVyNTAyODkwOQ@@._V1_SX300.jpg","98%",9,"2021-07-09","Jaws","https://www.imdb.com/title/tt0073195/","movie",8.1,124,1975,"Adventure, Mystery, Thriller",637525,"1975-06-20","Steven Spielberg","2021-08-14",NA,NA,"1970s","Yes"
"tt0029583","Jacob Grimm, Wilhelm Grimm, Ted Sears","Adriana Caselotti, Harry Stockwell, Lucille La Verne","Exiled into the dangerous forest by her wicked stepmother, a princess is rescued by seven dwarf miners who make her part of their household.","English","United States","Won 1 Oscar. 11 wins & 6 nominations total","https://m.media-amazon.com/images/M/MV5BMTQwMzE2Mzc4M15BMl5BanBnXkFtZTcwMTE4NTc1Nw@@._V1_SX300.jpg",NA,7,"2021-07-09","Snow White and the Seven Dwarfs","https://www.imdb.com/title/tt0029583/","movie",7.6,83,1937,"Animation, Adventure, Family, Fantasy, Musical, Romance",209177,"1937-12-21","William Cottrell, Ben Sharpsteen, Perce Pearce, David Hand, Wilfred Jackson, Larry Morey",NA,NA,NA,"1930s","Yes"
"tt0064115","William Goldman","Paul Newman, Robert Redford, Katharine Ross","Wyoming, early 1900s. Butch Cassidy and The Sundance Kid are the leaders of a band of outlaws. After a train robbery goes wrong they find themselves on the run with a posse hard on their heels. Their solution - escape to Bolivia.","English, Spanish","United States, Mexico","Won 4 Oscars. 21 wins & 15 nominations total","https://m.media-amazon.com/images/M/MV5BMTkyMTM2NDk5Nl5BMl5BanBnXkFtZTgwNzY1NzEyMDE@._V1_SX300.jpg","89%",8,"2021-07-09","Butch Cassidy and the Sundance Kid","https://www.imdb.com/title/tt0064115/","movie",8,110,1969,"Biography, Crime, Drama, Western",222558,"1969-09-23","George Roy Hill",NA,NA,NA,"1960s","Yes"
"tt0032904","Donald Ogden Stewart, Philip Barry, Waldo Salt","Cary Grant, Katharine Hepburn, James Stewart","When a rich woman's ex-husband and a tabloid-type reporter turn up just before her planned remarriage, she begins to learn the truth about herself.","English, French","United States","Won 2 Oscars. 5 wins & 5 nominations total","https://m.media-amazon.com/images/M/MV5BYjQ4ZDA4NGMtMTkwYi00NThiLThhZDUtZTEzNTAxOWYyY2E4XkEyXkFqcGdeQXVyMjUxODE0MDY@._V1_SX300.jpg","100%",8,"2021-07-09","The Philadelphia Story","https://www.imdb.com/title/tt0032904/","movie",7.9,112,1940,"Comedy, Romance",72098,"1940-12-05","George Cukor","2021-08-17",NA,NA,"1940s","Yes"
"tt0045793","Daniel Taradash, James Jones","Burt Lancaster, Montgomery Clift, Deborah Kerr","At a U.S. Army base in 1941 Hawaii, a private is cruelly punished for not boxing on his unit's team, while his commanding officer's wife and top aide begin a tentative affair.","English","United States","Won 8 Oscars. 25 wins & 9 nominations total","https://m.media-amazon.com/images/M/MV5BM2U3YzkxNGMtYWE0YS00ODk0LTk1ZGEtNjk3ZTE0MTk4MzJjXkEyXkFqcGdeQXVyNDk0MDg4NDk@._V1_SX300.jpg","90%",8,"2023-05-23","From Here to Eternity","https://www.imdb.com/title/tt0045793/","movie",7.6,118,1953,"Drama, Romance, War",49424,"1953-08-05","Fred Zinnemann",NA,NA,NA,"1950s","Yes"
"tt0086879","Peter Shaffer, Zdenek Mahler","F. Murray Abraham, Tom Hulce, Elizabeth Berridge","The life, success and troubles of Wolfgang Amadeus Mozart, as told by Antonio Salieri, the contemporaneous composer who was insanely jealous of Mozart's talent and claimed to have murdered him.","English, Italian, Latin, German","United States, France","Won 8 Oscars. 43 wins & 15 nominations total","https://m.media-amazon.com/images/M/MV5BNWJlNzUzNGMtYTAwMS00ZjI2LWFmNWQtODcxNWUxODA5YmU1XkEyXkFqcGdeQXVyNTIzOTk5ODM@._V1_SX300.jpg","93%",8,"2021-07-09","Amadeus","https://www.imdb.com/title/tt0086879/","movie",8.4,160,1984,"Biography, Drama, Music",415494,"1984-09-06","Milos Forman",NA,NA,"Prime","1980s","Yes"
"tt0020629","Erich Maria Remarque, Maxwell Anderson, George Abbott","Lew Ayres, Louis Wolheim, John Wray","A German youth eagerly enters World War I, but his enthusiasm wanes as he gets a firsthand view of the horror.","English, French, German, Latin","United States","Won 2 Oscars. 7 wins & 2 nominations total","https://m.media-amazon.com/images/M/MV5BMzg2MWQ4MDEtOGZlNi00MTg0LWIwMjQtYWY5NTQwYmUzMWNmXkEyXkFqcGdeQXVyMzg2MzE2OTE@._V1_SX300.jpg","98%",8,"2022-11-06","All Quiet on the Western Front","https://www.imdb.com/title/tt0020629/","movie",8.1,152,1930,"Drama, War",66043,"1930-04-21","Lewis Milestone",NA,NA,NA,"1930s","Yes"
"tt0059742","George Hurdalek, Howard Lindsay, Russel Crouse","Julie Andrews, Christopher Plummer, Eleanor Parker","A young novitiate is sent by her convent in 1930s Austria to become a governess to the seven children of a widowed naval officer.","English, German","United States","Won 5 Oscars. 17 wins & 13 nominations total","https://m.media-amazon.com/images/M/MV5BODIxNjhkYjEtYzUyMi00YTNjLWE1YjktNjAyY2I2MWNkNmNmL2ltYWdlL2ltYWdlXkEyXkFqcGdeQXVyMTQxNzMzNDI@._V1_SX300.jpg","83%",9,"2021-07-09","The Sound of Music","https://www.imdb.com/title/tt0059742/","movie",8.1,172,1965,"Biography, Drama, Family, Musical, Romance",248495,"1965-03-02","Robert Wise","2022-07-05",NA,NA,"1960s","Yes"
"tt0066026","Richard Hooker, Ring Lardner Jr.","Donald Sutherland, Elliott Gould, Tom Skerritt","The staff of a Korean War field hospital use humor and high jinks to keep their sanity in the face of the horror of war.","English, Japanese, Korean","United States","Won 1 Oscar. 14 wins & 24 nominations total","https://m.media-amazon.com/images/M/MV5BMjNjM2NlN2MtOWYyOS00NmY5LThhYjMtMDc1Y2U4OTU4MDNjXkEyXkFqcGdeQXVyMjMwNDgzNjc@._V1_SX300.jpg","84%",NA,NA,"M*A*S*H","https://www.imdb.com/title/tt0066026/","movie",7.4,116,1970,"Comedy, Drama, War",75382,"1970-01-25","Robert Altman",NA,NA,NA,"1970s","No"
"tt0041959","Graham Greene, Orson Welles, Alexander Korda","Orson Welles, Joseph Cotten, Alida Valli","Pulp novelist Holly Martins travels to shadowy, postwar Vienna, only to find himself investigating the mysterious death of an old friend, Harry Lime.","English, German, Russian, French","United Kingdom","Won 1 Oscar. 5 wins & 4 nominations total","https://m.media-amazon.com/images/M/MV5BY2Y3OGIwNTgtYTlmMy00MDg0LWE4MTQtZDE2ODQ3ZThmNGYwXkEyXkFqcGdeQXVyNDQzMDg4Nzk@._V1_SX300.jpg","99%",8,"2022-01-01","The Third Man","https://www.imdb.com/title/tt0041959/","movie",8.1,104,1949,"Film-Noir, Mystery, Thriller",177261,"1949-09-01","Carol Reed",NA,NA,NA,"1940s","Yes"
"tt0032455","Joe Grant, Dick Huemer, Lee Blair","Leopold Stokowski, Deems Taylor, The Philadelphia Orchestra","A collection of animated interpretations of great works of Western classical music, ranging from the abstract to depictions of mythology and fantasy, and settings including the prehistoric, supernatural and sacred.","English","United States","Won 2 Oscars. 8 wins & 1 nomination total","https://m.media-amazon.com/images/M/MV5BMjAxMTI1Njk3OF5BMl5BanBnXkFtZTgwNjkzODk4NTE@._V1_SX300.jpg","95%",8,"2021-07-09","Fantasia","https://www.imdb.com/title/tt0032455/","movie",7.7,124,1940,"Animation, Family, Fantasy, Music, Musical",100929,"1940-11-13","Samuel Armstrong, Ben Sharpsteen, Paul Satterfield, Hamilton Luske, James Algar, Jim Handley, Ford Beebe Jr., David Hand, Wilfred Jackson, T. Hee, Norman Ferguson, Bill Roberts",NA,NA,NA,"1940s","Yes"
"tt0048545","Stewart Stern, Irving Shulman, Nicholas Ray","James Dean, Natalie Wood, Sal Mineo","A rebellious young man with a troubled past comes to a new town, finding friends and enemies.","English","United States","Nominated for 3 Oscars. 3 wins & 7 nominations total","https://m.media-amazon.com/images/M/MV5BMTg2ODcxOTU1OV5BMl5BanBnXkFtZTgwNzA3ODI1MDE@._V1_SX300.jpg","92%",8,"2021-07-09","Rebel Without a Cause","https://www.imdb.com/title/tt0048545/","movie",7.6,111,1955,"Drama",95310,"1955-10-26","Nicholas Ray",NA,NA,"Prime","1950s","Yes"
"tt0082971","Lawrence Kasdan, George Lucas, Philip Kaufman","Harrison Ford, Karen Allen, Paul Freeman","In 1936, archaeologist and adventurer Indiana Jones is hired by the U.S. government to find the Ark of the Covenant before Adolf Hitler's Nazis can obtain its awesome powers.","English, German, Hebrew, Spanish, Arabic, Nepali","United States","Won 5 Oscars. 37 wins & 24 nominations total","https://m.media-amazon.com/images/M/MV5BMjA0ODEzMTc1Nl5BMl5BanBnXkFtZTcwODM2MjAxNA@@._V1_SX300.jpg","95%",9,"2021-07-09","Raiders of the Lost Ark","https://www.imdb.com/title/tt0082971/","movie",8.4,115,1981,"Action, Adventure",1010457,"1981-06-12","Steven Spielberg",NA,NA,NA,"1980s","Yes"
"tt0052357","Alec Coppel, Samuel A. Taylor, Pierre Boileau","James Stewart, Kim Novak, Barbara Bel Geddes","A former San Francisco police detective juggles wrestling with his personal demons and becoming obsessed with the hauntingly beautiful woman he has been hired to trail, who may be deeply disturbed.","English","United States","Nominated for 2 Oscars. 8 wins & 7 nominations total","https://m.media-amazon.com/images/M/MV5BYTE4ODEwZDUtNDFjOC00NjAxLWEzYTQtYTI1NGVmZmFlNjdiL2ltYWdlL2ltYWdlXkEyXkFqcGdeQXVyNjc1NTYyMjg@._V1_SX300.jpg","94%",8,"2021-07-09","Vertigo","https://www.imdb.com/title/tt0052357/","movie",8.3,128,1958,"Mystery, Romance, Thriller",415572,"1958-05-09","Alfred Hitchcock",NA,NA,NA,"1950s","Yes"
"tt0084805","Don McGuire, Larry Gelbart, Murray Schisgal","Dustin Hoffman, Jessica Lange, Teri Garr","Michael Dorsey, an unsuccessful actor, disguises himself as a woman in order to get a role on a trashy hospital soap.","English","United States","Won 1 Oscar. 25 wins & 30 nominations total","https://m.media-amazon.com/images/M/MV5BMTY4MGJjMTktNGM4Ni00ODliLWJlYjQtNjc4NmY2NjQ3NzEzXkEyXkFqcGdeQXVyMTA0MjU0Ng@@._V1_SX300.jpg","90%",NA,NA,"Tootsie","https://www.imdb.com/title/tt0084805/","movie",7.4,116,1982,"Comedy, Drama, Romance",111829,"1982-12-01","Sydney Pollack",NA,NA,NA,"1980s","No"
"tt0031971","Ernest Haycox, Dudley Nichols, Ben Hecht","John Wayne, Claire Trevor, Andy Devine","A group of people traveling on a stagecoach find their journey complicated by the threat of Geronimo and learn something about each other in the process.","English, Spanish, French","United States","Won 2 Oscars. 8 wins & 7 nominations total","https://m.media-amazon.com/images/M/MV5BOGQ4NDUyNWQtZTEyOC00OTMzLWFhYjAtNDNmYmQ2MWQyMTRmXkEyXkFqcGdeQXVyNTA4NzY1MzY@._V1_SX300.jpg","100%",7,"2022-03-29","Stagecoach","https://www.imdb.com/title/tt0031971/","movie",7.8,96,1939,"Adventure, Drama, Western",51925,"1939-02-02","John Ford",NA,NA,"Prime","1930s","Yes"
"tt0075860","Steven Spielberg, Hal Barwood, Jerry Belson","Richard Dreyfuss, François Truffaut, Teri Garr","Roy Neary, an Indiana electric lineman, finds his quiet and ordinary daily life turned upside down after a close encounter with a UFO, spurring him to an obsessed cross-country quest for answers as a momentous event approaches.","English, French, Spanish, Hindi","United States, United Kingdom","Won 2 Oscars. 15 wins & 39 nominations total","https://m.media-amazon.com/images/M/MV5BMjM1NjE5NjQxN15BMl5BanBnXkFtZTgwMjYzMzQxMDE@._V1_SX300.jpg","94%",8,"2021-08-14","Close Encounters of the Third Kind","https://www.imdb.com/title/tt0075860/","movie",7.6,138,1977,"Drama, Sci-Fi",210961,"1977-11-15","Steven Spielberg",NA,NA,NA,"1970s","Yes"
"tt0102926","Thomas Harris, Ted Tally","Jodie Foster, Anthony Hopkins, Lawrence A. Bonney","A young F.B.I. cadet must receive the help of an incarcerated and manipulative cannibal killer to help catch another serial killer, a madman who skins his victims.","English, Latin","United States","Won 5 Oscars. 69 wins & 51 nominations total","https://m.media-amazon.com/images/M/MV5BNjNhZTk0ZmEtNjJhMi00YzFlLWE1MmEtYzM1M2ZmMGMwMTU4XkEyXkFqcGdeQXVyNjU0OTQ0OTY@._V1_SX300.jpg","96%",9,"2021-07-09","The Silence of the Lambs","https://www.imdb.com/title/tt0102926/","movie",8.6,118,1991,"Crime, Drama, Thriller",1488980,"1991-01-30","Jonathan Demme",NA,NA,NA,"1990s","Yes"
"tt0074958","Paddy Chayefsky","Faye Dunaway, William Holden, Peter Finch","A television network cynically exploits a deranged former anchor's ravings and revelations about the news media for its own profit, but finds that his message may be difficult to control.","English","United States","Won 4 Oscars. 20 wins & 26 nominations total","https://m.media-amazon.com/images/M/MV5BZGNjYjM2MzItZGQzZi00NmY3LTgxOGUtMTQ2MWQxNWQ2MmMwXkEyXkFqcGdeQXVyNzM0MTUwNTY@._V1_SX300.jpg","92%",9,"2022-02-14","Network","https://www.imdb.com/title/tt0074958/","movie",8.1,121,1976,"Drama",165302,"1976-11-14","Sidney Lumet",NA,NA,NA,"1970s","Yes"
"tt0056218","Richard Condon, George Axelrod, John Frankenheimer","Frank Sinatra, Laurence Harvey, Janet Leigh","An American POW in the Korean War is brainwashed as an unwitting assassin for an international Communist conspiracy.","English, Spanish","United States","Nominated for 2 Oscars. 5 wins & 8 nominations total","https://m.media-amazon.com/images/M/MV5BOTY0ZTA1ZjUtN2MyNi00ZGRmLWExYmMtOTkyNzI1NGQ2Y2RlXkEyXkFqcGdeQXVyNjc1NTYyMjg@._V1_SX300.jpg","97%",10,"2023-03-05","The Manchurian Candidate","https://www.imdb.com/title/tt0056218/","movie",7.9,126,1962,"Drama, Thriller",77888,"1962-10-24","John Frankenheimer","2023-03-05",NA,"Prime","1960s","Yes"
"tt0043278","Alan Jay Lerner","Gene Kelly, Leslie Caron, Oscar Levant","Three friends struggle to find work in Paris. Things become more complicated when two of them fall in love with the same woman.","English, French, German","United States","Won 6 Oscars. 10 wins & 7 nominations total","https://m.media-amazon.com/images/M/MV5BMzFkNGM0YTUtZjY5Ny00NzBkLWE1NTAtYzUxNjUyZmJlODMwL2ltYWdlL2ltYWdlXkEyXkFqcGdeQXVyNjc1NTYyMjg@._V1_SX300.jpg","96%",6,"2021-07-09","An American in Paris","https://www.imdb.com/title/tt0043278/","movie",7.2,114,1951,"Drama, Musical, Romance",35753,"1951-08-26","Vincente Minnelli",NA,NA,NA,"1950s","Yes"
"tt0046303","A.B. Guthrie Jr., Jack Sher, Jack Schaefer","Alan Ladd, Jean Arthur, Van Heflin","A weary gunfighter in 1880s Wyoming begins to envision a quieter life after befriending a homestead family with a young son who idolizes him, but a smoldering range war forces him to act.","English","United States","Won 1 Oscar. 6 wins & 12 nominations total","https://m.media-amazon.com/images/M/MV5BYzMzZmJjZGItMjY2OC00ZDcxLWI1YjQtMTU1MjQwN2NlNzIyXkEyXkFqcGdeQXVyMDI2NDg0NQ@@._V1_SX300.jpg","97%",NA,NA,"Shane","https://www.imdb.com/title/tt0046303/","movie",7.6,118,1953,"Drama, Western",42968,"1953-04-23","George Stevens",NA,NA,NA,"1950s","No"
"tt0067116","Ernest Tidyman, Robin Moore","Gene Hackman, Roy Scheider, Fernando Rey","A pair of NYPD detectives in the Narcotics Bureau stumble onto a heroin smuggling ring based in Marseilles, but stopping them and capturing their leaders proves an elusive goal.","English, French","United States","Won 5 Oscars. 22 wins & 12 nominations total","https://m.media-amazon.com/images/M/MV5BOTZhY2E3NmItMGIwNi00OTA2LThkYmEtODFiZTM0NGI0ZWU5XkEyXkFqcGdeQXVyNTc1NTQxODI@._V1_SX300.jpg","98%",NA,NA,"The French Connection","https://www.imdb.com/title/tt0067116/","movie",7.7,104,1971,"Action, Crime, Drama, Thriller",130301,"1971-10-07","William Friedkin",NA,NA,NA,"1970s","No"
"tt0109830","Winston Groom, Eric Roth","Tom Hanks, Robin Wright, Gary Sinise","The presidencies of Kennedy and Johnson, the Vietnam War, the Watergate scandal and other historical events unfold from the perspective of an Alabama man with an IQ of 75, whose only desire is to be reunited with his childhood sweeth","English","United States","Won 6 Oscars. 50 wins & 75 nominations total","https://m.media-amazon.com/images/M/MV5BNWIwODRlZTUtY2U3ZS00Yzg1LWJhNzYtMmZiYmEyNmU1NjMzXkEyXkFqcGdeQXVyMTQxNzMzNDI@._V1_SX300.jpg","71%",8,"2021-07-09","Forrest Gump","https://www.imdb.com/title/tt0109830/","movie",8.8,142,1994,"Drama, Romance",2171320,"1994-06-23","Robert Zemeckis",NA,NA,NA,"1990s","Yes"
"tt0052618","Lew Wallace, Karl Tunberg, Gore Vidal","Charlton Heston, Jack Hawkins, Stephen Boyd","After a Jewish prince is betrayed and sent into slavery by a Roman friend in 1st-century Jerusalem, he regains his freedom and comes back for revenge.","English","United States","Won 11 Oscars. 29 wins & 16 nominations total","https://m.media-amazon.com/images/M/MV5BNjgxY2JiZDYtZmMwOC00ZmJjLWJmODUtMTNmNWNmYWI5ODkwL2ltYWdlL2ltYWdlXkEyXkFqcGdeQXVyNjc1NTYyMjg@._V1_SX300.jpg","86%",8,"2021-07-09","Ben-Hur","https://www.imdb.com/title/tt0052618/","movie",8.1,212,1959,"Adventure, Drama",247464,"1959-11-18","William Wyler",NA,NA,NA,"1950s","Yes"
"tt0032145","Charles MacArthur, Ben Hecht, Emily Brontë","Merle Oberon, Laurence Olivier, David Niven","A servant in the house of Wuthering Heights tells a traveler the unfortunate tale of lovers Cathy and Heathcliff.","English","United States","Won 1 Oscar. 8 wins & 8 nominations total","https://m.media-amazon.com/images/M/MV5BMDAxZDkzNTktYzQyMi00YmRlLWFmYWQtY2Q4ZTQyMGFlMzNmL2ltYWdlL2ltYWdlXkEyXkFqcGdeQXVyNjc1NTYyMjg@._V1_SX300.jpg","96%",8,"2021-07-09","Wuthering Heights","https://www.imdb.com/title/tt0032145/","movie",7.5,104,1939,"Drama, Romance",19144,"1939-03-24","William Wyler",NA,NA,"Prime","1930s","Yes"
"tt0015864","Charles Chaplin","Charles Chaplin, Mack Swain, Tom Murray","A prospector goes to the Klondike during the 1890s gold rush in hopes of making his fortune, and is smitten with a girl he sees in a dance hall.","English","United States","Nominated for 2 Oscars. 3 wins & 3 nominations total","https://m.media-amazon.com/images/M/MV5BZjEyOTE4MzMtNmMzMy00Mzc3LWJlOTQtOGJiNDE0ZmJiOTU4L2ltYWdlXkEyXkFqcGdeQXVyNTAyODkwOQ@@._V1_SX300.jpg","100%",NA,NA,"The Gold Rush","https://www.imdb.com/title/tt0015864/","movie",8.1,95,1925,"Adventure, Comedy, Drama, Romance, Western",115394,"1925-06-26","Charles Chaplin",NA,NA,NA,"1920s","No"
"tt0099348","Michael Blake","Kevin Costner, Mary McDonnell, Graham Greene","Lieutenant John Dunbar, assigned to a remote western Civil War outpost, befriends wolves and Native Americans, making him an intolerable aberration in the military.","English, Sioux, Pawnee","United States, United Kingdom","Won 7 Oscars. 51 wins & 38 nominations total","https://m.media-amazon.com/images/M/MV5BMTY3OTI5NDczN15BMl5BanBnXkFtZTcwNDA0NDY3Mw@@._V1_SX300.jpg","83%",7,"2021-07-15","Dances with Wolves","https://www.imdb.com/title/tt0099348/","movie",8,181,1990,"Adventure, Drama, Western",280804,"1990-10-19","Kevin Costner",NA,NA,"Prime","1990s","Yes"
"tt0021749","Charles Chaplin, Harry Carr, Harry Crocker","Charles Chaplin, Virginia Cherrill, Florence Lee","With the aid of a wealthy erratic tippler, a dewy-eyed tramp who has fallen in love with a sightless flower girl accumulates money to be able to help her medically.","None, English","United States","3 wins","https://m.media-amazon.com/images/M/MV5BY2I4MmM1N2EtM2YzOS00OWUzLTkzYzctNDc5NDg2N2IyODJmXkEyXkFqcGdeQXVyNzkwMjQ5NzM@._V1_SX300.jpg","96%",NA,NA,NA,NA,NA,NA,NA,NA,NA,NA,NA,NA,NA,NA,NA,"NAs","No"
"tt0069704","George Lucas, Gloria Katz, Willard Huyck","Richard Dreyfuss, Ron Howard, Paul Le Mat","A group of teenagers in California's central valley spend one final night after their 1962 high school graduation cruising the strip with their buddies before they pursue their varying goals.","English","United States","Nominated for 5 Oscars. 9 wins & 13 nominations total","https://m.media-amazon.com/images/M/MV5BMjI5NjM5MjIyNF5BMl5BanBnXkFtZTgwNjg2MTUxMDE@._V1_SX300.jpg","96%",8,"2023-08-15","American Graffiti","https://www.imdb.com/title/tt0069704/","movie",7.4,110,1973,"Comedy, Drama",95572,"1973-07-27","George Lucas",NA,NA,NA,"1970s","Yes"
"tt0075148","Sylvester Stallone","Sylvester Stallone, Talia Shire, Burt Young","A small-time Philadelphia boxer gets a supremely rare chance to fight the world heavyweight champion in a bout in which he strives to go the distance for his self-respect.","English","United States","Won 3 Oscars. 20 wins & 22 nominations total","https://m.media-amazon.com/images/M/MV5BMTY5MDMzODUyOF5BMl5BanBnXkFtZTcwMTQ3NTMyNA@@._V1_SX300.jpg","93%",8,"2021-07-09","Rocky","https://www.imdb.com/title/tt0075148/","movie",8.1,120,1976,"Drama, Sport",607835,"1976-11-20","John G. Avildsen",NA,NA,NA,"1970s","Yes"
"tt0077416","Michael Cimino, Deric Washburn, Louis Garfinkle","Robert De Niro, Christopher Walken, John Cazale","An in-depth examination of the ways in which the Vietnam War impacts and disrupts the lives of several friends in a small steel mill town in Pennsylvania.","English, Vietnamese, French, Russian, Cantonese","United States, United Kingdom","Won 5 Oscars. 24 wins & 27 nominations total","https://m.media-amazon.com/images/M/MV5BNDhmNTA0ZDMtYjhkNS00NzEzLWIzYTItOGNkMTVmYjE2YmI3XkEyXkFqcGdeQXVyNzkwMjQ5NzM@._V1_SX300.jpg","91%",7,"2022-05-29","The Deer Hunter","https://www.imdb.com/title/tt0077416/","movie",8.1,183,1978,"Drama, War",350637,"1978-12-08","Michael Cimino",NA,NA,NA,"1970s","Yes"
"tt0065214","Walon Green, Sam Peckinpah, Roy N. Sickner","William Holden, Ernest Borgnine, Robert Ryan","An aging group of outlaws look for one last big score as the ""traditional"" American West is disappearing around them.","English, Spanish, German","United States","Nominated for 2 Oscars. 6 wins & 8 nominations total","https://m.media-amazon.com/images/M/MV5BNGUyYTZmOWItMDJhMi00N2IxLWIyNDMtNjUxM2ZiYmU5YWU1XkEyXkFqcGdeQXVyNjc1NTYyMjg@._V1_SX300.jpg","90%",8,"2023-07-29","The Wild Bunch","https://www.imdb.com/title/tt0065214/","movie",7.9,145,1969,"Action, Adventure, Drama, Western",88302,"1969-05-01","Sam Peckinpah","2023-07-29",NA,NA,"1960s","Yes"
"tt0027977","Charles Chaplin","Charles Chaplin, Paulette Goddard, Henry Bergman","The Tramp struggles to live in modern industrial society with the help of a young homeless woman.","English","United States","4 wins & 1 nomination","https://m.media-amazon.com/images/M/MV5BYjJiZjMzYzktNjU0NS00OTkxLWEwYzItYzdhYWJjN2QzMTRlL2ltYWdlL2ltYWdlXkEyXkFqcGdeQXVyNjU0OTQ0OTY@._V1_SX300.jpg","98%",NA,NA,NA,NA,NA,NA,NA,NA,NA,NA,NA,NA,NA,NA,NA,"NAs","No"
"tt0049261","Edna Ferber, Fred Guiol, Ivan Moffat","Elizabeth Taylor, Rock Hudson, James Dean","Sprawling epic covering the life of a Texas cattle rancher and his family and associates.","English, Spanish","United States","Won 1 Oscar. 7 wins & 16 nominations total","https://m.media-amazon.com/images/M/MV5BODk3YjdjZTItOGVhYi00Mjc2LTgzMDAtMThmYTVkNTBlMWVkXkEyXkFqcGdeQXVyNDY2MTk1ODk@._V1_SX300.jpg","91%",7,"2021-07-09","Giant","https://www.imdb.com/title/tt0049261/","movie",7.6,201,1956,"Drama, Western",41103,"1956-10-10","George Stevens","2022-07-09",NA,NA,"1950s","Yes"
"tt0091763","Oliver Stone","Charlie Sheen, Tom Berenger, Willem Dafoe","Chris Taylor, a neophyte recruit in Vietnam, finds himself caught in a battle of wills between two sergeants, one good and the other evil. A shrewd examination of the brutality of war and the duality of man in conflict.","English, Vietnamese","United States, United Kingdom","Won 4 Oscars. 24 wins & 15 nominations total","https://m.media-amazon.com/images/M/MV5BNTU3NzY4ODY5MF5BMl5BanBnXkFtZTcwOTkzNzE1NA@@._V1_SX300.jpg","87%",7,"2021-10-14","Platoon","https://www.imdb.com/title/tt0091763/","movie",8.1,120,1986,"Drama, War",427700,"1986-12-19","Oliver Stone",NA,NA,NA,"1980s","Yes"
"tt0116282","Ethan Coen, Joel Coen","William H. Macy, Frances McDormand, Steve Buscemi","Minnesota car salesman Jerry Lundegaard's inept crime falls apart due to his and his henchmen's bungling and the persistent police work of the quite pregnant Marge Gunderson.","English","United States, United Kingdom","Won 2 Oscars. 83 wins & 58 nominations total","https://m.media-amazon.com/images/M/MV5BNDJiZDgyZjctYmRjMS00ZjdkLTkwMTEtNGU1NDg3NDQ0Yzk1XkEyXkFqcGdeQXVyNzkwMjQ5NzM@._V1_SX300.jpg","94%",8,"2021-07-11","Fargo","https://www.imdb.com/title/tt0116282/","movie",8.1,98,1996,"Crime, Thriller",701094,"1996-03-08","Ethan Coen, Joel Coen","2021-08-21",NA,NA,"1990s","Yes"
"tt0023969","Bert Kalmar, Harry Ruby, Arthur Sheekman","Groucho Marx, Harpo Marx, Chico Marx","Rufus T. Firefly is named the dictator of bankrupt Freedonia and declares war on neighboring Sylvania over the love of his wealthy backer Mrs. Teasdale, contending with two inept spies who can't seem to keep straight which side they'","English","United States","2 wins & 2 nominations","https://m.media-amazon.com/images/M/MV5BYmYxZGU2NWYtNzQxZS00NmEyLWIzN2YtMDk5MWM0ODc5ZTE4XkEyXkFqcGdeQXVyNTA4NzY1MzY@._V1_SX300.jpg","91%",NA,NA,"Duck Soup","https://www.imdb.com/title/tt0023969/","movie",7.8,69,1933,"Comedy, Musical",61755,"1933-11-15","Leo McCarey",NA,NA,NA,"1930s","No"
"tt0026752","Talbot Jennings, Jules Furthman, Carey Wilson","Charles Laughton, Clark Gable, Franchot Tone","First mate Fletcher Christian leads a revolt against his sadistic commander, Captain Bligh, in this classic seafaring adventure, based on the real-life 1789 mutiny.","English, Polynesian","United States","Won 1 Oscar. 3 wins & 7 nominations total","https://m.media-amazon.com/images/M/MV5BNmRhZWU4MTAtNzE0OC00YjIyLTk2MGItMDRjYTc0MTZiNmU1XkEyXkFqcGdeQXVyMTY5Nzc4MDY@._V1_SX300.jpg","93%",7,"2022-02-23","Mutiny on the Bounty","https://www.imdb.com/title/tt0026752/","movie",7.6,132,1935,"Adventure, Biography, Drama, History, Romance",24222,"1935-11-08","Frank Lloyd",NA,NA,NA,"1930s","Yes"
"tt0021884","John L. Balderston, Mary Shelley, Peggy Webling","Colin Clive, Mae Clarke, Boris Karloff","Dr. Frankenstein dares to tamper with life and death by creating a human monster out of lifeless body parts.","English, Latin","United States","4 wins & 3 nominations","https://m.media-amazon.com/images/M/MV5BMTQ0Njc1MjM0OF5BMl5BanBnXkFtZTgwNTY2NTUyMjE@._V1_SX300.jpg","100%",7,"2021-07-09","Frankenstein","https://www.imdb.com/title/tt0021884/","movie",7.8,70,1931,"Drama, Horror, Sci-Fi, Thriller",76448,"1931-11-19","James Whale",NA,NA,NA,"1930s","Yes"
"tt0064276","Peter Fonda, Dennis Hopper, Terry Southern","Peter Fonda, Dennis Hopper, Jack Nicholson","Two bikers head from L.A. to New Orleans through the open country and desert lands, and along the way they meet a man who bridges a counter-culture gap of which they had been unaware.","English, Spanish, Greek, Ancient (to 1453)","United States","Nominated for 2 Oscars. 8 wins & 14 nominations total","https://m.media-amazon.com/images/M/MV5BMTc2MjI2NDc4Ml5BMl5BanBnXkFtZTgwODI4NzU0MTI@._V1_SX300.jpg","83%",NA,NA,"Easy Rider","https://www.imdb.com/title/tt0064276/","movie",7.3,95,1969,"Adventure, Drama",114503,"1969-05-12","Dennis Hopper",NA,NA,NA,"1960s","No"
"tt0066206","Francis Ford Coppola, Edmund H. North, Ladislas Farago","George C. Scott, Karl Malden, Stephen Young","The World War II phase of the career of controversial American general George S. Patton.","English, German, French, Russian, Arabic, Italian","United States","Won 7 Oscars. 24 wins & 8 nominations total","https://m.media-amazon.com/images/M/MV5BMmNhZmJhMmYtNjlkMC00MjhjLTk1NzMtMTNlMzYzNjZlMjNiXkEyXkFqcGdeQXVyMTQxNzMzNDI@._V1_SX300.jpg","94%",NA,NA,"Patton","https://www.imdb.com/title/tt0066206/","movie",7.9,172,1970,"Biography, Drama, War",105914,"1970-02-04","Franklin J. Schaffner",NA,NA,NA,"1970s","No"
"tt0018037","Samson Raphaelson, Alfred A. Cohn, Jack Jarmuth","Al Jolson, May McAvoy, Warner Oland","The son of a Jewish Cantor must defy the traditions of his religious father in order to pursue his dream of becoming a jazz singer.","English","United States","Won 1 Oscar. 3 wins & 1 nomination total","https://m.media-amazon.com/images/M/MV5BOTUxNTk0MjEtZjQ5Yi00ODBhLTlkY2YtMDJhOWZmNDM1YWJkXkEyXkFqcGdeQXVyNjE5MjUyOTM@._V1_SX300.jpg","78%",4,"2023-01-09","The Jazz Singer","https://www.imdb.com/title/tt0018037/","movie",6.4,88,1927,"Drama, Music, Musical, Romance",10722,"1927-10-06","Alan Crosland",NA,NA,"Prime Rentals","1920s","Yes"
"tt0058385","Alan Jay Lerner, George Bernard Shaw","Audrey Hepburn, Rex Harrison, Stanley Holloway","In 1910s London, snobbish phonetics professor Henry Higgins agrees to a wager that he can make crude flower girl Eliza Doolittle presentable in high society.","English","United States","Won 8 Oscars. 25 wins & 13 nominations total","https://m.media-amazon.com/images/M/MV5BNGM0ZTU3NmItZmRmMy00YWNjLWEzMWItYzg3MzcwZmM5NjdiXkEyXkFqcGdeQXVyNDYyMDk5MTU@._V1_SX300.jpg","95%",7,"2021-08-10","My Fair Lady","https://www.imdb.com/title/tt0058385/","movie",7.8,170,1964,"Drama, Family, Musical, Romance",99165,"1964-10-21","George Cukor",NA,NA,NA,"1960s","Yes"
"tt0043924","Theodore Dreiser, Patrick Kearney, Michael Wilson","Montgomery Clift, Elizabeth Taylor, Shelley Winters","A poor boy gets a job working for his rich uncle and ends up falling in love with two women.","English","United States","Won 6 Oscars. 15 wins & 10 nominations total","https://m.media-amazon.com/images/M/MV5BMmNjMjE2ZDMtODQzYS00ZDc2LTk0ODgtNjI1NTNhZWI5MmE0XkEyXkFqcGdeQXVyNjUwNzk3NDc@._V1_SX300.jpg","81%",9,"2022-10-16","A Place in the Sun","https://www.imdb.com/title/tt0043924/","movie",7.7,122,1951,"Drama, Romance",23942,"1951-04-05","George Stevens","2022-10-12",NA,NA,"1950s","Yes"
"tt0053604","Billy Wilder, I.A.L. Diamond","Jack Lemmon, Shirley MacLaine, Fred MacMurray","A Manhattan insurance clerk tries to rise in his company by letting its executives use his apartment for trysts, but complications and a romance of his own ensue.","English","United States","Won 5 Oscars. 24 wins & 8 nominations total","https://m.media-amazon.com/images/M/MV5BNzkwODFjNzItMmMwNi00MTU5LWE2MzktM2M4ZDczZGM1MmViXkEyXkFqcGdeQXVyNDY2MTk1ODk@._V1_SX300.jpg","93%",8,"2021-07-09","The Apartment","https://www.imdb.com/title/tt0053604/","movie",8.3,125,1960,"Comedy, Drama, Romance",189473,"1960-06-15","Billy Wilder",NA,NA,"Prime","1960s","Yes"
"tt0099685","Nicholas Pileggi, Martin Scorsese","Robert De Niro, Ray Liotta, Joe Pesci","The story of Henry Hill and his life in the mob, covering his relationship with his wife Karen Hill and his mob partners Jimmy Conway and Tommy DeVito in the Italian-American crime syndicate.","English, Italian","United States","Won 1 Oscar. 44 wins & 38 nominations total","https://m.media-amazon.com/images/M/MV5BY2NkZjEzMDgtN2RjYy00YzM1LWI4ZmQtMjIwYjFjNmI3ZGEwXkEyXkFqcGdeQXVyNzkwMjQ5NzM@._V1_SX300.jpg","96%",9,"2021-08-07","Goodfellas","https://www.imdb.com/title/tt0099685/","movie",8.7,145,1990,"Biography, Crime, Drama",1211122,"1990-09-09","Martin Scorsese","2021-08-14",NA,NA,"1990s","Yes"
"tt0110912","Quentin Tarantino, Roger Avary","John Travolta, Uma Thurman, Samuel L. Jackson","The lives of two mob hitmen, a boxer, a gangster and his wife, and a pair of diner bandits intertwine in four tales of violence and redemption.","English, Spanish, French","United States","Won 1 Oscar. 70 wins & 75 nominations total","https://m.media-amazon.com/images/M/MV5BNGNhMDIzZTUtNTBlZi00MTRlLWFjM2ItYzViMjE3YzI5MjljXkEyXkFqcGdeQXVyNzkwMjQ5NzM@._V1_SX300.jpg","92%",8,"2021-07-09","Pulp Fiction","https://www.imdb.com/title/tt0110912/","movie",8.9,154,1994,"Crime, Drama",2141271,"1994-05-21","Quentin Tarantino",NA,NA,NA,"1990s","Yes"
"tt0049730","Frank S. Nugent, Alan Le May","John Wayne, Jeffrey Hunter, Vera Miles","An American Civil War veteran embarks on a years-long journey to rescue his niece from the Comanches after the rest of his brother's family is massacred in a raid on their Texas farm.","English, Navajo, Spanish","United States","3 wins & 3 nominations","https://m.media-amazon.com/images/M/MV5BYWQ3YWJiMDEtMDBhNS00YjY1LTkzNmEtY2U4Njg4MjQ3YWE3XkEyXkFqcGdeQXVyNzkwMjQ5NzM@._V1_SX300.jpg","96%",NA,NA,"The Searchers","https://www.imdb.com/title/tt0049730/","movie",7.8,119,1956,"Adventure, Drama, Western",93732,"1956-05-16","John Ford",NA,NA,NA,"1950s","No"
"tt0029947","Dudley Nichols, Hagar Wilde","Katharine Hepburn, Cary Grant, Charles Ruggles","While trying to secure a $1 million donation for his museum, a befuddled paleontologist is pursued by a flighty and often irritating heiress and her pet leopard, Baby.","English","United States","2 wins","https://m.media-amazon.com/images/M/MV5BMmVkOTRiYmItZjE4NS00MWNjLWE0ZmMtYzg5YzFjMjMyY2RkXkEyXkFqcGdeQXVyNjc1NTYyMjg@._V1_SX300.jpg","94%",8,"2021-07-09","Bringing Up Baby","https://www.imdb.com/title/tt0029947/","movie",7.8,102,1938,"Comedy",64478,"1938-02-16","Howard Hawks","2022-07-09",NA,NA,"1930s","Yes"
"tt0105695","David Webb Peoples","Clint Eastwood, Gene Hackman, Morgan Freeman","Retired Old West gunslinger William Munny reluctantly takes on one last job, with the help of his old partner Ned Logan and a young man, The ""Schofield Kid.""","English","United States","Won 4 Oscars. 50 wins & 47 nominations total","https://m.media-amazon.com/images/M/MV5BODM3YWY4NmQtN2Y3Ni00OTg0LWFhZGQtZWE3ZWY4MTJlOWU4XkEyXkFqcGdeQXVyNjU0OTQ0OTY@._V1_SX300.jpg","96%",7,"2023-06-29","Unforgiven","https://www.imdb.com/title/tt0105695/","movie",8.2,130,1992,"Drama, Western",425451,"1992-08-03","Clint Eastwood",NA,NA,NA,"1990s","Yes"
"tt0061735","William Rose","Spencer Tracy, Sidney Poitier, Katharine Hepburn","A couple's attitudes are challenged when their daughter introduces them to her African-American fiancé.","English","United States","Won 2 Oscars. 11 wins & 24 nominations total","https://m.media-amazon.com/images/M/MV5BZTVmMTk2NjUtNjVjNC00OTcwLWE4OWEtNzA4Mjk1ZmIwNDExXkEyXkFqcGdeQXVyNjUwNzk3NDc@._V1_SX300.jpg","71%",8,"2021-09-16","Guess Who's Coming to Dinner","https://www.imdb.com/title/tt0061735/","movie",7.8,108,1967,"Comedy, Drama",47585,"1967-12-11","Stanley Kramer","2022-06-30",NA,NA,"1960s","Yes"
"tt0035575","Robert Buckner, Edmund Joseph, Julius J. Epstein","James Cagney, Joan Leslie, Walter Huston","The life of the renowned musical composer, playwright, actor, dancer, and singer George M. Cohan.","English","United States","Won 3 Oscars. 6 wins & 6 nominations total","https://m.media-amazon.com/images/M/MV5BNDQ2MWJjNjUtYmVlNS00YjUzLWFkMDEtYzE2MjkxOTljMmI1XkEyXkFqcGdeQXVyNjc1NTYyMjg@._V1_SX300.jpg","90%",NA,NA,"Yankee Doodle Dandy","https://www.imdb.com/title/tt0035575/","movie",7.6,126,1942,"Biography, Drama, Family, Music, Musical",16541,"1942-05-29","Michael Curtiz",NA,NA,"Prime Rentals","1940s","No"
